2026-08-23T20:02:55Z INF Thank you for trying Cloudflare Tunnel. Doing so, without a Cloudflare account, is a quick way to experiment and try it out. However, be aware that these account-less Tunnels have no uptime guarantee, are subject to the Cloudflare Online Services Terms of Use (https://www.cloudflare.com/website-terms/), and Cloudflare reserves the right to investigate your use of Tunnels for violations of such terms. If you intend to use Tunnels in production you should use a pre-created named tunnel by following: https://developers.cloudflare.com/cloudflare-one/connections/connect-apps
2026-08-23T20:02:55Z INF Requesting new quick Tunnel on trycloudflare.com...
2026-08-23T20:03:01Z INF +--------------------------------------------------------------------------------------------+
2026-08-23T20:03:01Z INF |  Your quick Tunnel has been created! Visit it at (it may take some time to be reachable):  |
2026-08-23T20:03:01Z INF |  https://romance-upload-router-proud.trycloudflare.com                                     |
2026-08-23T20:03:01Z INF +--------------------------------------------------------------------------------------------+
2026-08-23T20:03:01Z INF Cannot determine default configuration path. No file [config.yml config.yaml] in [~/.cloudflared ~/.cloudflare-warp ~/cloudflare-warp /etc/cloudflared /usr/local/etc/cloudflared]
2026-08-23T20:03:01Z INF Version 2026.8.2 (Checksum adcbc5cb319af844a4ce932f4ed656ee8656b1c478faf5001aff4b6166a950ef)
2026-08-23T20:03:01Z INF GOOS: android, GOVersion: go1.26.5, GoArch: arm64
2026-08-23T20:03:01Z INF Settings: map[ha-connections:1 protocol:quic url:http://localhost:5000]
2026-08-23T20:03:01Z INF Autoupdate frequency is set autoupdateFreq=86400000
2026-08-23T20:03:01Z INF Generated Connector ID: 29a060d7-ad4c-48f3-ac0a-6a3385deb160
2026-08-23T20:03:01Z INF Initial protocol quic
2026-08-23T20:03:01Z INF ICMP proxy will use 100.94.215.158 as source for IPv4
2026-08-23T20:03:01Z INF ICMP proxy will use :: as source for IPv6
2026-08-23T20:03:01Z WRN The user running cloudflared process has a GID (group ID) that is not within ping_group_range. You might need to add that user to a group within that range, or instead update the range to encompass a group the user is already in by modifying /proc/sys/net/ipv4/ping_group_range. Otherwise cloudflared will not be able to ping this network error="open /proc/sys/net/ipv4/ping_group_range: permission denied"
2026-08-23T20:03:01Z INF ICMP proxy will use 100.94.215.158 as source for IPv4
2026-08-23T20:03:01Z INF ICMP proxy will use :: as source for IPv6
2026-08-23T20:03:01Z INF Starting metrics server on 127.0.0.1:20241/metrics
2026-08-23T20:03:02Z INF Tunnel connection curve preferences: [X25519MLKEM768 CurveID(65074) CurveP256] connIndex=0 event=0 ip=2606:4700:a0::5
2026-08-23T20:03:02Z INF +-------------------------------------------------------------------------------------+
2026-08-23T20:03:02Z INF |                               CONNECTIVITY PRE-CHECKS                               |
2026-08-23T20:03:02Z INF +-------------------------------------------------------------------------------------+
2026-08-23T20:03:02Z INF |  COMPONENT         TARGET                     STATUS  DETAILS                       |
2026-08-23T20:03:02Z INF |  DNS Resolution    region1.v2.argotunnel.com  PASS    DNS Resolved successfully     |
2026-08-23T20:03:02Z INF |  DNS Resolution    region2.v2.argotunnel.com  PASS    DNS Resolved successfully     |
2026-08-23T20:03:02Z INF |  UDP Connectivity  region1.v2.argotunnel.com  PASS    QUIC connection successful    |
2026-08-23T20:03:02Z INF |  UDP Connectivity  region2.v2.argotunnel.com  PASS    QUIC connection successful    |
2026-08-23T20:03:02Z INF |  TCP Connectivity  region1.v2.argotunnel.com  PASS    HTTP/2 connection successful  |
2026-08-23T20:03:02Z INF |  TCP Connectivity  region2.v2.argotunnel.com  PASS    HTTP/2 connection successful  |
2026-08-23T20:03:02Z INF |  Cloudflare API    api.cloudflare.com:443     PASS    API is reachable              |
2026-08-23T20:03:02Z INF |                                                                                     |
2026-08-23T20:03:02Z INF |  SUMMARY: Environment is healthy. cloudflared will use 'quic' as primary protocol.  |
2026-08-23T20:03:02Z INF +-------------------------------------------------------------------------------------+
2026-08-23T20:03:02Z INF precheck component="DNS Resolution" details="DNS Resolved successfully" run_id=7d52c649-d3f7-4cf2-b63f-2c36915d70c1 status=pass target=region1.v2.argotunnel.com
2026-08-23T20:03:02Z INF precheck component="DNS Resolution" details="DNS Resolved successfully" run_id=7d52c649-d3f7-4cf2-b63f-2c36915d70c1 status=pass target=region2.v2.argotunnel.com
2026-08-23T20:03:02Z INF precheck component="UDP Connectivity" details="QUIC connection successful" run_id=7d52c649-d3f7-4cf2-b63f-2c36915d70c1 status=pass target=region1.v2.argotunnel.com
2026-08-23T20:03:02Z INF precheck component="UDP Connectivity" details="QUIC connection successful" run_id=7d52c649-d3f7-4cf2-b63f-2c36915d70c1 status=pass target=region2.v2.argotunnel.com
2026-08-23T20:03:02Z INF precheck component="TCP Connectivity" details="HTTP/2 connection successful" run_id=7d52c649-d3f7-4cf2-b63f-2c36915d70c1 status=pass target=region1.v2.argotunnel.com
2026-08-23T20:03:02Z INF precheck component="TCP Connectivity" details="HTTP/2 connection successful" run_id=7d52c649-d3f7-4cf2-b63f-2c36915d70c1 status=pass target=region2.v2.argotunnel.com
2026-08-23T20:03:02Z INF precheck component="Cloudflare API" details="API is reachable" run_id=7d52c649-d3f7-4cf2-b63f-2c36915d70c1 status=pass target=api.cloudflare.com:443
2026-08-23T20:03:02Z INF precheck complete hard_fail=false run_id=7d52c649-d3f7-4cf2-b63f-2c36915d70c1 suggested_protocol=quic
2026-08-23T20:03:03Z INF Registered tunnel connection connIndex=0 connection=95e69c48-0142-46d6-85c3-65c97d14f8d5 event=0 ip=2606:4700:a0::5 location=bom03 protocol=quic
2026-08-23T20:32:31Z ERR failed to run the datagram handler error="timeout: no recent network activity" connIndex=0 event=0 ip=2606:4700:a0::5
2026-08-23T20:32:31Z ERR failed to accept incoming stream requests error="failed to accept QUIC stream: timeout: no recent network activity" connIndex=0 event=0 ip=2606:4700:a0::5
2026-08-23T20:32:31Z ERR failed to serve tunnel connection error="datagram manager encountered a failure while serving" connIndex=0 event=0 ip=2606:4700:a0::5
2026-08-23T20:32:31Z ERR Serve tunnel error error="datagram manager encountered a failure while serving" connIndex=0 event=0 ip=2606:4700:a0::5
2026-08-23T20:32:31Z INF Retrying connection in up to 1s connIndex=0 event=0 ip=2606:4700:a0::5
2026-08-23T20:32:32Z INF Tunnel connection curve preferences: [X25519MLKEM768 CurveID(65074) CurveP256] connIndex=0 event=0 ip=2606:4700:a0::5
2026-08-23T20:32:32Z ERR failed to run the datagram handler error="context canceled" connIndex=0 event=0 ip=2606:4700:a0::5
2026-08-23T20:32:32Z ERR failed to serve tunnel connection error="control stream encountered a failure while serving" connIndex=0 event=0 ip=2606:4700:a0::5
2026-08-23T20:32:32Z ERR Serve tunnel error error="control stream encountered a failure while serving" connIndex=0 event=0 ip=2606:4700:a0::5
2026-08-23T20:32:32Z INF Retrying connection in up to 4s connIndex=0 event=0 ip=2606:4700:a0::5
2026-08-23T20:32:33Z INF Tunnel connection curve preferences: [X25519MLKEM768 CurveID(65074) CurveP256] connIndex=0 event=0 ip=2606:4700:a0::5
2026-08-23T20:32:33Z ERR failed to run the datagram handler error="context canceled" connIndex=0 event=0 ip=2606:4700:a0::5
2026-08-23T20:32:33Z ERR failed to serve tunnel connection error="control stream encountered a failure while serving" connIndex=0 event=0 ip=2606:4700:a0::5
2026-08-23T20:32:33Z ERR Serve tunnel error error="control stream encountered a failure while serving" connIndex=0 event=0 ip=2606:4700:a0::5
2026-08-23T20:32:33Z INF Retrying connection in up to 8s connIndex=0 event=0 ip=2606:4700:a0::5
2026-08-23T20:32:41Z INF Tunnel connection curve preferences: [X25519MLKEM768 CurveID(65074) CurveP256] connIndex=0 event=0 ip=2606:4700:a0::5
2026-08-23T20:32:41Z ERR failed to run the datagram handler error="context canceled" connIndex=0 event=0 ip=2606:4700:a0::5
2026-08-23T20:32:41Z ERR failed to serve tunnel connection error="control stream encountered a failure while serving" connIndex=0 event=0 ip=2606:4700:a0::5
2026-08-23T20:32:41Z ERR Serve tunnel error error="control stream encountered a failure while serving" connIndex=0 event=0 ip=2606:4700:a0::5
2026-08-23T20:32:41Z INF Retrying connection in up to 16s connIndex=0 event=0 ip=2606:4700:a0::5
2026-08-23T20:33:45Z INF Tunnel connection curve preferences: [X25519MLKEM768 CurveID(65074) CurveP256] connIndex=0 event=0 ip=2606:4700:a0::5
2026-08-23T20:33:45Z ERR failed to run the datagram handler error="context canceled" connIndex=0 event=0 ip=2606:4700:a0::5
2026-08-23T20:33:45Z ERR failed to serve tunnel connection error="control stream encountered a failure while serving" connIndex=0 event=0 ip=2606:4700:a0::5
2026-08-23T20:33:45Z ERR Serve tunnel error error="control stream encountered a failure while serving" connIndex=0 event=0 ip=2606:4700:a0::5
2026-08-23T20:33:45Z INF Retrying connection in up to 32s connIndex=0 event=0 ip=2606:4700:a0::5
2026-08-24T00:15:43Z INF Tunnel connection curve preferences: [X25519MLKEM768 CurveID(65074) CurveP256] connIndex=0 event=0 ip=2606:4700:a0::5
2026-08-24T00:15:43Z ERR Failed to refresh DNS local resolver error="lookup region1.v2.argotunnel.com on 8.8.4.4:53: dial udp 8.8.4.4:53: connect: network is unreachable"
2026-08-24T00:15:43Z ERR Failed to dial a quic connection error="failed to dial to edge with quic: write udp [::]:54462->[2606:4700:a0::5]:7844: sendmsg: network is unreachable" connIndex=0 event=0 ip=2606:4700:a0::5
2026-08-24T00:15:43Z INF Retrying connection in up to 1m4s connIndex=0 event=0 ip=2606:4700:a0::5
2026-08-24T00:15:47Z INF Tunnel connection curve preferences: [X25519MLKEM768 CurveID(65074) CurveP256] connIndex=0 event=0 ip=2606:4700:a8::10
2026-08-24T00:15:47Z ERR failed to run the datagram handler error="context canceled" connIndex=0 event=0 ip=2606:4700:a8::10
2026-08-24T00:15:47Z ERR failed to serve tunnel connection error="control stream encountered a failure while serving" connIndex=0 event=0 ip=2606:4700:a8::10
2026-08-24T00:15:47Z ERR Serve tunnel error error="control stream encountered a failure while serving" connIndex=0 event=0 ip=2606:4700:a8::10
2026-08-24T00:15:47Z INF Retrying connection in up to 1m4s connIndex=0 event=0 ip=2606:4700:a8::10
2026-08-24T00:16:16Z INF Tunnel connection curve preferences: [X25519MLKEM768 CurveID(65074) CurveP256] connIndex=0 event=0 ip=2606:4700:a8::10
2026-08-24T00:16:16Z ERR failed to run the datagram handler error="context canceled" connIndex=0 event=0 ip=2606:4700:a8::10
2026-08-24T00:16:16Z ERR failed to serve tunnel connection error="control stream encountered a failure while serving" connIndex=0 event=0 ip=2606:4700:a8::10
2026-08-24T00:16:16Z ERR Serve tunnel error error="control stream encountered a failure while serving" connIndex=0 event=0 ip=2606:4700:a8::10
2026-08-24T00:16:16Z INF Retrying connection in up to 1m4s connIndex=0 event=0 ip=2606:4700:a8::10
2026-08-24T00:16:21Z INF Tunnel connection curve preferences: [X25519MLKEM768 CurveID(65074) CurveP256] connIndex=0 event=0 ip=2606:4700:a8::10
2026-08-24T00:16:21Z ERR failed to run the datagram handler error="context canceled" connIndex=0 event=0 ip=2606:4700:a8::10
2026-08-24T00:16:21Z ERR failed to serve tunnel connection error="control stream encountered a failure while serving" connIndex=0 event=0 ip=2606:4700:a8::10
2026-08-24T00:16:21Z ERR Serve tunnel error error="control stream encountered a failure while serving" connIndex=0 event=0 ip=2606:4700:a8::10
2026-08-24T00:16:21Z INF Retrying connection in up to 1m4s connIndex=0 event=0 ip=2606:4700:a8::10
2026-08-24T00:28:39Z INF Tunnel connection curve preferences: [X25519MLKEM768 CurveID(65074) CurveP256] connIndex=0 event=0 ip=2606:4700:a8::10
2026-08-24T00:28:40Z ERR failed to run the datagram handler error="context canceled" connIndex=0 event=0 ip=2606:4700:a8::10
2026-08-24T00:28:40Z ERR failed to serve tunnel connection error="control stream encountered a failure while serving" connIndex=0 event=0 ip=2606:4700:a8::10
2026-08-24T00:28:40Z ERR Serve tunnel error error="control stream encountered a failure while serving" connIndex=0 event=0 ip=2606:4700:a8::10
2026-08-24T00:28:40Z INF Retrying connection in up to 1m4s connIndex=0 event=0 ip=2606:4700:a8::10
2026-08-24T00:53:32Z INF Tunnel connection curve preferences: [X25519MLKEM768 CurveID(65074) CurveP256] connIndex=0 event=0 ip=2606:4700:a8::10
2026-08-24T00:53:32Z ERR failed to run the datagram handler error="context canceled" connIndex=0 event=0 ip=2606:4700:a8::10
2026-08-24T00:53:32Z ERR failed to serve tunnel connection error="control stream encountered a failure while serving" connIndex=0 event=0 ip=2606:4700:a8::10
2026-08-24T00:53:32Z ERR Serve tunnel error error="control stream encountered a failure while serving" connIndex=0 event=0 ip=2606:4700:a8::10
2026-08-24T00:53:32Z INF Retrying connection in up to 1m4s connIndex=0 event=0 ip=2606:4700:a8::10
2026-08-24T00:53:46Z INF Tunnel connection curve preferences: [X25519MLKEM768 CurveID(65074) CurveP256] connIndex=0 event=0 ip=2606:4700:a8::10
2026-08-24T00:53:46Z ERR failed to run the datagram handler error="context canceled" connIndex=0 event=0 ip=2606:4700:a8::10
2026-08-24T00:53:46Z ERR failed to serve tunnel connection error="control stream encountered a failure while serving" connIndex=0 event=0 ip=2606:4700:a8::10
2026-08-24T00:53:46Z ERR Serve tunnel error error="control stream encountered a failure while serving" connIndex=0 event=0 ip=2606:4700:a8::10
2026-08-24T00:53:46Z INF Retrying connection in up to 1m4s connIndex=0 event=0 ip=2606:4700:a8::10
2026-08-24T01:07:07Z INF Tunnel connection curve preferences: [X25519MLKEM768 CurveID(65074) CurveP256] connIndex=0 event=0 ip=2606:4700:a8::10
2026-08-24T01:07:07Z ERR failed to run the datagram handler error="context canceled" connIndex=0 event=0 ip=2606:4700:a8::10
2026-08-24T01:07:07Z ERR failed to serve tunnel connection error="control stream encountered a failure while serving" connIndex=0 event=0 ip=2606:4700:a8::10
2026-08-24T01:07:07Z ERR Serve tunnel error error="control stream encountered a failure while serving" connIndex=0 event=0 ip=2606:4700:a8::10
2026-08-24T01:07:07Z INF Retrying connection in up to 1m4s connIndex=0 event=0 ip=2606:4700:a8::10
2026-08-24T01:07:17Z INF Tunnel connection curve preferences: [X25519MLKEM768 CurveID(65074) CurveP256] connIndex=0 event=0 ip=2606:4700:a8::10
2026-08-24T01:07:17Z ERR failed to run the datagram handler error="context canceled" connIndex=0 event=0 ip=2606:4700:a8::10
2026-08-24T01:07:17Z ERR failed to serve tunnel connection error="control stream encountered a failure while serving" connIndex=0 event=0 ip=2606:4700:a8::10
2026-08-24T01:07:17Z ERR Serve tunnel error error="control stream encountered a failure while serving" connIndex=0 event=0 ip=2606:4700:a8::10
2026-08-24T01:07:17Z INF Retrying connection in up to 1m4s connIndex=0 event=0 ip=2606:4700:a8::10
2026-08-24T01:33:01Z INF Tunnel connection curve preferences: [X25519MLKEM768 CurveID(65074) CurveP256] connIndex=0 event=0 ip=2606:4700:a8::10
2026-08-24T01:33:02Z ERR failed to run the datagram handler error="context canceled" connIndex=0 event=0 ip=2606:4700:a8::10
2026-08-24T01:33:02Z ERR failed to serve tunnel connection error="control stream encountered a failure while serving" connIndex=0 event=0 ip=2606:4700:a8::10
2026-08-24T01:33:02Z ERR Serve tunnel error error="control stream encountered a failure while serving" connIndex=0 event=0 ip=2606:4700:a8::10
2026-08-24T01:33:02Z INF Retrying connection in up to 1m4s connIndex=0 event=0 ip=2606:4700:a8::10
2026-08-24T01:33:12Z INF Tunnel connection curve preferences: [X25519MLKEM768 CurveID(65074) CurveP256] connIndex=0 event=0 ip=2606:4700:a8::10
2026-08-24T01:33:12Z ERR failed to run the datagram handler error="context canceled" connIndex=0 event=0 ip=2606:4700:a8::10
2026-08-24T01:33:12Z ERR failed to serve tunnel connection error="control stream encountered a failure while serving" connIndex=0 event=0 ip=2606:4700:a8::10
2026-08-24T01:33:12Z ERR Serve tunnel error error="control stream encountered a failure while serving" connIndex=0 event=0 ip=2606:4700:a8::10
2026-08-24T01:33:12Z INF Retrying connection in up to 1m4s connIndex=0 event=0 ip=2606:4700:a8::10
2026-08-24T01:37:17Z INF Tunnel connection curve preferences: [X25519MLKEM768 CurveID(65074) CurveP256] connIndex=0 event=0 ip=2606:4700:a8::10
2026-08-24T01:37:17Z ERR failed to run the datagram handler error="context canceled" connIndex=0 event=0 ip=2606:4700:a8::10
2026-08-24T01:37:17Z ERR failed to serve tunnel connection error="control stream encountered a failure while serving" connIndex=0 event=0 ip=2606:4700:a8::10
2026-08-24T01:37:17Z ERR Serve tunnel error error="control stream encountered a failure while serving" connIndex=0 event=0 ip=2606:4700:a8::10
2026-08-24T01:37:17Z INF Retrying connection in up to 1m4s connIndex=0 event=0 ip=2606:4700:a8::10
2026-08-24T01:37:34Z INF Tunnel connection curve preferences: [X25519MLKEM768 CurveID(65074) CurveP256] connIndex=0 event=0 ip=2606:4700:a8::10
2026-08-24T01:37:34Z ERR failed to run the datagram handler error="context canceled" connIndex=0 event=0 ip=2606:4700:a8::10
2026-08-24T01:37:34Z ERR failed to serve tunnel connection error="control stream encountered a failure while serving" connIndex=0 event=0 ip=2606:4700:a8::10
2026-08-24T01:37:34Z ERR Serve tunnel error error="control stream encountered a failure while serving" connIndex=0 event=0 ip=2606:4700:a8::10
2026-08-24T01:37:34Z INF Retrying connection in up to 1m4s connIndex=0 event=0 ip=2606:4700:a8::10
2026-08-24T01:51:22Z INF Tunnel connection curve preferences: [X25519MLKEM768 CurveID(65074) CurveP256] connIndex=0 event=0 ip=2606:4700:a8::10
2026-08-24T01:51:23Z ERR failed to run the datagram handler error="context canceled" connIndex=0 event=0 ip=2606:4700:a8::10
2026-08-24T01:51:23Z ERR failed to serve tunnel connection error="control stream encountered a failure while serving" connIndex=0 event=0 ip=2606:4700:a8::10
2026-08-24T01:51:23Z ERR Serve tunnel error error="control stream encountered a failure while serving" connIndex=0 event=0 ip=2606:4700:a8::10
2026-08-24T01:51:23Z INF Retrying connection in up to 1m4s connIndex=0 event=0 ip=2606:4700:a8::10
2026-08-24T01:52:17Z INF Tunnel connection curve preferences: [X25519MLKEM768 CurveID(65074) CurveP256] connIndex=0 event=0 ip=2606:4700:a8::10
2026-08-24T01:52:18Z ERR failed to run the datagram handler error="context canceled" connIndex=0 event=0 ip=2606:4700:a8::10
2026-08-24T01:52:18Z ERR failed to serve tunnel connection error="control stream encountered a failure while serving" connIndex=0 event=0 ip=2606:4700:a8::10
2026-08-24T01:52:18Z ERR Serve tunnel error error="control stream encountered a failure while serving" connIndex=0 event=0 ip=2606:4700:a8::10
2026-08-24T01:52:18Z INF Retrying connection in up to 1m4s connIndex=0 event=0 ip=2606:4700:a8::10
2026-08-24T02:05:05Z INF Tunnel connection curve preferences: [X25519MLKEM768 CurveID(65074) CurveP256] connIndex=0 event=0 ip=2606:4700:a8::10
2026-08-24T02:05:06Z ERR failed to run the datagram handler error="context canceled" connIndex=0 event=0 ip=2606:4700:a8::10
2026-08-24T02:05:06Z ERR failed to serve tunnel connection error="control stream encountered a failure while serving" connIndex=0 event=0 ip=2606:4700:a8::10
2026-08-24T02:05:06Z ERR Serve tunnel error error="control stream encountered a failure while serving" connIndex=0 event=0 ip=2606:4700:a8::10
2026-08-24T02:05:06Z INF Retrying connection in up to 1m4s connIndex=0 event=0 ip=2606:4700:a8::10
2026-08-24T02:15:59Z INF Tunnel connection curve preferences: [X25519MLKEM768 CurveID(65074) CurveP256] connIndex=0 event=0 ip=2606:4700:a8::10
2026-08-24T02:15:59Z ERR failed to run the datagram handler error="context canceled" connIndex=0 event=0 ip=2606:4700:a8::10
2026-08-24T02:15:59Z ERR failed to serve tunnel connection error="control stream encountered a failure while serving" connIndex=0 event=0 ip=2606:4700:a8::10
2026-08-24T02:15:59Z ERR Serve tunnel error error="control stream encountered a failure while serving" connIndex=0 event=0 ip=2606:4700:a8::10
2026-08-24T02:15:59Z INF Retrying connection in up to 1m4s connIndex=0 event=0 ip=2606:4700:a8::10
2026-08-24T02:16:17Z INF Tunnel connection curve preferences: [X25519MLKEM768 CurveID(65074) CurveP256] connIndex=0 event=0 ip=2606:4700:a8::10
2026-08-24T02:16:17Z ERR failed to run the datagram handler error="context canceled" connIndex=0 event=0 ip=2606:4700:a8::10
2026-08-24T02:16:17Z ERR failed to serve tunnel connection error="control stream encountered a failure while serving" connIndex=0 event=0 ip=2606:4700:a8::10
2026-08-24T02:16:17Z ERR Serve tunnel error error="control stream encountered a failure while serving" connIndex=0 event=0 ip=2606:4700:a8::10
2026-08-24T02:16:17Z INF Retrying connection in up to 1m4s connIndex=0 event=0 ip=2606:4700:a8::10
2026-08-24T02:16:33Z INF Tunnel connection curve preferences: [X25519MLKEM768 CurveID(65074) CurveP256] connIndex=0 event=0 ip=2606:4700:a8::10
2026-08-24T02:16:33Z ERR failed to run the datagram handler error="context canceled" connIndex=0 event=0 ip=2606:4700:a8::10
2026-08-24T02:16:33Z ERR failed to serve tunnel connection error="control stream encountered a failure while serving" connIndex=0 event=0 ip=2606:4700:a8::10
2026-08-24T02:16:33Z ERR Serve tunnel error error="control stream encountered a failure while serving" connIndex=0 event=0 ip=2606:4700:a8::10
2026-08-24T02:16:33Z INF Retrying connection in up to 1m4s connIndex=0 event=0 ip=2606:4700:a8::10
2026-08-24T02:22:51Z INF Tunnel connection curve preferences: [X25519MLKEM768 CurveID(65074) CurveP256] connIndex=0 event=0 ip=2606:4700:a8::10
2026-08-24T02:22:52Z ERR failed to run the datagram handler error="context canceled" connIndex=0 event=0 ip=2606:4700:a8::10
2026-08-24T02:22:52Z ERR failed to serve tunnel connection error="control stream encountered a failure while serving" connIndex=0 event=0 ip=2606:4700:a8::10
2026-08-24T02:22:52Z ERR Serve tunnel error error="control stream encountered a failure while serving" connIndex=0 event=0 ip=2606:4700:a8::10
2026-08-24T02:22:52Z INF Retrying connection in up to 1m4s connIndex=0 event=0 ip=2606:4700:a8::10
2026-08-24T02:22:57Z INF Tunnel connection curve preferences: [X25519MLKEM768 CurveID(65074) CurveP256] connIndex=0 event=0 ip=2606:4700:a8::10
2026-08-24T02:22:57Z ERR failed to run the datagram handler error="context canceled" connIndex=0 event=0 ip=2606:4700:a8::10
2026-08-24T02:22:57Z ERR failed to serve tunnel connection error="control stream encountered a failure while serving" connIndex=0 event=0 ip=2606:4700:a8::10
2026-08-24T02:22:57Z ERR Serve tunnel error error="control stream encountered a failure while serving" connIndex=0 event=0 ip=2606:4700:a8::10
2026-08-24T02:22:57Z INF Retrying connection in up to 1m4s connIndex=0 event=0 ip=2606:4700:a8::10
2026-08-24T02:25:05Z INF Tunnel connection curve preferences: [X25519MLKEM768 CurveID(65074) CurveP256] connIndex=0 event=0 ip=2606:4700:a8::10
2026-08-24T02:25:05Z ERR failed to run the datagram handler error="context canceled" connIndex=0 event=0 ip=2606:4700:a8::10
2026-08-24T02:25:05Z ERR failed to serve tunnel connection error="control stream encountered a failure while serving" connIndex=0 event=0 ip=2606:4700:a8::10
2026-08-24T02:25:05Z ERR Serve tunnel error error="control stream encountered a failure while serving" connIndex=0 event=0 ip=2606:4700:a8::10
2026-08-24T02:25:05Z INF Retrying connection in up to 1m4s connIndex=0 event=0 ip=2606:4700:a8::10
2026-08-24T02:26:23Z INF Tunnel connection curve preferences: [X25519MLKEM768 CurveID(65074) CurveP256] connIndex=0 event=0 ip=2606:4700:a8::10
2026-08-24T02:26:23Z ERR failed to run the datagram handler error="context canceled" connIndex=0 event=0 ip=2606:4700:a8::10
2026-08-24T02:26:23Z ERR failed to serve tunnel connection error="control stream encountered a failure while serving" connIndex=0 event=0 ip=2606:4700:a8::10
2026-08-24T02:26:23Z ERR Serve tunnel error error="control stream encountered a failure while serving" connIndex=0 event=0 ip=2606:4700:a8::10
2026-08-24T02:26:23Z INF Retrying connection in up to 1m4s connIndex=0 event=0 ip=2606:4700:a8::10
2026-08-24T02:26:40Z INF Tunnel connection curve preferences: [X25519MLKEM768 CurveID(65074) CurveP256] connIndex=0 event=0 ip=2606:4700:a8::10
2026-08-24T02:26:40Z ERR failed to run the datagram handler error="context canceled" connIndex=0 event=0 ip=2606:4700:a8::10
2026-08-24T02:26:40Z ERR failed to serve tunnel connection error="control stream encountered a failure while serving" connIndex=0 event=0 ip=2606:4700:a8::10
2026-08-24T02:26:40Z ERR Serve tunnel error error="control stream encountered a failure while serving" connIndex=0 event=0 ip=2606:4700:a8::10
2026-08-24T02:26:40Z INF Retrying connection in up to 1m4s connIndex=0 event=0 ip=2606:4700:a8::10
2026-08-24T02:27:09Z INF Tunnel connection curve preferences: [X25519MLKEM768 CurveID(65074) CurveP256] connIndex=0 event=0 ip=2606:4700:a8::10
2026-08-24T02:27:09Z ERR failed to run the datagram handler error="context canceled" connIndex=0 event=0 ip=2606:4700:a8::10
2026-08-24T02:27:09Z ERR failed to serve tunnel connection error="control stream encountered a failure while serving" connIndex=0 event=0 ip=2606:4700:a8::10
2026-08-24T02:27:09Z ERR Serve tunnel error error="control stream encountered a failure while serving" connIndex=0 event=0 ip=2606:4700:a8::10
2026-08-24T02:27:09Z INF Retrying connection in up to 1m4s connIndex=0 event=0 ip=2606:4700:a8::10
2026-08-24T02:27:14Z INF Tunnel connection curve preferences: [X25519MLKEM768 CurveID(65074) CurveP256] connIndex=0 event=0 ip=2606:4700:a8::10
2026-08-24T02:27:14Z ERR failed to run the datagram handler error="context canceled" connIndex=0 event=0 ip=2606:4700:a8::10
2026-08-24T02:27:14Z ERR failed to serve tunnel connection error="control stream encountered a failure while serving" connIndex=0 event=0 ip=2606:4700:a8::10
2026-08-24T02:27:14Z ERR Serve tunnel error error="control stream encountered a failure while serving" connIndex=0 event=0 ip=2606:4700:a8::10
2026-08-24T02:27:14Z INF Retrying connection in up to 1m4s connIndex=0 event=0 ip=2606:4700:a8::10
2026-08-24T02:27:32Z INF Tunnel connection curve preferences: [X25519MLKEM768 CurveID(65074) CurveP256] connIndex=0 event=0 ip=2606:4700:a8::10
2026-08-24T02:27:33Z ERR failed to run the datagram handler error="context canceled" connIndex=0 event=0 ip=2606:4700:a8::10
2026-08-24T02:27:33Z ERR failed to serve tunnel connection error="control stream encountered a failure while serving" connIndex=0 event=0 ip=2606:4700:a8::10
2026-08-24T02:27:33Z ERR Serve tunnel error error="control stream encountered a failure while serving" connIndex=0 event=0 ip=2606:4700:a8::10
2026-08-24T02:27:33Z INF Retrying connection in up to 1m4s connIndex=0 event=0 ip=2606:4700:a8::10
2026-08-24T02:28:02Z INF Tunnel connection curve preferences: [X25519MLKEM768 CurveID(65074) CurveP256] connIndex=0 event=0 ip=2606:4700:a8::10
2026-08-24T02:28:02Z ERR failed to run the datagram handler error="context canceled" connIndex=0 event=0 ip=2606:4700:a8::10
2026-08-24T02:28:02Z ERR failed to serve tunnel connection error="control stream encountered a failure while serving" connIndex=0 event=0 ip=2606:4700:a8::10
2026-08-24T02:28:02Z ERR Serve tunnel error error="control stream encountered a failure while serving" connIndex=0 event=0 ip=2606:4700:a8::10
2026-08-24T02:28:02Z INF Retrying connection in up to 1m4s connIndex=0 event=0 ip=2606:4700:a8::10
2026-08-24T02:29:12Z INF Tunnel connection curve preferences: [X25519MLKEM768 CurveID(65074) CurveP256] connIndex=0 event=0 ip=2606:4700:a8::10
2026-08-24T02:29:12Z ERR failed to run the datagram handler error="context canceled" connIndex=0 event=0 ip=2606:4700:a8::10
2026-08-24T02:29:12Z ERR failed to serve tunnel connection error="control stream encountered a failure while serving" connIndex=0 event=0 ip=2606:4700:a8::10
2026-08-24T02:29:12Z ERR Serve tunnel error error="control stream encountered a failure while serving" connIndex=0 event=0 ip=2606:4700:a8::10
2026-08-24T02:29:12Z INF Retrying connection in up to 1m4s connIndex=0 event=0 ip=2606:4700:a8::10
2026-08-24T02:30:10Z INF Tunnel connection curve preferences: [X25519MLKEM768 CurveID(65074) CurveP256] connIndex=0 event=0 ip=2606:4700:a8::10
2026-08-24T02:30:10Z ERR failed to run the datagram handler error="context canceled" connIndex=0 event=0 ip=2606:4700:a8::10
2026-08-24T02:30:10Z ERR failed to serve tunnel connection error="control stream encountered a failure while serving" connIndex=0 event=0 ip=2606:4700:a8::10
2026-08-24T02:30:10Z ERR Serve tunnel error error="control stream encountered a failure while serving" connIndex=0 event=0 ip=2606:4700:a8::10
2026-08-24T02:30:10Z INF Retrying connection in up to 1m4s connIndex=0 event=0 ip=2606:4700:a8::10
2026-08-24T02:30:24Z INF Tunnel connection curve preferences: [X25519MLKEM768 CurveID(65074) CurveP256] connIndex=0 event=0 ip=2606:4700:a8::10
2026-08-24T02:30:24Z ERR failed to run the datagram handler error="context canceled" connIndex=0 event=0 ip=2606:4700:a8::10
2026-08-24T02:30:24Z ERR failed to serve tunnel connection error="control stream encountered a failure while serving" connIndex=0 event=0 ip=2606:4700:a8::10
2026-08-24T02:30:24Z ERR Serve tunnel error error="control stream encountered a failure while serving" connIndex=0 event=0 ip=2606:4700:a8::10
2026-08-24T02:30:24Z INF Retrying connection in up to 1m4s connIndex=0 event=0 ip=2606:4700:a8::10
2026-08-24T02:30:34Z INF Tunnel connection curve preferences: [X25519MLKEM768 CurveID(65074) CurveP256] connIndex=0 event=0 ip=2606:4700:a8::10
2026-08-24T02:30:34Z ERR failed to run the datagram handler error="context canceled" connIndex=0 event=0 ip=2606:4700:a8::10
2026-08-24T02:30:34Z ERR failed to serve tunnel connection error="control stream encountered a failure while serving" connIndex=0 event=0 ip=2606:4700:a8::10
2026-08-24T02:30:34Z ERR Serve tunnel error error="control stream encountered a failure while serving" connIndex=0 event=0 ip=2606:4700:a8::10
2026-08-24T02:30:34Z INF Retrying connection in up to 1m4s connIndex=0 event=0 ip=2606:4700:a8::10
2026-08-24T02:30:35Z INF Tunnel connection curve preferences: [X25519MLKEM768 CurveID(65074) CurveP256] connIndex=0 event=0 ip=2606:4700:a8::10
2026-08-24T02:30:35Z ERR failed to run the datagram handler error="context canceled" connIndex=0 event=0 ip=2606:4700:a8::10
2026-08-24T02:30:35Z ERR failed to serve tunnel connection error="control stream encountered a failure while serving" connIndex=0 event=0 ip=2606:4700:a8::10
2026-08-24T02:30:35Z ERR Serve tunnel error error="control stream encountered a failure while serving" connIndex=0 event=0 ip=2606:4700:a8::10
2026-08-24T02:30:35Z INF Retrying connection in up to 1m4s connIndex=0 event=0 ip=2606:4700:a8::10
2026-08-24T02:33:12Z INF Tunnel connection curve preferences: [X25519MLKEM768 CurveID(65074) CurveP256] connIndex=0 event=0 ip=2606:4700:a8::10
2026-08-24T02:33:13Z ERR failed to run the datagram handler error="context canceled" connIndex=0 event=0 ip=2606:4700:a8::10
2026-08-24T02:33:13Z ERR failed to serve tunnel connection error="control stream encountered a failure while serving" connIndex=0 event=0 ip=2606:4700:a8::10
2026-08-24T02:33:13Z ERR Serve tunnel error error="control stream encountered a failure while serving" connIndex=0 event=0 ip=2606:4700:a8::10
2026-08-24T02:33:13Z INF Retrying connection in up to 1m4s connIndex=0 event=0 ip=2606:4700:a8::10
2026-08-24T02:33:37Z INF Tunnel connection curve preferences: [X25519MLKEM768 CurveID(65074) CurveP256] connIndex=0 event=0 ip=2606:4700:a8::10
2026-08-24T02:33:37Z ERR failed to run the datagram handler error="context canceled" connIndex=0 event=0 ip=2606:4700:a8::10
2026-08-24T02:33:37Z ERR failed to serve tunnel connection error="control stream encountered a failure while serving" connIndex=0 event=0 ip=2606:4700:a8::10
2026-08-24T02:33:37Z ERR Serve tunnel error error="control stream encountered a failure while serving" connIndex=0 event=0 ip=2606:4700:a8::10
2026-08-24T02:33:37Z INF Retrying connection in up to 1m4s connIndex=0 event=0 ip=2606:4700:a8::10
2026-08-24T02:33:51Z INF Tunnel connection curve preferences: [X25519MLKEM768 CurveID(65074) CurveP256] connIndex=0 event=0 ip=2606:4700:a8::10
2026-08-24T02:33:51Z ERR failed to run the datagram handler error="context canceled" connIndex=0 event=0 ip=2606:4700:a8::10
2026-08-24T02:33:51Z ERR failed to serve tunnel connection error="control stream encountered a failure while serving" connIndex=0 event=0 ip=2606:4700:a8::10
2026-08-24T02:33:51Z ERR Serve tunnel error error="control stream encountered a failure while serving" connIndex=0 event=0 ip=2606:4700:a8::10
2026-08-24T02:33:51Z INF Retrying connection in up to 1m4s connIndex=0 event=0 ip=2606:4700:a8::10
2026-08-24T02:33:57Z INF Tunnel connection curve preferences: [X25519MLKEM768 CurveID(65074) CurveP256] connIndex=0 event=0 ip=2606:4700:a8::10
2026-08-24T02:33:57Z ERR failed to run the datagram handler error="context canceled" connIndex=0 event=0 ip=2606:4700:a8::10
2026-08-24T02:33:57Z ERR failed to serve tunnel connection error="control stream encountered a failure while serving" connIndex=0 event=0 ip=2606:4700:a8::10
2026-08-24T02:33:57Z ERR Serve tunnel error error="control stream encountered a failure while serving" connIndex=0 event=0 ip=2606:4700:a8::10
2026-08-24T02:33:57Z INF Retrying connection in up to 1m4s connIndex=0 event=0 ip=2606:4700:a8::10
2026-08-24T02:36:06Z INF Tunnel connection curve preferences: [X25519MLKEM768 CurveID(65074) CurveP256] connIndex=0 event=0 ip=2606:4700:a8::10
2026-08-24T02:36:06Z ERR failed to run the datagram handler error="context canceled" connIndex=0 event=0 ip=2606:4700:a8::10
2026-08-24T02:36:06Z ERR failed to serve tunnel connection error="control stream encountered a failure while serving" connIndex=0 event=0 ip=2606:4700:a8::10
2026-08-24T02:36:06Z ERR Serve tunnel error error="control stream encountered a failure while serving" connIndex=0 event=0 ip=2606:4700:a8::10
2026-08-24T02:36:06Z INF Retrying connection in up to 1m4s connIndex=0 event=0 ip=2606:4700:a8::10
2026-08-24T02:36:08Z INF Tunnel connection curve preferences: [X25519MLKEM768 CurveID(65074) CurveP256] connIndex=0 event=0 ip=2606:4700:a8::10
2026-08-24T02:36:09Z ERR failed to run the datagram handler error="context canceled" connIndex=0 event=0 ip=2606:4700:a8::10
2026-08-24T02:36:09Z ERR failed to serve tunnel connection error="control stream encountered a failure while serving" connIndex=0 event=0 ip=2606:4700:a8::10
2026-08-24T02:36:09Z ERR Serve tunnel error error="control stream encountered a failure while serving" connIndex=0 event=0 ip=2606:4700:a8::10
2026-08-24T02:36:09Z INF Retrying connection in up to 1m4s connIndex=0 event=0 ip=2606:4700:a8::10
2026-08-24T02:36:25Z INF Tunnel connection curve preferences: [X25519MLKEM768 CurveID(65074) CurveP256] connIndex=0 event=0 ip=2606:4700:a8::10
2026-08-24T02:36:26Z ERR failed to run the datagram handler error="context canceled" connIndex=0 event=0 ip=2606:4700:a8::10
2026-08-24T02:36:26Z ERR failed to serve tunnel connection error="control stream encountered a failure while serving" connIndex=0 event=0 ip=2606:4700:a8::10
2026-08-24T02:36:26Z ERR Serve tunnel error error="control stream encountered a failure while serving" connIndex=0 event=0 ip=2606:4700:a8::10
2026-08-24T02:36:26Z INF Retrying connection in up to 1m4s connIndex=0 event=0 ip=2606:4700:a8::10
2026-08-24T02:36:40Z INF Tunnel connection curve preferences: [X25519MLKEM768 CurveID(65074) CurveP256] connIndex=0 event=0 ip=2606:4700:a8::10
2026-08-24T02:36:40Z ERR failed to run the datagram handler error="context canceled" connIndex=0 event=0 ip=2606:4700:a8::10
2026-08-24T02:36:40Z ERR failed to serve tunnel connection error="control stream encountered a failure while serving" connIndex=0 event=0 ip=2606:4700:a8::10
2026-08-24T02:36:40Z ERR Serve tunnel error error="control stream encountered a failure while serving" connIndex=0 event=0 ip=2606:4700:a8::10
2026-08-24T02:36:40Z INF Retrying connection in up to 1m4s connIndex=0 event=0 ip=2606:4700:a8::10
2026-08-24T02:36:48Z INF Tunnel connection curve preferences: [X25519MLKEM768 CurveID(65074) CurveP256] connIndex=0 event=0 ip=2606:4700:a8::10
2026-08-24T02:36:48Z ERR failed to run the datagram handler error="context canceled" connIndex=0 event=0 ip=2606:4700:a8::10
2026-08-24T02:36:48Z ERR failed to serve tunnel connection error="control stream encountered a failure while serving" connIndex=0 event=0 ip=2606:4700:a8::10
2026-08-24T02:36:48Z ERR Serve tunnel error error="control stream encountered a failure while serving" connIndex=0 event=0 ip=2606:4700:a8::10
2026-08-24T02:36:48Z INF Retrying connection in up to 1m4s connIndex=0 event=0 ip=2606:4700:a8::10
2026-08-24T02:42:11Z INF Tunnel connection curve preferences: [X25519MLKEM768 CurveID(65074) CurveP256] connIndex=0 event=0 ip=2606:4700:a8::10
2026-08-24T02:42:11Z ERR failed to run the datagram handler error="context canceled" connIndex=0 event=0 ip=2606:4700:a8::10
2026-08-24T02:42:11Z ERR failed to serve tunnel connection error="control stream encountered a failure while serving" connIndex=0 event=0 ip=2606:4700:a8::10
2026-08-24T02:42:11Z ERR Serve tunnel error error="control stream encountered a failure while serving" connIndex=0 event=0 ip=2606:4700:a8::10
2026-08-24T02:42:11Z INF Retrying connection in up to 1m4s connIndex=0 event=0 ip=2606:4700:a8::10
2026-08-24T02:54:13Z INF Tunnel connection curve preferences: [X25519MLKEM768 CurveID(65074) CurveP256] connIndex=0 event=0 ip=2606:4700:a8::10
2026-08-24T02:54:13Z ERR failed to run the datagram handler error="context canceled" connIndex=0 event=0 ip=2606:4700:a8::10
2026-08-24T02:54:13Z ERR failed to serve tunnel connection error="control stream encountered a failure while serving" connIndex=0 event=0 ip=2606:4700:a8::10
2026-08-24T02:54:13Z ERR Serve tunnel error error="control stream encountered a failure while serving" connIndex=0 event=0 ip=2606:4700:a8::10
2026-08-24T02:54:13Z INF Retrying connection in up to 1m4s connIndex=0 event=0 ip=2606:4700:a8::10
2026-08-24T02:54:19Z INF Tunnel connection curve preferences: [X25519MLKEM768 CurveID(65074) CurveP256] connIndex=0 event=0 ip=2606:4700:a8::10
2026-08-24T02:54:19Z ERR failed to run the datagram handler error="context canceled" connIndex=0 event=0 ip=2606:4700:a8::10
2026-08-24T02:54:19Z ERR failed to serve tunnel connection error="control stream encountered a failure while serving" connIndex=0 event=0 ip=2606:4700:a8::10
2026-08-24T02:54:19Z ERR Serve tunnel error error="control stream encountered a failure while serving" connIndex=0 event=0 ip=2606:4700:a8::10
2026-08-24T02:54:19Z INF Retrying connection in up to 1m4s connIndex=0 event=0 ip=2606:4700:a8::10
2026-08-24T02:54:42Z INF Tunnel connection curve preferences: [X25519MLKEM768 CurveID(65074) CurveP256] connIndex=0 event=0 ip=2606:4700:a8::10
2026-08-24T02:54:42Z ERR failed to run the datagram handler error="context canceled" connIndex=0 event=0 ip=2606:4700:a8::10
2026-08-24T02:54:42Z ERR failed to serve tunnel connection error="control stream encountered a failure while serving" connIndex=0 event=0 ip=2606:4700:a8::10
2026-08-24T02:54:42Z ERR Serve tunnel error error="control stream encountered a failure while serving" connIndex=0 event=0 ip=2606:4700:a8::10
2026-08-24T02:54:42Z INF Retrying connection in up to 1m4s connIndex=0 event=0 ip=2606:4700:a8::10
2026-08-24T02:55:11Z INF Tunnel connection curve preferences: [X25519MLKEM768 CurveID(65074) CurveP256] connIndex=0 event=0 ip=2606:4700:a8::10
2026-08-24T02:55:11Z ERR failed to run the datagram handler error="context canceled" connIndex=0 event=0 ip=2606:4700:a8::10
2026-08-24T02:55:11Z ERR failed to serve tunnel connection error="control stream encountered a failure while serving" connIndex=0 event=0 ip=2606:4700:a8::10
2026-08-24T02:55:11Z ERR Serve tunnel error error="control stream encountered a failure while serving" connIndex=0 event=0 ip=2606:4700:a8::10
2026-08-24T02:55:11Z INF Retrying connection in up to 1m4s connIndex=0 event=0 ip=2606:4700:a8::10
2026-08-24T02:55:11Z INF Tunnel connection curve preferences: [X25519MLKEM768 CurveID(65074) CurveP256] connIndex=0 event=0 ip=2606:4700:a8::10
2026-08-24T02:55:12Z ERR failed to run the datagram handler error="context canceled" connIndex=0 event=0 ip=2606:4700:a8::10
2026-08-24T02:55:12Z ERR failed to serve tunnel connection error="control stream encountered a failure while serving" connIndex=0 event=0 ip=2606:4700:a8::10
2026-08-24T02:55:12Z ERR Serve tunnel error error="control stream encountered a failure while serving" connIndex=0 event=0 ip=2606:4700:a8::10
2026-08-24T02:55:12Z INF Retrying connection in up to 1m4s connIndex=0 event=0 ip=2606:4700:a8::10
2026-08-24T02:55:24Z INF Tunnel connection curve preferences: [X25519MLKEM768 CurveID(65074) CurveP256] connIndex=0 event=0 ip=2606:4700:a8::10
2026-08-24T02:55:25Z ERR failed to run the datagram handler error="context canceled" connIndex=0 event=0 ip=2606:4700:a8::10
2026-08-24T02:55:25Z ERR failed to serve tunnel connection error="control stream encountered a failure while serving" connIndex=0 event=0 ip=2606:4700:a8::10
2026-08-24T02:55:25Z ERR Serve tunnel error error="control stream encountered a failure while serving" connIndex=0 event=0 ip=2606:4700:a8::10
2026-08-24T02:55:25Z INF Retrying connection in up to 1m4s connIndex=0 event=0 ip=2606:4700:a8::10
2026-08-24T02:55:48Z INF Tunnel connection curve preferences: [X25519MLKEM768 CurveID(65074) CurveP256] connIndex=0 event=0 ip=2606:4700:a8::10
2026-08-24T02:55:48Z ERR failed to run the datagram handler error="context canceled" connIndex=0 event=0 ip=2606:4700:a8::10
2026-08-24T02:55:48Z ERR failed to serve tunnel connection error="control stream encountered a failure while serving" connIndex=0 event=0 ip=2606:4700:a8::10
2026-08-24T02:55:48Z ERR Serve tunnel error error="control stream encountered a failure while serving" connIndex=0 event=0 ip=2606:4700:a8::10
2026-08-24T02:55:48Z INF Retrying connection in up to 1m4s connIndex=0 event=0 ip=2606:4700:a8::10
2026-08-24T02:56:18Z INF Tunnel connection curve preferences: [X25519MLKEM768 CurveID(65074) CurveP256] connIndex=0 event=0 ip=2606:4700:a8::10
2026-08-24T02:56:19Z ERR failed to run the datagram handler error="context canceled" connIndex=0 event=0 ip=2606:4700:a8::10
2026-08-24T02:56:19Z ERR failed to serve tunnel connection error="control stream encountered a failure while serving" connIndex=0 event=0 ip=2606:4700:a8::10
2026-08-24T02:56:19Z ERR Serve tunnel error error="control stream encountered a failure while serving" connIndex=0 event=0 ip=2606:4700:a8::10
2026-08-24T02:56:19Z INF Retrying connection in up to 1m4s connIndex=0 event=0 ip=2606:4700:a8::10
2026-08-24T02:58:03Z INF Tunnel connection curve preferences: [X25519MLKEM768 CurveID(65074) CurveP256] connIndex=0 event=0 ip=2606:4700:a8::10
2026-08-24T02:58:04Z ERR failed to run the datagram handler error="context canceled" connIndex=0 event=0 ip=2606:4700:a8::10
2026-08-24T02:58:04Z ERR failed to serve tunnel connection error="control stream encountered a failure while serving" connIndex=0 event=0 ip=2606:4700:a8::10
2026-08-24T02:58:04Z ERR Serve tunnel error error="control stream encountered a failure while serving" connIndex=0 event=0 ip=2606:4700:a8::10
2026-08-24T02:58:04Z INF Retrying connection in up to 1m4s connIndex=0 event=0 ip=2606:4700:a8::10
2026-08-24T02:58:06Z INF Tunnel connection curve preferences: [X25519MLKEM768 CurveID(65074) CurveP256] connIndex=0 event=0 ip=2606:4700:a8::10
2026-08-24T02:58:06Z ERR failed to run the datagram handler error="context canceled" connIndex=0 event=0 ip=2606:4700:a8::10
2026-08-24T02:58:06Z ERR failed to serve tunnel connection error="control stream encountered a failure while serving" connIndex=0 event=0 ip=2606:4700:a8::10
2026-08-24T02:58:06Z ERR Serve tunnel error error="control stream encountered a failure while serving" connIndex=0 event=0 ip=2606:4700:a8::10
2026-08-24T02:58:06Z INF Retrying connection in up to 1m4s connIndex=0 event=0 ip=2606:4700:a8::10
2026-08-24T02:58:30Z INF Tunnel connection curve preferences: [X25519MLKEM768 CurveID(65074) CurveP256] connIndex=0 event=0 ip=2606:4700:a8::10
2026-08-24T02:58:30Z ERR failed to run the datagram handler error="context canceled" connIndex=0 event=0 ip=2606:4700:a8::10
2026-08-24T02:58:30Z ERR failed to serve tunnel connection error="control stream encountered a failure while serving" connIndex=0 event=0 ip=2606:4700:a8::10
2026-08-24T02:58:30Z ERR Serve tunnel error error="control stream encountered a failure while serving" connIndex=0 event=0 ip=2606:4700:a8::10
2026-08-24T02:58:30Z INF Retrying connection in up to 1m4s connIndex=0 event=0 ip=2606:4700:a8::10
2026-08-24T03:00:45Z INF Tunnel connection curve preferences: [X25519MLKEM768 CurveID(65074) CurveP256] connIndex=0 event=0 ip=2606:4700:a8::10
2026-08-24T03:00:46Z ERR failed to run the datagram handler error="context canceled" connIndex=0 event=0 ip=2606:4700:a8::10
2026-08-24T03:00:46Z ERR failed to serve tunnel connection error="control stream encountered a failure while serving" connIndex=0 event=0 ip=2606:4700:a8::10
2026-08-24T03:00:46Z ERR Serve tunnel error error="control stream encountered a failure while serving" connIndex=0 event=0 ip=2606:4700:a8::10
2026-08-24T03:00:46Z INF Retrying connection in up to 1m4s connIndex=0 event=0 ip=2606:4700:a8::10
2026-08-24T03:00:52Z INF Tunnel connection curve preferences: [X25519MLKEM768 CurveID(65074) CurveP256] connIndex=0 event=0 ip=2606:4700:a8::10
2026-08-24T03:00:52Z ERR failed to run the datagram handler error="context canceled" connIndex=0 event=0 ip=2606:4700:a8::10
2026-08-24T03:00:52Z ERR failed to serve tunnel connection error="control stream encountered a failure while serving" connIndex=0 event=0 ip=2606:4700:a8::10
2026-08-24T03:00:52Z ERR Serve tunnel error error="control stream encountered a failure while serving" connIndex=0 event=0 ip=2606:4700:a8::10
2026-08-24T03:00:52Z INF Retrying connection in up to 1m4s connIndex=0 event=0 ip=2606:4700:a8::10
2026-08-24T03:06:13Z INF Tunnel connection curve preferences: [X25519MLKEM768 CurveID(65074) CurveP256] connIndex=0 event=0 ip=2606:4700:a8::10
2026-08-24T03:06:14Z ERR failed to run the datagram handler error="context canceled" connIndex=0 event=0 ip=2606:4700:a8::10
2026-08-24T03:06:14Z ERR failed to serve tunnel connection error="control stream encountered a failure while serving" connIndex=0 event=0 ip=2606:4700:a8::10
2026-08-24T03:06:14Z ERR Serve tunnel error error="control stream encountered a failure while serving" connIndex=0 event=0 ip=2606:4700:a8::10
2026-08-24T03:06:14Z INF Retrying connection in up to 1m4s connIndex=0 event=0 ip=2606:4700:a8::10
2026-08-24T03:14:17Z INF Tunnel connection curve preferences: [X25519MLKEM768 CurveID(65074) CurveP256] connIndex=0 event=0 ip=2606:4700:a8::10
2026-08-24T03:14:17Z ERR failed to run the datagram handler error="context canceled" connIndex=0 event=0 ip=2606:4700:a8::10
2026-08-24T03:14:17Z ERR failed to serve tunnel connection error="control stream encountered a failure while serving" connIndex=0 event=0 ip=2606:4700:a8::10
2026-08-24T03:14:17Z ERR Serve tunnel error error="control stream encountered a failure while serving" connIndex=0 event=0 ip=2606:4700:a8::10
2026-08-24T03:14:17Z INF Retrying connection in up to 1m4s connIndex=0 event=0 ip=2606:4700:a8::10
2026-08-24T03:14:34Z INF Tunnel connection curve preferences: [X25519MLKEM768 CurveID(65074) CurveP256] connIndex=0 event=0 ip=2606:4700:a8::10
2026-08-24T03:14:40Z ERR Failed to dial a quic connection error="failed to dial to edge with quic: timeout: no recent network activity" connIndex=0 event=0 ip=2606:4700:a8::10
2026-08-24T03:14:40Z INF Retrying connection in up to 1m4s connIndex=0 event=0 ip=2606:4700:a8::10
2026-08-24T03:14:49Z INF Tunnel connection curve preferences: [X25519MLKEM768 CurveID(65074) CurveP256] connIndex=0 event=0 ip=198.41.192.47
2026-08-24T03:14:49Z ERR failed to run the datagram handler error="context canceled" connIndex=0 event=0 ip=198.41.192.47
2026-08-24T03:14:49Z ERR failed to serve tunnel connection error="control stream encountered a failure while serving" connIndex=0 event=0 ip=198.41.192.47
2026-08-24T03:14:49Z ERR Serve tunnel error error="control stream encountered a failure while serving" connIndex=0 event=0 ip=198.41.192.47
2026-08-24T03:14:49Z INF Retrying connection in up to 1m4s connIndex=0 event=0 ip=198.41.192.47
2026-08-24T03:14:56Z INF Tunnel connection curve preferences: [X25519MLKEM768 CurveID(65074) CurveP256] connIndex=0 event=0 ip=198.41.192.47
2026-08-24T03:14:57Z ERR failed to run the datagram handler error="context canceled" connIndex=0 event=0 ip=198.41.192.47
2026-08-24T03:14:57Z ERR failed to serve tunnel connection error="control stream encountered a failure while serving" connIndex=0 event=0 ip=198.41.192.47
2026-08-24T03:14:57Z ERR Serve tunnel error error="control stream encountered a failure while serving" connIndex=0 event=0 ip=198.41.192.47
2026-08-24T03:14:57Z INF Retrying connection in up to 1m4s connIndex=0 event=0 ip=198.41.192.47
2026-08-24T03:17:49Z INF Tunnel connection curve preferences: [X25519MLKEM768 CurveID(65074) CurveP256] connIndex=0 event=0 ip=198.41.192.47
2026-08-24T03:17:51Z ERR failed to run the datagram handler error="context canceled" connIndex=0 event=0 ip=198.41.192.47
2026-08-24T03:17:51Z ERR failed to serve tunnel connection error="control stream encountered a failure while serving" connIndex=0 event=0 ip=198.41.192.47
2026-08-24T03:17:51Z ERR Serve tunnel error error="control stream encountered a failure while serving" connIndex=0 event=0 ip=198.41.192.47
2026-08-24T03:17:51Z INF Retrying connection in up to 1m4s connIndex=0 event=0 ip=198.41.192.47
2026-08-24T03:18:59Z INF Tunnel connection curve preferences: [X25519MLKEM768 CurveID(65074) CurveP256] connIndex=0 event=0 ip=198.41.192.47
2026-08-24T03:18:59Z ERR failed to run the datagram handler error="context canceled" connIndex=0 event=0 ip=198.41.192.47
2026-08-24T03:18:59Z ERR failed to serve tunnel connection error="control stream encountered a failure while serving" connIndex=0 event=0 ip=198.41.192.47
2026-08-24T03:18:59Z ERR Serve tunnel error error="control stream encountered a failure while serving" connIndex=0 event=0 ip=198.41.192.47
2026-08-24T03:18:59Z INF Retrying connection in up to 1m4s connIndex=0 event=0 ip=198.41.192.47
2026-08-24T03:19:20Z INF Tunnel connection curve preferences: [X25519MLKEM768 CurveID(65074) CurveP256] connIndex=0 event=0 ip=198.41.192.47
2026-08-24T03:19:20Z ERR failed to run the datagram handler error="context canceled" connIndex=0 event=0 ip=198.41.192.47
2026-08-24T03:19:20Z ERR failed to serve tunnel connection error="control stream encountered a failure while serving" connIndex=0 event=0 ip=198.41.192.47
2026-08-24T03:19:20Z ERR Serve tunnel error error="control stream encountered a failure while serving" connIndex=0 event=0 ip=198.41.192.47
2026-08-24T03:19:20Z INF Retrying connection in up to 1m4s connIndex=0 event=0 ip=198.41.192.47
2026-08-24T03:19:39Z INF Tunnel connection curve preferences: [X25519MLKEM768 CurveID(65074) CurveP256] connIndex=0 event=0 ip=198.41.192.47
2026-08-24T03:19:39Z ERR failed to run the datagram handler error="context canceled" connIndex=0 event=0 ip=198.41.192.47
2026-08-24T03:19:39Z ERR failed to serve tunnel connection error="control stream encountered a failure while serving" connIndex=0 event=0 ip=198.41.192.47
2026-08-24T03:19:39Z ERR Serve tunnel error error="control stream encountered a failure while serving" connIndex=0 event=0 ip=198.41.192.47
2026-08-24T03:19:39Z INF Retrying connection in up to 1m4s connIndex=0 event=0 ip=198.41.192.47
2026-08-24T03:19:55Z INF Tunnel connection curve preferences: [X25519MLKEM768 CurveID(65074) CurveP256] connIndex=0 event=0 ip=198.41.192.47
2026-08-24T03:19:55Z ERR failed to run the datagram handler error="context canceled" connIndex=0 event=0 ip=198.41.192.47
2026-08-24T03:19:55Z ERR failed to serve tunnel connection error="control stream encountered a failure while serving" connIndex=0 event=0 ip=198.41.192.47
2026-08-24T03:19:55Z ERR Serve tunnel error error="control stream encountered a failure while serving" connIndex=0 event=0 ip=198.41.192.47
2026-08-24T03:19:55Z INF Retrying connection in up to 1m4s connIndex=0 event=0 ip=198.41.192.47
2026-08-24T03:20:25Z INF Tunnel connection curve preferences: [X25519MLKEM768 CurveID(65074) CurveP256] connIndex=0 event=0 ip=198.41.192.47
2026-08-24T03:20:25Z ERR failed to run the datagram handler error="context canceled" connIndex=0 event=0 ip=198.41.192.47
2026-08-24T03:20:25Z ERR failed to serve tunnel connection error="control stream encountered a failure while serving" connIndex=0 event=0 ip=198.41.192.47
2026-08-24T03:20:25Z ERR Serve tunnel error error="control stream encountered a failure while serving" connIndex=0 event=0 ip=198.41.192.47
2026-08-24T03:20:25Z INF Retrying connection in up to 1m4s connIndex=0 event=0 ip=198.41.192.47
2026-08-24T03:20:49Z INF Tunnel connection curve preferences: [X25519MLKEM768 CurveID(65074) CurveP256] connIndex=0 event=0 ip=198.41.192.47
2026-08-24T03:20:49Z ERR failed to run the datagram handler error="context canceled" connIndex=0 event=0 ip=198.41.192.47
2026-08-24T03:20:49Z ERR failed to serve tunnel connection error="control stream encountered a failure while serving" connIndex=0 event=0 ip=198.41.192.47
2026-08-24T03:20:49Z ERR Serve tunnel error error="control stream encountered a failure while serving" connIndex=0 event=0 ip=198.41.192.47
2026-08-24T03:20:49Z INF Retrying connection in up to 1m4s connIndex=0 event=0 ip=198.41.192.47
2026-08-24T03:21:19Z INF Tunnel connection curve preferences: [X25519MLKEM768 CurveID(65074) CurveP256] connIndex=0 event=0 ip=198.41.192.47
2026-08-24T03:21:19Z ERR failed to run the datagram handler error="context canceled" connIndex=0 event=0 ip=198.41.192.47
2026-08-24T03:21:19Z ERR failed to serve tunnel connection error="control stream encountered a failure while serving" connIndex=0 event=0 ip=198.41.192.47
2026-08-24T03:21:19Z ERR Serve tunnel error error="control stream encountered a failure while serving" connIndex=0 event=0 ip=198.41.192.47
2026-08-24T03:21:19Z INF Retrying connection in up to 1m4s connIndex=0 event=0 ip=198.41.192.47
2026-08-24T03:21:33Z INF Tunnel connection curve preferences: [X25519MLKEM768 CurveID(65074) CurveP256] connIndex=0 event=0 ip=198.41.192.47
2026-08-24T03:21:33Z ERR failed to run the datagram handler error="context canceled" connIndex=0 event=0 ip=198.41.192.47
2026-08-24T03:21:33Z ERR failed to serve tunnel connection error="control stream encountered a failure while serving" connIndex=0 event=0 ip=198.41.192.47
2026-08-24T03:21:33Z ERR Serve tunnel error error="control stream encountered a failure while serving" connIndex=0 event=0 ip=198.41.192.47
2026-08-24T03:21:33Z INF Retrying connection in up to 1m4s connIndex=0 event=0 ip=198.41.192.47
2026-08-24T03:21:59Z INF Tunnel connection curve preferences: [X25519MLKEM768 CurveID(65074) CurveP256] connIndex=0 event=0 ip=198.41.192.47
2026-08-24T03:22:00Z ERR failed to run the datagram handler error="context canceled" connIndex=0 event=0 ip=198.41.192.47
2026-08-24T03:22:00Z ERR failed to serve tunnel connection error="control stream encountered a failure while serving" connIndex=0 event=0 ip=198.41.192.47
2026-08-24T03:22:00Z ERR Serve tunnel error error="control stream encountered a failure while serving" connIndex=0 event=0 ip=198.41.192.47
2026-08-24T03:22:00Z INF Retrying connection in up to 1m4s connIndex=0 event=0 ip=198.41.192.47
2026-08-24T03:22:04Z INF Tunnel connection curve preferences: [X25519MLKEM768 CurveID(65074) CurveP256] connIndex=0 event=0 ip=198.41.192.47
2026-08-24T03:22:04Z ERR failed to run the datagram handler error="context canceled" connIndex=0 event=0 ip=198.41.192.47
2026-08-24T03:22:04Z ERR failed to serve tunnel connection error="control stream encountered a failure while serving" connIndex=0 event=0 ip=198.41.192.47
2026-08-24T03:22:04Z ERR Serve tunnel error error="control stream encountered a failure while serving" connIndex=0 event=0 ip=198.41.192.47
2026-08-24T03:22:04Z INF Retrying connection in up to 1m4s connIndex=0 event=0 ip=198.41.192.47
2026-08-24T03:22:05Z INF Tunnel connection curve preferences: [X25519MLKEM768 CurveID(65074) CurveP256] connIndex=0 event=0 ip=198.41.192.47
2026-08-24T03:22:05Z ERR failed to run the datagram handler error="context canceled" connIndex=0 event=0 ip=198.41.192.47
2026-08-24T03:22:05Z ERR failed to serve tunnel connection error="control stream encountered a failure while serving" connIndex=0 event=0 ip=198.41.192.47
2026-08-24T03:22:05Z ERR Serve tunnel error error="control stream encountered a failure while serving" connIndex=0 event=0 ip=198.41.192.47
2026-08-24T03:22:05Z INF Retrying connection in up to 1m4s connIndex=0 event=0 ip=198.41.192.47
2026-08-24T03:22:34Z INF Tunnel connection curve preferences: [X25519MLKEM768 CurveID(65074) CurveP256] connIndex=0 event=0 ip=198.41.192.47
2026-08-24T03:22:34Z ERR failed to run the datagram handler error="context canceled" connIndex=0 event=0 ip=198.41.192.47
2026-08-24T03:22:34Z ERR failed to serve tunnel connection error="control stream encountered a failure while serving" connIndex=0 event=0 ip=198.41.192.47
2026-08-24T03:22:34Z ERR Serve tunnel error error="control stream encountered a failure while serving" connIndex=0 event=0 ip=198.41.192.47
2026-08-24T03:22:34Z INF Retrying connection in up to 1m4s connIndex=0 event=0 ip=198.41.192.47
2026-08-24T03:22:41Z INF Tunnel connection curve preferences: [X25519MLKEM768 CurveID(65074) CurveP256] connIndex=0 event=0 ip=198.41.192.47
2026-08-24T03:22:42Z ERR failed to run the datagram handler error="context canceled" connIndex=0 event=0 ip=198.41.192.47
2026-08-24T03:22:42Z ERR failed to serve tunnel connection error="control stream encountered a failure while serving" connIndex=0 event=0 ip=198.41.192.47
2026-08-24T03:22:42Z ERR Serve tunnel error error="control stream encountered a failure while serving" connIndex=0 event=0 ip=198.41.192.47
2026-08-24T03:22:42Z INF Retrying connection in up to 1m4s connIndex=0 event=0 ip=198.41.192.47
2026-08-24T03:23:08Z INF Tunnel connection curve preferences: [X25519MLKEM768 CurveID(65074) CurveP256] connIndex=0 event=0 ip=198.41.192.47
2026-08-24T03:23:08Z ERR failed to run the datagram handler error="context canceled" connIndex=0 event=0 ip=198.41.192.47
2026-08-24T03:23:08Z ERR failed to serve tunnel connection error="control stream encountered a failure while serving" connIndex=0 event=0 ip=198.41.192.47
2026-08-24T03:23:08Z ERR Serve tunnel error error="control stream encountered a failure while serving" connIndex=0 event=0 ip=198.41.192.47
2026-08-24T03:23:08Z INF Retrying connection in up to 1m4s connIndex=0 event=0 ip=198.41.192.47
2026-08-24T03:23:33Z INF Tunnel connection curve preferences: [X25519MLKEM768 CurveID(65074) CurveP256] connIndex=0 event=0 ip=198.41.192.47
2026-08-24T03:23:33Z ERR failed to run the datagram handler error="context canceled" connIndex=0 event=0 ip=198.41.192.47
2026-08-24T03:23:33Z ERR failed to serve tunnel connection error="control stream encountered a failure while serving" connIndex=0 event=0 ip=198.41.192.47
2026-08-24T03:23:33Z ERR Serve tunnel error error="control stream encountered a failure while serving" connIndex=0 event=0 ip=198.41.192.47
2026-08-24T03:23:33Z INF Retrying connection in up to 1m4s connIndex=0 event=0 ip=198.41.192.47
2026-08-24T03:23:36Z INF Tunnel connection curve preferences: [X25519MLKEM768 CurveID(65074) CurveP256] connIndex=0 event=0 ip=198.41.192.47
2026-08-24T03:23:36Z ERR failed to run the datagram handler error="context canceled" connIndex=0 event=0 ip=198.41.192.47
2026-08-24T03:23:36Z ERR failed to serve tunnel connection error="control stream encountered a failure while serving" connIndex=0 event=0 ip=198.41.192.47
2026-08-24T03:23:36Z ERR Serve tunnel error error="control stream encountered a failure while serving" connIndex=0 event=0 ip=198.41.192.47
2026-08-24T03:23:36Z INF Retrying connection in up to 1m4s connIndex=0 event=0 ip=198.41.192.47
2026-08-24T03:23:54Z INF Tunnel connection curve preferences: [X25519MLKEM768 CurveID(65074) CurveP256] connIndex=0 event=0 ip=198.41.192.47
2026-08-24T03:23:54Z ERR failed to run the datagram handler error="context canceled" connIndex=0 event=0 ip=198.41.192.47
2026-08-24T03:23:54Z ERR failed to serve tunnel connection error="control stream encountered a failure while serving" connIndex=0 event=0 ip=198.41.192.47
2026-08-24T03:23:54Z ERR Serve tunnel error error="control stream encountered a failure while serving" connIndex=0 event=0 ip=198.41.192.47
2026-08-24T03:23:54Z INF Retrying connection in up to 1m4s connIndex=0 event=0 ip=198.41.192.47
2026-08-24T03:24:04Z INF Tunnel connection curve preferences: [X25519MLKEM768 CurveID(65074) CurveP256] connIndex=0 event=0 ip=198.41.192.47
2026-08-24T03:24:04Z ERR failed to run the datagram handler error="context canceled" connIndex=0 event=0 ip=198.41.192.47
2026-08-24T03:24:04Z ERR failed to serve tunnel connection error="control stream encountered a failure while serving" connIndex=0 event=0 ip=198.41.192.47
2026-08-24T03:24:04Z ERR Serve tunnel error error="control stream encountered a failure while serving" connIndex=0 event=0 ip=198.41.192.47
2026-08-24T03:24:04Z INF Retrying connection in up to 1m4s connIndex=0 event=0 ip=198.41.192.47
2026-08-24T03:24:22Z INF Tunnel connection curve preferences: [X25519MLKEM768 CurveID(65074) CurveP256] connIndex=0 event=0 ip=198.41.192.47
2026-08-24T03:24:22Z ERR failed to run the datagram handler error="context canceled" connIndex=0 event=0 ip=198.41.192.47
2026-08-24T03:24:22Z ERR failed to serve tunnel connection error="control stream encountered a failure while serving" connIndex=0 event=0 ip=198.41.192.47
2026-08-24T03:24:22Z ERR Serve tunnel error error="control stream encountered a failure while serving" connIndex=0 event=0 ip=198.41.192.47
2026-08-24T03:24:22Z INF Retrying connection in up to 1m4s connIndex=0 event=0 ip=198.41.192.47
2026-08-24T03:24:50Z INF Tunnel connection curve preferences: [X25519MLKEM768 CurveID(65074) CurveP256] connIndex=0 event=0 ip=198.41.192.47
2026-08-24T03:24:51Z ERR failed to run the datagram handler error="context canceled" connIndex=0 event=0 ip=198.41.192.47
2026-08-24T03:24:51Z ERR failed to serve tunnel connection error="control stream encountered a failure while serving" connIndex=0 event=0 ip=198.41.192.47
2026-08-24T03:24:51Z ERR Serve tunnel error error="control stream encountered a failure while serving" connIndex=0 event=0 ip=198.41.192.47
2026-08-24T03:24:51Z INF Retrying connection in up to 1m4s connIndex=0 event=0 ip=198.41.192.47
2026-08-24T03:26:10Z INF Tunnel connection curve preferences: [X25519MLKEM768 CurveID(65074) CurveP256] connIndex=0 event=0 ip=198.41.192.47
2026-08-24T03:26:10Z ERR failed to run the datagram handler error="context canceled" connIndex=0 event=0 ip=198.41.192.47
2026-08-24T03:26:10Z ERR failed to serve tunnel connection error="control stream encountered a failure while serving" connIndex=0 event=0 ip=198.41.192.47
2026-08-24T03:26:10Z ERR Serve tunnel error error="control stream encountered a failure while serving" connIndex=0 event=0 ip=198.41.192.47
2026-08-24T03:26:10Z INF Retrying connection in up to 1m4s connIndex=0 event=0 ip=198.41.192.47
2026-08-24T03:26:13Z INF Tunnel connection curve preferences: [X25519MLKEM768 CurveID(65074) CurveP256] connIndex=0 event=0 ip=198.41.192.47
2026-08-24T03:26:15Z ERR failed to run the datagram handler error="context canceled" connIndex=0 event=0 ip=198.41.192.47
2026-08-24T03:26:15Z ERR failed to serve tunnel connection error="control stream encountered a failure while serving" connIndex=0 event=0 ip=198.41.192.47
2026-08-24T03:26:15Z ERR Serve tunnel error error="control stream encountered a failure while serving" connIndex=0 event=0 ip=198.41.192.47
2026-08-24T03:26:15Z INF Retrying connection in up to 1m4s connIndex=0 event=0 ip=198.41.192.47
2026-08-24T03:26:24Z INF Tunnel connection curve preferences: [X25519MLKEM768 CurveID(65074) CurveP256] connIndex=0 event=0 ip=198.41.192.47
2026-08-24T03:26:24Z ERR failed to run the datagram handler error="context canceled" connIndex=0 event=0 ip=198.41.192.47
2026-08-24T03:26:24Z ERR failed to serve tunnel connection error="control stream encountered a failure while serving" connIndex=0 event=0 ip=198.41.192.47
2026-08-24T03:26:24Z ERR Serve tunnel error error="control stream encountered a failure while serving" connIndex=0 event=0 ip=198.41.192.47
2026-08-24T03:26:24Z INF Retrying connection in up to 1m4s connIndex=0 event=0 ip=198.41.192.47
2026-08-24T03:26:40Z INF Tunnel connection curve preferences: [X25519MLKEM768 CurveID(65074) CurveP256] connIndex=0 event=0 ip=198.41.192.47
2026-08-24T03:26:40Z ERR failed to run the datagram handler error="context canceled" connIndex=0 event=0 ip=198.41.192.47
2026-08-24T03:26:40Z ERR failed to serve tunnel connection error="control stream encountered a failure while serving" connIndex=0 event=0 ip=198.41.192.47
2026-08-24T03:26:40Z ERR Serve tunnel error error="control stream encountered a failure while serving" connIndex=0 event=0 ip=198.41.192.47
2026-08-24T03:26:40Z INF Retrying connection in up to 1m4s connIndex=0 event=0 ip=198.41.192.47
2026-08-24T03:27:03Z INF Tunnel connection curve preferences: [X25519MLKEM768 CurveID(65074) CurveP256] connIndex=0 event=0 ip=198.41.192.47
2026-08-24T03:27:03Z ERR failed to run the datagram handler error="context canceled" connIndex=0 event=0 ip=198.41.192.47
2026-08-24T03:27:03Z ERR failed to serve tunnel connection error="control stream encountered a failure while serving" connIndex=0 event=0 ip=198.41.192.47
2026-08-24T03:27:03Z ERR Serve tunnel error error="control stream encountered a failure while serving" connIndex=0 event=0 ip=198.41.192.47
2026-08-24T03:27:03Z INF Retrying connection in up to 1m4s connIndex=0 event=0 ip=198.41.192.47
2026-08-24T03:27:11Z INF Tunnel connection curve preferences: [X25519MLKEM768 CurveID(65074) CurveP256] connIndex=0 event=0 ip=198.41.192.47
2026-08-24T03:27:11Z ERR failed to run the datagram handler error="context canceled" connIndex=0 event=0 ip=198.41.192.47
2026-08-24T03:27:11Z ERR failed to serve tunnel connection error="control stream encountered a failure while serving" connIndex=0 event=0 ip=198.41.192.47
2026-08-24T03:27:11Z ERR Serve tunnel error error="control stream encountered a failure while serving" connIndex=0 event=0 ip=198.41.192.47
2026-08-24T03:27:11Z INF Retrying connection in up to 1m4s connIndex=0 event=0 ip=198.41.192.47
2026-08-24T03:27:13Z INF Tunnel connection curve preferences: [X25519MLKEM768 CurveID(65074) CurveP256] connIndex=0 event=0 ip=198.41.192.47
2026-08-24T03:27:13Z ERR failed to run the datagram handler error="context canceled" connIndex=0 event=0 ip=198.41.192.47
2026-08-24T03:27:13Z ERR failed to serve tunnel connection error="control stream encountered a failure while serving" connIndex=0 event=0 ip=198.41.192.47
2026-08-24T03:27:13Z ERR Serve tunnel error error="control stream encountered a failure while serving" connIndex=0 event=0 ip=198.41.192.47
2026-08-24T03:27:13Z INF Retrying connection in up to 1m4s connIndex=0 event=0 ip=198.41.192.47
2026-08-24T03:27:40Z INF Tunnel connection curve preferences: [X25519MLKEM768 CurveID(65074) CurveP256] connIndex=0 event=0 ip=198.41.192.47
2026-08-24T03:27:41Z ERR failed to run the datagram handler error="context canceled" connIndex=0 event=0 ip=198.41.192.47
2026-08-24T03:27:41Z ERR failed to serve tunnel connection error="control stream encountered a failure while serving" connIndex=0 event=0 ip=198.41.192.47
2026-08-24T03:27:41Z ERR Serve tunnel error error="control stream encountered a failure while serving" connIndex=0 event=0 ip=198.41.192.47
2026-08-24T03:27:41Z INF Retrying connection in up to 1m4s connIndex=0 event=0 ip=198.41.192.47
2026-08-24T03:27:49Z INF Tunnel connection curve preferences: [X25519MLKEM768 CurveID(65074) CurveP256] connIndex=0 event=0 ip=198.41.192.47
2026-08-24T03:27:49Z ERR failed to run the datagram handler error="context canceled" connIndex=0 event=0 ip=198.41.192.47
2026-08-24T03:27:49Z ERR failed to serve tunnel connection error="control stream encountered a failure while serving" connIndex=0 event=0 ip=198.41.192.47
2026-08-24T03:27:49Z ERR Serve tunnel error error="control stream encountered a failure while serving" connIndex=0 event=0 ip=198.41.192.47
2026-08-24T03:27:49Z INF Retrying connection in up to 1m4s connIndex=0 event=0 ip=198.41.192.47
2026-08-24T03:28:13Z INF Tunnel connection curve preferences: [X25519MLKEM768 CurveID(65074) CurveP256] connIndex=0 event=0 ip=198.41.192.47
2026-08-24T03:28:13Z ERR failed to run the datagram handler error="context canceled" connIndex=0 event=0 ip=198.41.192.47
2026-08-24T03:28:13Z ERR failed to serve tunnel connection error="control stream encountered a failure while serving" connIndex=0 event=0 ip=198.41.192.47
2026-08-24T03:28:13Z ERR Serve tunnel error error="control stream encountered a failure while serving" connIndex=0 event=0 ip=198.41.192.47
2026-08-24T03:28:13Z INF Retrying connection in up to 1m4s connIndex=0 event=0 ip=198.41.192.47
2026-08-24T03:28:21Z INF Tunnel connection curve preferences: [X25519MLKEM768 CurveID(65074) CurveP256] connIndex=0 event=0 ip=198.41.192.47
2026-08-24T03:28:22Z ERR failed to run the datagram handler error="context canceled" connIndex=0 event=0 ip=198.41.192.47
2026-08-24T03:28:22Z ERR failed to serve tunnel connection error="control stream encountered a failure while serving" connIndex=0 event=0 ip=198.41.192.47
2026-08-24T03:28:22Z ERR Serve tunnel error error="control stream encountered a failure while serving" connIndex=0 event=0 ip=198.41.192.47
2026-08-24T03:28:22Z INF Retrying connection in up to 1m4s connIndex=0 event=0 ip=198.41.192.47
2026-08-24T03:28:48Z INF Tunnel connection curve preferences: [X25519MLKEM768 CurveID(65074) CurveP256] connIndex=0 event=0 ip=198.41.192.47
2026-08-24T03:28:48Z ERR failed to run the datagram handler error="context canceled" connIndex=0 event=0 ip=198.41.192.47
2026-08-24T03:28:48Z ERR failed to serve tunnel connection error="control stream encountered a failure while serving" connIndex=0 event=0 ip=198.41.192.47
2026-08-24T03:28:48Z ERR Serve tunnel error error="control stream encountered a failure while serving" connIndex=0 event=0 ip=198.41.192.47
2026-08-24T03:28:48Z INF Retrying connection in up to 1m4s connIndex=0 event=0 ip=198.41.192.47
2026-08-24T03:29:07Z INF Tunnel connection curve preferences: [X25519MLKEM768 CurveID(65074) CurveP256] connIndex=0 event=0 ip=198.41.192.47
2026-08-24T03:29:07Z ERR failed to run the datagram handler error="context canceled" connIndex=0 event=0 ip=198.41.192.47
2026-08-24T03:29:07Z ERR failed to serve tunnel connection error="control stream encountered a failure while serving" connIndex=0 event=0 ip=198.41.192.47
2026-08-24T03:29:07Z ERR Serve tunnel error error="control stream encountered a failure while serving" connIndex=0 event=0 ip=198.41.192.47
2026-08-24T03:29:07Z INF Retrying connection in up to 1m4s connIndex=0 event=0 ip=198.41.192.47
2026-08-24T03:29:14Z INF Tunnel connection curve preferences: [X25519MLKEM768 CurveID(65074) CurveP256] connIndex=0 event=0 ip=198.41.192.47
2026-08-24T03:29:14Z ERR failed to run the datagram handler error="context canceled" connIndex=0 event=0 ip=198.41.192.47
2026-08-24T03:29:14Z ERR failed to serve tunnel connection error="control stream encountered a failure while serving" connIndex=0 event=0 ip=198.41.192.47
2026-08-24T03:29:14Z ERR Serve tunnel error error="control stream encountered a failure while serving" connIndex=0 event=0 ip=198.41.192.47
2026-08-24T03:29:14Z INF Retrying connection in up to 1m4s connIndex=0 event=0 ip=198.41.192.47
2026-08-24T03:29:17Z INF Tunnel connection curve preferences: [X25519MLKEM768 CurveID(65074) CurveP256] connIndex=0 event=0 ip=198.41.192.47
2026-08-24T03:29:17Z ERR failed to run the datagram handler error="context canceled" connIndex=0 event=0 ip=198.41.192.47
2026-08-24T03:29:17Z ERR failed to serve tunnel connection error="control stream encountered a failure while serving" connIndex=0 event=0 ip=198.41.192.47
2026-08-24T03:29:17Z ERR Serve tunnel error error="control stream encountered a failure while serving" connIndex=0 event=0 ip=198.41.192.47
2026-08-24T03:29:17Z INF Retrying connection in up to 1m4s connIndex=0 event=0 ip=198.41.192.47
2026-08-24T03:29:25Z INF Tunnel connection curve preferences: [X25519MLKEM768 CurveID(65074) CurveP256] connIndex=0 event=0 ip=198.41.192.47
2026-08-24T03:29:25Z ERR failed to run the datagram handler error="context canceled" connIndex=0 event=0 ip=198.41.192.47
2026-08-24T03:29:25Z ERR failed to serve tunnel connection error="control stream encountered a failure while serving" connIndex=0 event=0 ip=198.41.192.47
2026-08-24T03:29:25Z ERR Serve tunnel error error="control stream encountered a failure while serving" connIndex=0 event=0 ip=198.41.192.47
2026-08-24T03:29:25Z INF Retrying connection in up to 1m4s connIndex=0 event=0 ip=198.41.192.47
2026-08-24T03:29:43Z INF Tunnel connection curve preferences: [X25519MLKEM768 CurveID(65074) CurveP256] connIndex=0 event=0 ip=198.41.192.47
2026-08-24T03:29:44Z ERR failed to run the datagram handler error="context canceled" connIndex=0 event=0 ip=198.41.192.47
2026-08-24T03:29:44Z ERR failed to serve tunnel connection error="control stream encountered a failure while serving" connIndex=0 event=0 ip=198.41.192.47
2026-08-24T03:29:44Z ERR Serve tunnel error error="control stream encountered a failure while serving" connIndex=0 event=0 ip=198.41.192.47
2026-08-24T03:29:44Z INF Retrying connection in up to 1m4s connIndex=0 event=0 ip=198.41.192.47
2026-08-24T03:30:07Z INF Tunnel connection curve preferences: [X25519MLKEM768 CurveID(65074) CurveP256] connIndex=0 event=0 ip=198.41.192.47
2026-08-24T03:30:07Z ERR failed to run the datagram handler error="context canceled" connIndex=0 event=0 ip=198.41.192.47
2026-08-24T03:30:07Z ERR failed to serve tunnel connection error="control stream encountered a failure while serving" connIndex=0 event=0 ip=198.41.192.47
2026-08-24T03:30:07Z ERR Serve tunnel error error="control stream encountered a failure while serving" connIndex=0 event=0 ip=198.41.192.47
2026-08-24T03:30:07Z INF Retrying connection in up to 1m4s connIndex=0 event=0 ip=198.41.192.47
2026-08-24T03:30:21Z INF Tunnel connection curve preferences: [X25519MLKEM768 CurveID(65074) CurveP256] connIndex=0 event=0 ip=198.41.192.47
2026-08-24T03:30:22Z ERR failed to run the datagram handler error="context canceled" connIndex=0 event=0 ip=198.41.192.47
2026-08-24T03:30:22Z ERR failed to serve tunnel connection error="control stream encountered a failure while serving" connIndex=0 event=0 ip=198.41.192.47
2026-08-24T03:30:22Z ERR Serve tunnel error error="control stream encountered a failure while serving" connIndex=0 event=0 ip=198.41.192.47
2026-08-24T03:30:22Z INF Retrying connection in up to 1m4s connIndex=0 event=0 ip=198.41.192.47
2026-08-24T03:30:49Z INF Tunnel connection curve preferences: [X25519MLKEM768 CurveID(65074) CurveP256] connIndex=0 event=0 ip=198.41.192.47
2026-08-24T03:30:49Z ERR failed to run the datagram handler error="context canceled" connIndex=0 event=0 ip=198.41.192.47
2026-08-24T03:30:49Z ERR failed to serve tunnel connection error="control stream encountered a failure while serving" connIndex=0 event=0 ip=198.41.192.47
2026-08-24T03:30:49Z ERR Serve tunnel error error="control stream encountered a failure while serving" connIndex=0 event=0 ip=198.41.192.47
2026-08-24T03:30:49Z INF Retrying connection in up to 1m4s connIndex=0 event=0 ip=198.41.192.47
2026-08-24T03:31:13Z INF Tunnel connection curve preferences: [X25519MLKEM768 CurveID(65074) CurveP256] connIndex=0 event=0 ip=198.41.192.47
2026-08-24T03:31:13Z ERR failed to run the datagram handler error="context canceled" connIndex=0 event=0 ip=198.41.192.47
2026-08-24T03:31:13Z ERR failed to serve tunnel connection error="control stream encountered a failure while serving" connIndex=0 event=0 ip=198.41.192.47
2026-08-24T03:31:13Z ERR Serve tunnel error error="control stream encountered a failure while serving" connIndex=0 event=0 ip=198.41.192.47
2026-08-24T03:31:13Z INF Retrying connection in up to 1m4s connIndex=0 event=0 ip=198.41.192.47
2026-08-24T03:31:19Z INF Tunnel connection curve preferences: [X25519MLKEM768 CurveID(65074) CurveP256] connIndex=0 event=0 ip=198.41.192.47
2026-08-24T03:31:19Z ERR failed to run the datagram handler error="context canceled" connIndex=0 event=0 ip=198.41.192.47
2026-08-24T03:31:19Z ERR failed to serve tunnel connection error="control stream encountered a failure while serving" connIndex=0 event=0 ip=198.41.192.47
2026-08-24T03:31:19Z ERR Serve tunnel error error="control stream encountered a failure while serving" connIndex=0 event=0 ip=198.41.192.47
2026-08-24T03:31:19Z INF Retrying connection in up to 1m4s connIndex=0 event=0 ip=198.41.192.47
2026-08-24T03:31:49Z INF Tunnel connection curve preferences: [X25519MLKEM768 CurveID(65074) CurveP256] connIndex=0 event=0 ip=198.41.192.47
2026-08-24T03:31:49Z ERR failed to run the datagram handler error="context canceled" connIndex=0 event=0 ip=198.41.192.47
2026-08-24T03:31:49Z ERR failed to serve tunnel connection error="control stream encountered a failure while serving" connIndex=0 event=0 ip=198.41.192.47
2026-08-24T03:31:49Z ERR Serve tunnel error error="control stream encountered a failure while serving" connIndex=0 event=0 ip=198.41.192.47
2026-08-24T03:31:49Z INF Retrying connection in up to 1m4s connIndex=0 event=0 ip=198.41.192.47
2026-08-24T03:32:04Z INF Tunnel connection curve preferences: [X25519MLKEM768 CurveID(65074) CurveP256] connIndex=0 event=0 ip=198.41.192.47
2026-08-24T03:32:04Z ERR failed to run the datagram handler error="context canceled" connIndex=0 event=0 ip=198.41.192.47
2026-08-24T03:32:04Z ERR failed to serve tunnel connection error="control stream encountered a failure while serving" connIndex=0 event=0 ip=198.41.192.47
2026-08-24T03:32:04Z ERR Serve tunnel error error="control stream encountered a failure while serving" connIndex=0 event=0 ip=198.41.192.47
2026-08-24T03:32:04Z INF Retrying connection in up to 1m4s connIndex=0 event=0 ip=198.41.192.47
2026-08-24T03:32:10Z INF Tunnel connection curve preferences: [X25519MLKEM768 CurveID(65074) CurveP256] connIndex=0 event=0 ip=198.41.192.47
2026-08-24T03:32:10Z ERR failed to run the datagram handler error="context canceled" connIndex=0 event=0 ip=198.41.192.47
2026-08-24T03:32:10Z ERR failed to serve tunnel connection error="control stream encountered a failure while serving" connIndex=0 event=0 ip=198.41.192.47
2026-08-24T03:32:10Z ERR Serve tunnel error error="control stream encountered a failure while serving" connIndex=0 event=0 ip=198.41.192.47
2026-08-24T03:32:10Z INF Retrying connection in up to 1m4s connIndex=0 event=0 ip=198.41.192.47
2026-08-24T03:32:29Z INF Tunnel connection curve preferences: [X25519MLKEM768 CurveID(65074) CurveP256] connIndex=0 event=0 ip=198.41.192.47
2026-08-24T03:32:29Z ERR failed to run the datagram handler error="context canceled" connIndex=0 event=0 ip=198.41.192.47
2026-08-24T03:32:29Z ERR failed to serve tunnel connection error="control stream encountered a failure while serving" connIndex=0 event=0 ip=198.41.192.47
2026-08-24T03:32:29Z ERR Serve tunnel error error="control stream encountered a failure while serving" connIndex=0 event=0 ip=198.41.192.47
2026-08-24T03:32:29Z INF Retrying connection in up to 1m4s connIndex=0 event=0 ip=198.41.192.47
2026-08-24T03:32:53Z INF Tunnel connection curve preferences: [X25519MLKEM768 CurveID(65074) CurveP256] connIndex=0 event=0 ip=198.41.192.47
2026-08-24T03:32:55Z ERR failed to run the datagram handler error="context canceled" connIndex=0 event=0 ip=198.41.192.47
2026-08-24T03:32:55Z ERR failed to serve tunnel connection error="control stream encountered a failure while serving" connIndex=0 event=0 ip=198.41.192.47
2026-08-24T03:32:55Z ERR Serve tunnel error error="control stream encountered a failure while serving" connIndex=0 event=0 ip=198.41.192.47
2026-08-24T03:32:55Z INF Retrying connection in up to 1m4s connIndex=0 event=0 ip=198.41.192.47
2026-08-24T03:33:21Z INF Tunnel connection curve preferences: [X25519MLKEM768 CurveID(65074) CurveP256] connIndex=0 event=0 ip=198.41.192.47
2026-08-24T03:33:21Z ERR failed to run the datagram handler error="context canceled" connIndex=0 event=0 ip=198.41.192.47
2026-08-24T03:33:21Z ERR failed to serve tunnel connection error="control stream encountered a failure while serving" connIndex=0 event=0 ip=198.41.192.47
2026-08-24T03:33:21Z ERR Serve tunnel error error="control stream encountered a failure while serving" connIndex=0 event=0 ip=198.41.192.47
2026-08-24T03:33:21Z INF Retrying connection in up to 1m4s connIndex=0 event=0 ip=198.41.192.47
2026-08-24T03:33:45Z INF Tunnel connection curve preferences: [X25519MLKEM768 CurveID(65074) CurveP256] connIndex=0 event=0 ip=198.41.192.47
2026-08-24T03:33:46Z ERR failed to run the datagram handler error="context canceled" connIndex=0 event=0 ip=198.41.192.47
2026-08-24T03:33:46Z ERR failed to serve tunnel connection error="control stream encountered a failure while serving" connIndex=0 event=0 ip=198.41.192.47
2026-08-24T03:33:46Z ERR Serve tunnel error error="control stream encountered a failure while serving" connIndex=0 event=0 ip=198.41.192.47
2026-08-24T03:33:46Z INF Retrying connection in up to 1m4s connIndex=0 event=0 ip=198.41.192.47
2026-08-24T03:33:57Z INF Tunnel connection curve preferences: [X25519MLKEM768 CurveID(65074) CurveP256] connIndex=0 event=0 ip=198.41.192.47
2026-08-24T03:33:57Z ERR failed to run the datagram handler error="context canceled" connIndex=0 event=0 ip=198.41.192.47
2026-08-24T03:33:57Z ERR failed to serve tunnel connection error="control stream encountered a failure while serving" connIndex=0 event=0 ip=198.41.192.47
2026-08-24T03:33:57Z ERR Serve tunnel error error="control stream encountered a failure while serving" connIndex=0 event=0 ip=198.41.192.47
2026-08-24T03:33:57Z INF Retrying connection in up to 1m4s connIndex=0 event=0 ip=198.41.192.47
2026-08-24T03:34:17Z INF Tunnel connection curve preferences: [X25519MLKEM768 CurveID(65074) CurveP256] connIndex=0 event=0 ip=198.41.192.47
2026-08-24T03:34:17Z ERR failed to run the datagram handler error="context canceled" connIndex=0 event=0 ip=198.41.192.47
2026-08-24T03:34:17Z ERR failed to serve tunnel connection error="control stream encountered a failure while serving" connIndex=0 event=0 ip=198.41.192.47
2026-08-24T03:34:17Z ERR Serve tunnel error error="control stream encountered a failure while serving" connIndex=0 event=0 ip=198.41.192.47
2026-08-24T03:34:17Z INF Retrying connection in up to 1m4s connIndex=0 event=0 ip=198.41.192.47
2026-08-24T03:34:36Z INF Tunnel connection curve preferences: [X25519MLKEM768 CurveID(65074) CurveP256] connIndex=0 event=0 ip=198.41.192.47
2026-08-24T03:34:36Z ERR failed to run the datagram handler error="context canceled" connIndex=0 event=0 ip=198.41.192.47
2026-08-24T03:34:36Z ERR failed to serve tunnel connection error="control stream encountered a failure while serving" connIndex=0 event=0 ip=198.41.192.47
2026-08-24T03:34:36Z ERR Serve tunnel error error="control stream encountered a failure while serving" connIndex=0 event=0 ip=198.41.192.47
2026-08-24T03:34:36Z INF Retrying connection in up to 1m4s connIndex=0 event=0 ip=198.41.192.47
2026-08-24T03:34:37Z INF Tunnel connection curve preferences: [X25519MLKEM768 CurveID(65074) CurveP256] connIndex=0 event=0 ip=198.41.192.47
2026-08-24T03:34:37Z ERR failed to run the datagram handler error="context canceled" connIndex=0 event=0 ip=198.41.192.47
2026-08-24T03:34:37Z ERR failed to serve tunnel connection error="control stream encountered a failure while serving" connIndex=0 event=0 ip=198.41.192.47
2026-08-24T03:34:37Z ERR Serve tunnel error error="control stream encountered a failure while serving" connIndex=0 event=0 ip=198.41.192.47
2026-08-24T03:34:37Z INF Retrying connection in up to 1m4s connIndex=0 event=0 ip=198.41.192.47
2026-08-24T03:35:07Z INF Tunnel connection curve preferences: [X25519MLKEM768 CurveID(65074) CurveP256] connIndex=0 event=0 ip=198.41.192.47
2026-08-24T03:35:07Z ERR failed to run the datagram handler error="context canceled" connIndex=0 event=0 ip=198.41.192.47
2026-08-24T03:35:07Z ERR failed to serve tunnel connection error="control stream encountered a failure while serving" connIndex=0 event=0 ip=198.41.192.47
2026-08-24T03:35:07Z ERR Serve tunnel error error="control stream encountered a failure while serving" connIndex=0 event=0 ip=198.41.192.47
2026-08-24T03:35:07Z INF Retrying connection in up to 1m4s connIndex=0 event=0 ip=198.41.192.47
2026-08-24T03:35:08Z INF Tunnel connection curve preferences: [X25519MLKEM768 CurveID(65074) CurveP256] connIndex=0 event=0 ip=198.41.192.47
2026-08-24T03:35:08Z ERR failed to run the datagram handler error="context canceled" connIndex=0 event=0 ip=198.41.192.47
2026-08-24T03:35:08Z ERR failed to serve tunnel connection error="control stream encountered a failure while serving" connIndex=0 event=0 ip=198.41.192.47
2026-08-24T03:35:08Z ERR Serve tunnel error error="control stream encountered a failure while serving" connIndex=0 event=0 ip=198.41.192.47
2026-08-24T03:35:08Z INF Retrying connection in up to 1m4s connIndex=0 event=0 ip=198.41.192.47
2026-08-24T03:35:35Z INF Tunnel connection curve preferences: [X25519MLKEM768 CurveID(65074) CurveP256] connIndex=0 event=0 ip=198.41.192.47
2026-08-24T03:35:35Z ERR failed to run the datagram handler error="context canceled" connIndex=0 event=0 ip=198.41.192.47
2026-08-24T03:35:35Z ERR failed to serve tunnel connection error="control stream encountered a failure while serving" connIndex=0 event=0 ip=198.41.192.47
2026-08-24T03:35:35Z ERR Serve tunnel error error="control stream encountered a failure while serving" connIndex=0 event=0 ip=198.41.192.47
2026-08-24T03:35:35Z INF Retrying connection in up to 1m4s connIndex=0 event=0 ip=198.41.192.47
2026-08-24T03:36:03Z INF Tunnel connection curve preferences: [X25519MLKEM768 CurveID(65074) CurveP256] connIndex=0 event=0 ip=198.41.192.47
2026-08-24T03:36:03Z ERR failed to run the datagram handler error="context canceled" connIndex=0 event=0 ip=198.41.192.47
2026-08-24T03:36:03Z ERR failed to serve tunnel connection error="control stream encountered a failure while serving" connIndex=0 event=0 ip=198.41.192.47
2026-08-24T03:36:03Z ERR Serve tunnel error error="control stream encountered a failure while serving" connIndex=0 event=0 ip=198.41.192.47
2026-08-24T03:36:03Z INF Retrying connection in up to 1m4s connIndex=0 event=0 ip=198.41.192.47
2026-08-24T03:36:19Z INF Tunnel connection curve preferences: [X25519MLKEM768 CurveID(65074) CurveP256] connIndex=0 event=0 ip=198.41.192.47
2026-08-24T03:36:19Z ERR failed to run the datagram handler error="context canceled" connIndex=0 event=0 ip=198.41.192.47
2026-08-24T03:36:19Z ERR failed to serve tunnel connection error="control stream encountered a failure while serving" connIndex=0 event=0 ip=198.41.192.47
2026-08-24T03:36:19Z ERR Serve tunnel error error="control stream encountered a failure while serving" connIndex=0 event=0 ip=198.41.192.47
2026-08-24T03:36:19Z INF Retrying connection in up to 1m4s connIndex=0 event=0 ip=198.41.192.47
2026-08-24T03:36:29Z INF Tunnel connection curve preferences: [X25519MLKEM768 CurveID(65074) CurveP256] connIndex=0 event=0 ip=198.41.192.47
2026-08-24T03:36:29Z ERR failed to run the datagram handler error="context canceled" connIndex=0 event=0 ip=198.41.192.47
2026-08-24T03:36:29Z ERR failed to serve tunnel connection error="control stream encountered a failure while serving" connIndex=0 event=0 ip=198.41.192.47
2026-08-24T03:36:29Z ERR Serve tunnel error error="control stream encountered a failure while serving" connIndex=0 event=0 ip=198.41.192.47
2026-08-24T03:36:29Z INF Retrying connection in up to 1m4s connIndex=0 event=0 ip=198.41.192.47
2026-08-24T03:36:50Z INF Tunnel connection curve preferences: [X25519MLKEM768 CurveID(65074) CurveP256] connIndex=0 event=0 ip=198.41.192.47
2026-08-24T03:36:51Z ERR failed to run the datagram handler error="context canceled" connIndex=0 event=0 ip=198.41.192.47
2026-08-24T03:36:51Z ERR failed to serve tunnel connection error="control stream encountered a failure while serving" connIndex=0 event=0 ip=198.41.192.47
2026-08-24T03:36:51Z ERR Serve tunnel error error="control stream encountered a failure while serving" connIndex=0 event=0 ip=198.41.192.47
2026-08-24T03:36:51Z INF Retrying connection in up to 1m4s connIndex=0 event=0 ip=198.41.192.47
2026-08-24T03:36:59Z INF Tunnel connection curve preferences: [X25519MLKEM768 CurveID(65074) CurveP256] connIndex=0 event=0 ip=198.41.192.47
2026-08-24T03:36:59Z ERR failed to run the datagram handler error="context canceled" connIndex=0 event=0 ip=198.41.192.47
2026-08-24T03:36:59Z ERR failed to serve tunnel connection error="control stream encountered a failure while serving" connIndex=0 event=0 ip=198.41.192.47
2026-08-24T03:36:59Z ERR Serve tunnel error error="control stream encountered a failure while serving" connIndex=0 event=0 ip=198.41.192.47
2026-08-24T03:36:59Z INF Retrying connection in up to 1m4s connIndex=0 event=0 ip=198.41.192.47
2026-08-24T03:37:23Z INF Tunnel connection curve preferences: [X25519MLKEM768 CurveID(65074) CurveP256] connIndex=0 event=0 ip=198.41.192.47
2026-08-24T03:37:23Z ERR failed to run the datagram handler error="context canceled" connIndex=0 event=0 ip=198.41.192.47
2026-08-24T03:37:23Z ERR failed to serve tunnel connection error="control stream encountered a failure while serving" connIndex=0 event=0 ip=198.41.192.47
2026-08-24T03:37:23Z ERR Serve tunnel error error="control stream encountered a failure while serving" connIndex=0 event=0 ip=198.41.192.47
2026-08-24T03:37:23Z INF Retrying connection in up to 1m4s connIndex=0 event=0 ip=198.41.192.47
2026-08-24T03:37:38Z INF Tunnel connection curve preferences: [X25519MLKEM768 CurveID(65074) CurveP256] connIndex=0 event=0 ip=198.41.192.47
2026-08-24T03:37:38Z ERR failed to run the datagram handler error="context canceled" connIndex=0 event=0 ip=198.41.192.47
2026-08-24T03:37:38Z ERR failed to serve tunnel connection error="control stream encountered a failure while serving" connIndex=0 event=0 ip=198.41.192.47
2026-08-24T03:37:38Z ERR Serve tunnel error error="control stream encountered a failure while serving" connIndex=0 event=0 ip=198.41.192.47
2026-08-24T03:37:38Z INF Retrying connection in up to 1m4s connIndex=0 event=0 ip=198.41.192.47
2026-08-24T03:37:47Z INF Tunnel connection curve preferences: [X25519MLKEM768 CurveID(65074) CurveP256] connIndex=0 event=0 ip=198.41.192.47
2026-08-24T03:37:47Z ERR failed to run the datagram handler error="context canceled" connIndex=0 event=0 ip=198.41.192.47
2026-08-24T03:37:47Z ERR failed to serve tunnel connection error="control stream encountered a failure while serving" connIndex=0 event=0 ip=198.41.192.47
2026-08-24T03:37:47Z ERR Serve tunnel error error="control stream encountered a failure while serving" connIndex=0 event=0 ip=198.41.192.47
2026-08-24T03:37:47Z INF Retrying connection in up to 1m4s connIndex=0 event=0 ip=198.41.192.47
2026-08-24T03:38:04Z INF Tunnel connection curve preferences: [X25519MLKEM768 CurveID(65074) CurveP256] connIndex=0 event=0 ip=198.41.192.47
2026-08-24T03:38:04Z ERR failed to run the datagram handler error="context canceled" connIndex=0 event=0 ip=198.41.192.47
2026-08-24T03:38:04Z ERR failed to serve tunnel connection error="control stream encountered a failure while serving" connIndex=0 event=0 ip=198.41.192.47
2026-08-24T03:38:04Z ERR Serve tunnel error error="control stream encountered a failure while serving" connIndex=0 event=0 ip=198.41.192.47
2026-08-24T03:38:04Z INF Retrying connection in up to 1m4s connIndex=0 event=0 ip=198.41.192.47
2026-08-24T03:39:49Z INF Tunnel connection curve preferences: [X25519MLKEM768 CurveID(65074) CurveP256] connIndex=0 event=0 ip=198.41.192.47
2026-08-24T03:39:49Z ERR failed to run the datagram handler error="context canceled" connIndex=0 event=0 ip=198.41.192.47
2026-08-24T03:39:49Z ERR failed to serve tunnel connection error="control stream encountered a failure while serving" connIndex=0 event=0 ip=198.41.192.47
2026-08-24T03:39:49Z ERR Serve tunnel error error="control stream encountered a failure while serving" connIndex=0 event=0 ip=198.41.192.47
2026-08-24T03:39:49Z INF Retrying connection in up to 1m4s connIndex=0 event=0 ip=198.41.192.47
2026-08-24T03:39:51Z INF Tunnel connection curve preferences: [X25519MLKEM768 CurveID(65074) CurveP256] connIndex=0 event=0 ip=198.41.192.47
2026-08-24T03:39:51Z ERR failed to run the datagram handler error="context canceled" connIndex=0 event=0 ip=198.41.192.47
2026-08-24T03:39:51Z ERR failed to serve tunnel connection error="control stream encountered a failure while serving" connIndex=0 event=0 ip=198.41.192.47
2026-08-24T03:39:51Z ERR Serve tunnel error error="control stream encountered a failure while serving" connIndex=0 event=0 ip=198.41.192.47
2026-08-24T03:39:51Z INF Retrying connection in up to 1m4s connIndex=0 event=0 ip=198.41.192.47
2026-08-24T03:40:07Z INF Tunnel connection curve preferences: [X25519MLKEM768 CurveID(65074) CurveP256] connIndex=0 event=0 ip=198.41.192.47
2026-08-24T03:40:07Z ERR failed to run the datagram handler error="context canceled" connIndex=0 event=0 ip=198.41.192.47
2026-08-24T03:40:07Z ERR failed to serve tunnel connection error="control stream encountered a failure while serving" connIndex=0 event=0 ip=198.41.192.47
2026-08-24T03:40:07Z ERR Serve tunnel error error="control stream encountered a failure while serving" connIndex=0 event=0 ip=198.41.192.47
2026-08-24T03:40:07Z INF Retrying connection in up to 1m4s connIndex=0 event=0 ip=198.41.192.47
2026-08-24T03:42:27Z INF Tunnel connection curve preferences: [X25519MLKEM768 CurveID(65074) CurveP256] connIndex=0 event=0 ip=198.41.192.47
2026-08-24T03:42:29Z ERR failed to run the datagram handler error="context canceled" connIndex=0 event=0 ip=198.41.192.47
2026-08-24T03:42:29Z ERR failed to serve tunnel connection error="control stream encountered a failure while serving" connIndex=0 event=0 ip=198.41.192.47
2026-08-24T03:42:29Z ERR Serve tunnel error error="control stream encountered a failure while serving" connIndex=0 event=0 ip=198.41.192.47
2026-08-24T03:42:29Z INF Retrying connection in up to 1m4s connIndex=0 event=0 ip=198.41.192.47
2026-08-24T03:42:55Z INF Tunnel connection curve preferences: [X25519MLKEM768 CurveID(65074) CurveP256] connIndex=0 event=0 ip=198.41.192.47
2026-08-24T03:42:55Z ERR failed to run the datagram handler error="context canceled" connIndex=0 event=0 ip=198.41.192.47
2026-08-24T03:42:55Z ERR failed to serve tunnel connection error="control stream encountered a failure while serving" connIndex=0 event=0 ip=198.41.192.47
2026-08-24T03:42:55Z ERR Serve tunnel error error="control stream encountered a failure while serving" connIndex=0 event=0 ip=198.41.192.47
2026-08-24T03:42:55Z INF Retrying connection in up to 1m4s connIndex=0 event=0 ip=198.41.192.47
2026-08-24T03:44:57Z INF Tunnel connection curve preferences: [X25519MLKEM768 CurveID(65074) CurveP256] connIndex=0 event=0 ip=198.41.192.47
2026-08-24T03:44:57Z ERR failed to run the datagram handler error="context canceled" connIndex=0 event=0 ip=198.41.192.47
2026-08-24T03:44:57Z ERR failed to serve tunnel connection error="control stream encountered a failure while serving" connIndex=0 event=0 ip=198.41.192.47
2026-08-24T03:44:57Z ERR Serve tunnel error error="control stream encountered a failure while serving" connIndex=0 event=0 ip=198.41.192.47
2026-08-24T03:44:57Z INF Retrying connection in up to 1m4s connIndex=0 event=0 ip=198.41.192.47
2026-08-24T04:02:46Z INF Tunnel connection curve preferences: [X25519MLKEM768 CurveID(65074) CurveP256] connIndex=0 event=0 ip=198.41.192.47
2026-08-24T04:02:47Z ERR failed to run the datagram handler error="context canceled" connIndex=0 event=0 ip=198.41.192.47
2026-08-24T04:02:47Z ERR failed to serve tunnel connection error="control stream encountered a failure while serving" connIndex=0 event=0 ip=198.41.192.47
2026-08-24T04:02:47Z ERR Serve tunnel error error="control stream encountered a failure while serving" connIndex=0 event=0 ip=198.41.192.47
2026-08-24T04:02:47Z INF Retrying connection in up to 1m4s connIndex=0 event=0 ip=198.41.192.47
2026-08-24T04:02:54Z INF Tunnel connection curve preferences: [X25519MLKEM768 CurveID(65074) CurveP256] connIndex=0 event=0 ip=198.41.192.47
2026-08-24T04:02:54Z ERR failed to run the datagram handler error="context canceled" connIndex=0 event=0 ip=198.41.192.47
2026-08-24T04:02:54Z ERR failed to serve tunnel connection error="control stream encountered a failure while serving" connIndex=0 event=0 ip=198.41.192.47
2026-08-24T04:02:54Z ERR Serve tunnel error error="control stream encountered a failure while serving" connIndex=0 event=0 ip=198.41.192.47
2026-08-24T04:02:54Z INF Retrying connection in up to 1m4s connIndex=0 event=0 ip=198.41.192.47
2026-08-24T04:02:59Z INF Tunnel connection curve preferences: [X25519MLKEM768 CurveID(65074) CurveP256] connIndex=0 event=0 ip=198.41.192.47
2026-08-24T04:02:59Z ERR failed to run the datagram handler error="context canceled" connIndex=0 event=0 ip=198.41.192.47
2026-08-24T04:02:59Z ERR failed to serve tunnel connection error="control stream encountered a failure while serving" connIndex=0 event=0 ip=198.41.192.47
2026-08-24T04:02:59Z ERR Serve tunnel error error="control stream encountered a failure while serving" connIndex=0 event=0 ip=198.41.192.47
2026-08-24T04:02:59Z INF Retrying connection in up to 1m4s connIndex=0 event=0 ip=198.41.192.47
2026-08-24T04:04:06Z INF Tunnel connection curve preferences: [X25519MLKEM768 CurveID(65074) CurveP256] connIndex=0 event=0 ip=198.41.192.47
2026-08-24T04:04:07Z ERR failed to run the datagram handler error="context canceled" connIndex=0 event=0 ip=198.41.192.47
2026-08-24T04:04:07Z ERR failed to serve tunnel connection error="control stream encountered a failure while serving" connIndex=0 event=0 ip=198.41.192.47
2026-08-24T04:04:07Z ERR Serve tunnel error error="control stream encountered a failure while serving" connIndex=0 event=0 ip=198.41.192.47
2026-08-24T04:04:07Z INF Retrying connection in up to 1m4s connIndex=0 event=0 ip=198.41.192.47
2026-08-24T04:09:19Z INF Tunnel connection curve preferences: [X25519MLKEM768 CurveID(65074) CurveP256] connIndex=0 event=0 ip=198.41.192.47
2026-08-24T04:09:20Z ERR failed to run the datagram handler error="context canceled" connIndex=0 event=0 ip=198.41.192.47
2026-08-24T04:09:20Z ERR failed to serve tunnel connection error="control stream encountered a failure while serving" connIndex=0 event=0 ip=198.41.192.47
2026-08-24T04:09:20Z ERR Serve tunnel error error="control stream encountered a failure while serving" connIndex=0 event=0 ip=198.41.192.47
2026-08-24T04:09:20Z INF Retrying connection in up to 1m4s connIndex=0 event=0 ip=198.41.192.47
2026-08-24T04:09:48Z INF Tunnel connection curve preferences: [X25519MLKEM768 CurveID(65074) CurveP256] connIndex=0 event=0 ip=198.41.192.47
2026-08-24T04:09:48Z ERR failed to run the datagram handler error="context canceled" connIndex=0 event=0 ip=198.41.192.47
2026-08-24T04:09:48Z ERR failed to serve tunnel connection error="control stream encountered a failure while serving" connIndex=0 event=0 ip=198.41.192.47
2026-08-24T04:09:48Z ERR Serve tunnel error error="control stream encountered a failure while serving" connIndex=0 event=0 ip=198.41.192.47
2026-08-24T04:09:48Z INF Retrying connection in up to 1m4s connIndex=0 event=0 ip=198.41.192.47
2026-08-24T04:10:04Z INF Tunnel connection curve preferences: [X25519MLKEM768 CurveID(65074) CurveP256] connIndex=0 event=0 ip=198.41.192.47
2026-08-24T04:10:04Z ERR failed to run the datagram handler error="context canceled" connIndex=0 event=0 ip=198.41.192.47
2026-08-24T04:10:04Z ERR failed to serve tunnel connection error="control stream encountered a failure while serving" connIndex=0 event=0 ip=198.41.192.47
2026-08-24T04:10:04Z ERR Serve tunnel error error="control stream encountered a failure while serving" connIndex=0 event=0 ip=198.41.192.47
2026-08-24T04:10:04Z INF Retrying connection in up to 1m4s connIndex=0 event=0 ip=198.41.192.47
2026-08-24T04:28:10Z INF Tunnel connection curve preferences: [X25519MLKEM768 CurveID(65074) CurveP256] connIndex=0 event=0 ip=198.41.192.47
2026-08-24T04:28:10Z ERR failed to run the datagram handler error="context canceled" connIndex=0 event=0 ip=198.41.192.47
2026-08-24T04:28:10Z ERR failed to serve tunnel connection error="control stream encountered a failure while serving" connIndex=0 event=0 ip=198.41.192.47
2026-08-24T04:28:10Z ERR Serve tunnel error error="control stream encountered a failure while serving" connIndex=0 event=0 ip=198.41.192.47
2026-08-24T04:28:10Z INF Retrying connection in up to 1m4s connIndex=0 event=0 ip=198.41.192.47
2026-08-24T04:31:32Z INF Tunnel connection curve preferences: [X25519MLKEM768 CurveID(65074) CurveP256] connIndex=0 event=0 ip=198.41.192.47
2026-08-24T04:31:32Z ERR failed to run the datagram handler error="context canceled" connIndex=0 event=0 ip=198.41.192.47
2026-08-24T04:31:33Z ERR failed to serve tunnel connection error="control stream encountered a failure while serving" connIndex=0 event=0 ip=198.41.192.47
2026-08-24T04:31:33Z ERR Serve tunnel error error="control stream encountered a failure while serving" connIndex=0 event=0 ip=198.41.192.47
2026-08-24T04:31:33Z INF Retrying connection in up to 1m4s connIndex=0 event=0 ip=198.41.192.47
2026-08-24T04:31:50Z INF Tunnel connection curve preferences: [X25519MLKEM768 CurveID(65074) CurveP256] connIndex=0 event=0 ip=198.41.192.47
2026-08-24T04:31:51Z ERR failed to run the datagram handler error="context canceled" connIndex=0 event=0 ip=198.41.192.47
2026-08-24T04:31:51Z ERR failed to serve tunnel connection error="control stream encountered a failure while serving" connIndex=0 event=0 ip=198.41.192.47
2026-08-24T04:31:51Z ERR Serve tunnel error error="control stream encountered a failure while serving" connIndex=0 event=0 ip=198.41.192.47
2026-08-24T04:31:51Z INF Retrying connection in up to 1m4s connIndex=0 event=0 ip=198.41.192.47
2026-08-24T04:31:55Z INF Tunnel connection curve preferences: [X25519MLKEM768 CurveID(65074) CurveP256] connIndex=0 event=0 ip=198.41.192.47
2026-08-24T04:31:55Z ERR failed to run the datagram handler error="context canceled" connIndex=0 event=0 ip=198.41.192.47
2026-08-24T04:31:55Z ERR failed to serve tunnel connection error="control stream encountered a failure while serving" connIndex=0 event=0 ip=198.41.192.47
2026-08-24T04:31:55Z ERR Serve tunnel error error="control stream encountered a failure while serving" connIndex=0 event=0 ip=198.41.192.47
2026-08-24T04:31:55Z INF Retrying connection in up to 1m4s connIndex=0 event=0 ip=198.41.192.47
2026-08-24T04:32:10Z INF Tunnel connection curve preferences: [X25519MLKEM768 CurveID(65074) CurveP256] connIndex=0 event=0 ip=198.41.192.47
2026-08-24T04:32:10Z ERR failed to run the datagram handler error="context canceled" connIndex=0 event=0 ip=198.41.192.47
2026-08-24T04:32:10Z ERR failed to serve tunnel connection error="control stream encountered a failure while serving" connIndex=0 event=0 ip=198.41.192.47
2026-08-24T04:32:10Z ERR Serve tunnel error error="control stream encountered a failure while serving" connIndex=0 event=0 ip=198.41.192.47
2026-08-24T04:32:10Z INF Retrying connection in up to 1m4s connIndex=0 event=0 ip=198.41.192.47
2026-08-24T04:32:23Z INF Tunnel connection curve preferences: [X25519MLKEM768 CurveID(65074) CurveP256] connIndex=0 event=0 ip=198.41.192.47
2026-08-24T04:32:23Z ERR failed to run the datagram handler error="context canceled" connIndex=0 event=0 ip=198.41.192.47
2026-08-24T04:32:23Z ERR failed to serve tunnel connection error="control stream encountered a failure while serving" connIndex=0 event=0 ip=198.41.192.47
2026-08-24T04:32:23Z ERR Serve tunnel error error="control stream encountered a failure while serving" connIndex=0 event=0 ip=198.41.192.47
2026-08-24T04:32:23Z INF Retrying connection in up to 1m4s connIndex=0 event=0 ip=198.41.192.47
2026-08-24T04:32:55Z INF Tunnel connection curve preferences: [X25519MLKEM768 CurveID(65074) CurveP256] connIndex=0 event=0 ip=198.41.192.47
2026-08-24T04:32:55Z ERR failed to run the datagram handler error="context canceled" connIndex=0 event=0 ip=198.41.192.47
2026-08-24T04:32:55Z ERR failed to serve tunnel connection error="control stream encountered a failure while serving" connIndex=0 event=0 ip=198.41.192.47
2026-08-24T04:32:55Z ERR Serve tunnel error error="control stream encountered a failure while serving" connIndex=0 event=0 ip=198.41.192.47
2026-08-24T04:32:55Z INF Retrying connection in up to 1m4s connIndex=0 event=0 ip=198.41.192.47
2026-08-24T04:37:33Z INF Tunnel connection curve preferences: [X25519MLKEM768 CurveID(65074) CurveP256] connIndex=0 event=0 ip=198.41.192.47
2026-08-24T04:37:33Z ERR failed to run the datagram handler error="context canceled" connIndex=0 event=0 ip=198.41.192.47
2026-08-24T04:37:33Z ERR failed to serve tunnel connection error="control stream encountered a failure while serving" connIndex=0 event=0 ip=198.41.192.47
2026-08-24T04:37:33Z ERR Serve tunnel error error="control stream encountered a failure while serving" connIndex=0 event=0 ip=198.41.192.47
2026-08-24T04:37:33Z INF Retrying connection in up to 1m4s connIndex=0 event=0 ip=198.41.192.47
2026-08-24T04:37:50Z INF Tunnel connection curve preferences: [X25519MLKEM768 CurveID(65074) CurveP256] connIndex=0 event=0 ip=198.41.192.47
2026-08-24T04:37:50Z ERR failed to run the datagram handler error="context canceled" connIndex=0 event=0 ip=198.41.192.47
2026-08-24T04:37:50Z ERR failed to serve tunnel connection error="control stream encountered a failure while serving" connIndex=0 event=0 ip=198.41.192.47
2026-08-24T04:37:50Z ERR Serve tunnel error error="control stream encountered a failure while serving" connIndex=0 event=0 ip=198.41.192.47
2026-08-24T04:37:50Z INF Retrying connection in up to 1m4s connIndex=0 event=0 ip=198.41.192.47
2026-08-24T04:38:00Z INF Tunnel connection curve preferences: [X25519MLKEM768 CurveID(65074) CurveP256] connIndex=0 event=0 ip=198.41.192.47
2026-08-24T04:38:00Z ERR failed to run the datagram handler error="context canceled" connIndex=0 event=0 ip=198.41.192.47
2026-08-24T04:38:00Z ERR failed to serve tunnel connection error="control stream encountered a failure while serving" connIndex=0 event=0 ip=198.41.192.47
2026-08-24T04:38:00Z ERR Serve tunnel error error="control stream encountered a failure while serving" connIndex=0 event=0 ip=198.41.192.47
2026-08-24T04:38:00Z INF Retrying connection in up to 1m4s connIndex=0 event=0 ip=198.41.192.47
2026-08-24T04:38:02Z INF Tunnel connection curve preferences: [X25519MLKEM768 CurveID(65074) CurveP256] connIndex=0 event=0 ip=198.41.192.47
2026-08-24T04:38:02Z ERR failed to run the datagram handler error="context canceled" connIndex=0 event=0 ip=198.41.192.47
2026-08-24T04:38:02Z ERR failed to serve tunnel connection error="control stream encountered a failure while serving" connIndex=0 event=0 ip=198.41.192.47
2026-08-24T04:38:02Z ERR Serve tunnel error error="control stream encountered a failure while serving" connIndex=0 event=0 ip=198.41.192.47
2026-08-24T04:38:02Z INF Retrying connection in up to 1m4s connIndex=0 event=0 ip=198.41.192.47
2026-08-24T04:38:26Z INF Tunnel connection curve preferences: [X25519MLKEM768 CurveID(65074) CurveP256] connIndex=0 event=0 ip=198.41.192.47
2026-08-24T04:38:26Z ERR failed to run the datagram handler error="context canceled" connIndex=0 event=0 ip=198.41.192.47
2026-08-24T04:38:26Z ERR failed to serve tunnel connection error="control stream encountered a failure while serving" connIndex=0 event=0 ip=198.41.192.47
2026-08-24T04:38:26Z ERR Serve tunnel error error="control stream encountered a failure while serving" connIndex=0 event=0 ip=198.41.192.47
2026-08-24T04:38:26Z INF Retrying connection in up to 1m4s connIndex=0 event=0 ip=198.41.192.47
2026-08-24T04:38:38Z INF Tunnel connection curve preferences: [X25519MLKEM768 CurveID(65074) CurveP256] connIndex=0 event=0 ip=198.41.192.47
2026-08-24T04:38:38Z ERR failed to run the datagram handler error="context canceled" connIndex=0 event=0 ip=198.41.192.47
2026-08-24T04:38:38Z ERR failed to serve tunnel connection error="control stream encountered a failure while serving" connIndex=0 event=0 ip=198.41.192.47
2026-08-24T04:38:38Z ERR Serve tunnel error error="control stream encountered a failure while serving" connIndex=0 event=0 ip=198.41.192.47
2026-08-24T04:38:38Z INF Retrying connection in up to 1m4s connIndex=0 event=0 ip=198.41.192.47
2026-08-24T04:38:56Z INF Tunnel connection curve preferences: [X25519MLKEM768 CurveID(65074) CurveP256] connIndex=0 event=0 ip=198.41.192.47
2026-08-24T04:38:56Z ERR failed to run the datagram handler error="context canceled" connIndex=0 event=0 ip=198.41.192.47
2026-08-24T04:38:56Z ERR failed to serve tunnel connection error="control stream encountered a failure while serving" connIndex=0 event=0 ip=198.41.192.47
2026-08-24T04:38:56Z ERR Serve tunnel error error="control stream encountered a failure while serving" connIndex=0 event=0 ip=198.41.192.47
2026-08-24T04:38:56Z INF Retrying connection in up to 1m4s connIndex=0 event=0 ip=198.41.192.47
2026-08-24T04:38:59Z INF Tunnel connection curve preferences: [X25519MLKEM768 CurveID(65074) CurveP256] connIndex=0 event=0 ip=198.41.192.47
2026-08-24T04:38:59Z ERR failed to run the datagram handler error="context canceled" connIndex=0 event=0 ip=198.41.192.47
2026-08-24T04:38:59Z ERR failed to serve tunnel connection error="control stream encountered a failure while serving" connIndex=0 event=0 ip=198.41.192.47
2026-08-24T04:38:59Z ERR Serve tunnel error error="control stream encountered a failure while serving" connIndex=0 event=0 ip=198.41.192.47
2026-08-24T04:38:59Z INF Retrying connection in up to 1m4s connIndex=0 event=0 ip=198.41.192.47
2026-08-24T04:39:15Z INF Tunnel connection curve preferences: [X25519MLKEM768 CurveID(65074) CurveP256] connIndex=0 event=0 ip=198.41.192.47
2026-08-24T04:39:15Z ERR failed to run the datagram handler error="context canceled" connIndex=0 event=0 ip=198.41.192.47
2026-08-24T04:39:15Z ERR failed to serve tunnel connection error="control stream encountered a failure while serving" connIndex=0 event=0 ip=198.41.192.47
2026-08-24T04:39:15Z ERR Serve tunnel error error="control stream encountered a failure while serving" connIndex=0 event=0 ip=198.41.192.47
2026-08-24T04:39:15Z INF Retrying connection in up to 1m4s connIndex=0 event=0 ip=198.41.192.47
2026-08-24T04:39:15Z INF Tunnel connection curve preferences: [X25519MLKEM768 CurveID(65074) CurveP256] connIndex=0 event=0 ip=198.41.192.47
2026-08-24T04:39:16Z ERR failed to run the datagram handler error="context canceled" connIndex=0 event=0 ip=198.41.192.47
2026-08-24T04:39:16Z ERR failed to serve tunnel connection error="control stream encountered a failure while serving" connIndex=0 event=0 ip=198.41.192.47
2026-08-24T04:39:16Z ERR Serve tunnel error error="control stream encountered a failure while serving" connIndex=0 event=0 ip=198.41.192.47
2026-08-24T04:39:16Z INF Retrying connection in up to 1m4s connIndex=0 event=0 ip=198.41.192.47
2026-08-24T04:39:37Z INF Tunnel connection curve preferences: [X25519MLKEM768 CurveID(65074) CurveP256] connIndex=0 event=0 ip=198.41.192.47
2026-08-24T04:39:37Z ERR failed to run the datagram handler error="context canceled" connIndex=0 event=0 ip=198.41.192.47
2026-08-24T04:39:37Z ERR failed to serve tunnel connection error="control stream encountered a failure while serving" connIndex=0 event=0 ip=198.41.192.47
2026-08-24T04:39:37Z ERR Serve tunnel error error="control stream encountered a failure while serving" connIndex=0 event=0 ip=198.41.192.47
2026-08-24T04:39:37Z INF Retrying connection in up to 1m4s connIndex=0 event=0 ip=198.41.192.47
2026-08-24T04:39:52Z INF Tunnel connection curve preferences: [X25519MLKEM768 CurveID(65074) CurveP256] connIndex=0 event=0 ip=198.41.192.47
2026-08-24T04:39:52Z ERR failed to run the datagram handler error="context canceled" connIndex=0 event=0 ip=198.41.192.47
2026-08-24T04:39:52Z ERR failed to serve tunnel connection error="control stream encountered a failure while serving" connIndex=0 event=0 ip=198.41.192.47
2026-08-24T04:39:52Z ERR Serve tunnel error error="control stream encountered a failure while serving" connIndex=0 event=0 ip=198.41.192.47
2026-08-24T04:39:52Z INF Retrying connection in up to 1m4s connIndex=0 event=0 ip=198.41.192.47
2026-08-24T04:40:21Z INF Tunnel connection curve preferences: [X25519MLKEM768 CurveID(65074) CurveP256] connIndex=0 event=0 ip=198.41.192.47
2026-08-24T04:40:22Z ERR failed to run the datagram handler error="context canceled" connIndex=0 event=0 ip=198.41.192.47
2026-08-24T04:40:22Z ERR failed to serve tunnel connection error="control stream encountered a failure while serving" connIndex=0 event=0 ip=198.41.192.47
2026-08-24T04:40:22Z ERR Serve tunnel error error="control stream encountered a failure while serving" connIndex=0 event=0 ip=198.41.192.47
2026-08-24T04:40:22Z INF Retrying connection in up to 1m4s connIndex=0 event=0 ip=198.41.192.47
2026-08-24T04:40:41Z INF Tunnel connection curve preferences: [X25519MLKEM768 CurveID(65074) CurveP256] connIndex=0 event=0 ip=198.41.192.47
2026-08-24T04:40:41Z ERR failed to run the datagram handler error="context canceled" connIndex=0 event=0 ip=198.41.192.47
2026-08-24T04:40:41Z ERR failed to serve tunnel connection error="control stream encountered a failure while serving" connIndex=0 event=0 ip=198.41.192.47
2026-08-24T04:40:41Z ERR Serve tunnel error error="control stream encountered a failure while serving" connIndex=0 event=0 ip=198.41.192.47
2026-08-24T04:40:41Z INF Retrying connection in up to 1m4s connIndex=0 event=0 ip=198.41.192.47
2026-08-24T04:40:47Z INF Tunnel connection curve preferences: [X25519MLKEM768 CurveID(65074) CurveP256] connIndex=0 event=0 ip=198.41.192.47
2026-08-24T04:40:47Z ERR failed to run the datagram handler error="context canceled" connIndex=0 event=0 ip=198.41.192.47
2026-08-24T04:40:47Z ERR failed to serve tunnel connection error="control stream encountered a failure while serving" connIndex=0 event=0 ip=198.41.192.47
2026-08-24T04:40:47Z ERR Serve tunnel error error="control stream encountered a failure while serving" connIndex=0 event=0 ip=198.41.192.47
2026-08-24T04:40:47Z INF Retrying connection in up to 1m4s connIndex=0 event=0 ip=198.41.192.47
2026-08-24T04:41:13Z INF Tunnel connection curve preferences: [X25519MLKEM768 CurveID(65074) CurveP256] connIndex=0 event=0 ip=198.41.192.47
2026-08-24T04:41:13Z ERR failed to run the datagram handler error="context canceled" connIndex=0 event=0 ip=198.41.192.47
2026-08-24T04:41:13Z ERR failed to serve tunnel connection error="control stream encountered a failure while serving" connIndex=0 event=0 ip=198.41.192.47
2026-08-24T04:41:13Z ERR Serve tunnel error error="control stream encountered a failure while serving" connIndex=0 event=0 ip=198.41.192.47
2026-08-24T04:41:13Z INF Retrying connection in up to 1m4s connIndex=0 event=0 ip=198.41.192.47
2026-08-24T04:46:43Z INF Tunnel connection curve preferences: [X25519MLKEM768 CurveID(65074) CurveP256] connIndex=0 event=0 ip=198.41.192.47
2026-08-24T04:46:44Z ERR failed to run the datagram handler error="context canceled" connIndex=0 event=0 ip=198.41.192.47
2026-08-24T04:46:44Z ERR failed to serve tunnel connection error="control stream encountered a failure while serving" connIndex=0 event=0 ip=198.41.192.47
2026-08-24T04:46:44Z ERR Serve tunnel error error="control stream encountered a failure while serving" connIndex=0 event=0 ip=198.41.192.47
2026-08-24T04:46:44Z INF Retrying connection in up to 1m4s connIndex=0 event=0 ip=198.41.192.47
2026-08-24T04:47:15Z INF Tunnel connection curve preferences: [X25519MLKEM768 CurveID(65074) CurveP256] connIndex=0 event=0 ip=198.41.192.47
2026-08-24T04:47:15Z ERR failed to run the datagram handler error="context canceled" connIndex=0 event=0 ip=198.41.192.47
2026-08-24T04:47:15Z ERR failed to serve tunnel connection error="control stream encountered a failure while serving" connIndex=0 event=0 ip=198.41.192.47
2026-08-24T04:47:15Z ERR Serve tunnel error error="control stream encountered a failure while serving" connIndex=0 event=0 ip=198.41.192.47
2026-08-24T04:47:15Z INF Retrying connection in up to 1m4s connIndex=0 event=0 ip=198.41.192.47
2026-08-24T04:47:40Z INF Tunnel connection curve preferences: [X25519MLKEM768 CurveID(65074) CurveP256] connIndex=0 event=0 ip=198.41.192.47
2026-08-24T04:47:41Z ERR failed to run the datagram handler error="context canceled" connIndex=0 event=0 ip=198.41.192.47
2026-08-24T04:47:41Z ERR failed to serve tunnel connection error="control stream encountered a failure while serving" connIndex=0 event=0 ip=198.41.192.47
2026-08-24T04:47:41Z ERR Serve tunnel error error="control stream encountered a failure while serving" connIndex=0 event=0 ip=198.41.192.47
2026-08-24T04:47:41Z INF Retrying connection in up to 1m4s connIndex=0 event=0 ip=198.41.192.47
2026-08-24T04:47:52Z INF Tunnel connection curve preferences: [X25519MLKEM768 CurveID(65074) CurveP256] connIndex=0 event=0 ip=198.41.192.47
2026-08-24T04:47:53Z ERR failed to run the datagram handler error="context canceled" connIndex=0 event=0 ip=198.41.192.47
2026-08-24T04:47:53Z ERR failed to serve tunnel connection error="control stream encountered a failure while serving" connIndex=0 event=0 ip=198.41.192.47
2026-08-24T04:47:53Z ERR Serve tunnel error error="control stream encountered a failure while serving" connIndex=0 event=0 ip=198.41.192.47
2026-08-24T04:47:53Z INF Retrying connection in up to 1m4s connIndex=0 event=0 ip=198.41.192.47
2026-08-24T04:48:19Z INF Tunnel connection curve preferences: [X25519MLKEM768 CurveID(65074) CurveP256] connIndex=0 event=0 ip=198.41.192.47
2026-08-24T04:48:20Z ERR failed to run the datagram handler error="context canceled" connIndex=0 event=0 ip=198.41.192.47
2026-08-24T04:48:20Z ERR failed to serve tunnel connection error="control stream encountered a failure while serving" connIndex=0 event=0 ip=198.41.192.47
2026-08-24T04:48:20Z ERR Serve tunnel error error="control stream encountered a failure while serving" connIndex=0 event=0 ip=198.41.192.47
2026-08-24T04:48:20Z INF Retrying connection in up to 1m4s connIndex=0 event=0 ip=198.41.192.47
2026-08-24T04:48:36Z INF Tunnel connection curve preferences: [X25519MLKEM768 CurveID(65074) CurveP256] connIndex=0 event=0 ip=198.41.192.47
2026-08-24T04:48:37Z ERR failed to run the datagram handler error="context canceled" connIndex=0 event=0 ip=198.41.192.47
2026-08-24T04:48:37Z ERR failed to serve tunnel connection error="control stream encountered a failure while serving" connIndex=0 event=0 ip=198.41.192.47
2026-08-24T04:48:37Z ERR Serve tunnel error error="control stream encountered a failure while serving" connIndex=0 event=0 ip=198.41.192.47
2026-08-24T04:48:37Z INF Retrying connection in up to 1m4s connIndex=0 event=0 ip=198.41.192.47
2026-08-24T04:48:40Z INF Tunnel connection curve preferences: [X25519MLKEM768 CurveID(65074) CurveP256] connIndex=0 event=0 ip=198.41.192.47
2026-08-24T04:48:41Z ERR failed to run the datagram handler error="context canceled" connIndex=0 event=0 ip=198.41.192.47
2026-08-24T04:48:41Z ERR failed to serve tunnel connection error="control stream encountered a failure while serving" connIndex=0 event=0 ip=198.41.192.47
2026-08-24T04:48:41Z ERR Serve tunnel error error="control stream encountered a failure while serving" connIndex=0 event=0 ip=198.41.192.47
2026-08-24T04:48:41Z INF Retrying connection in up to 1m4s connIndex=0 event=0 ip=198.41.192.47
2026-08-24T04:49:00Z INF Tunnel connection curve preferences: [X25519MLKEM768 CurveID(65074) CurveP256] connIndex=0 event=0 ip=198.41.192.47
2026-08-24T04:49:00Z ERR failed to run the datagram handler error="context canceled" connIndex=0 event=0 ip=198.41.192.47
2026-08-24T04:49:00Z ERR failed to serve tunnel connection error="control stream encountered a failure while serving" connIndex=0 event=0 ip=198.41.192.47
2026-08-24T04:49:00Z ERR Serve tunnel error error="control stream encountered a failure while serving" connIndex=0 event=0 ip=198.41.192.47
2026-08-24T04:49:00Z INF Retrying connection in up to 1m4s connIndex=0 event=0 ip=198.41.192.47
2026-08-24T04:49:20Z INF Tunnel connection curve preferences: [X25519MLKEM768 CurveID(65074) CurveP256] connIndex=0 event=0 ip=198.41.192.47
2026-08-24T04:49:20Z ERR failed to run the datagram handler error="context canceled" connIndex=0 event=0 ip=198.41.192.47
2026-08-24T04:49:20Z ERR failed to serve tunnel connection error="control stream encountered a failure while serving" connIndex=0 event=0 ip=198.41.192.47
2026-08-24T04:49:20Z ERR Serve tunnel error error="control stream encountered a failure while serving" connIndex=0 event=0 ip=198.41.192.47
2026-08-24T04:49:20Z INF Retrying connection in up to 1m4s connIndex=0 event=0 ip=198.41.192.47
2026-08-24T04:49:30Z INF Tunnel connection curve preferences: [X25519MLKEM768 CurveID(65074) CurveP256] connIndex=0 event=0 ip=198.41.192.47
2026-08-24T04:49:30Z ERR failed to run the datagram handler error="context canceled" connIndex=0 event=0 ip=198.41.192.47
2026-08-24T04:49:30Z ERR failed to serve tunnel connection error="control stream encountered a failure while serving" connIndex=0 event=0 ip=198.41.192.47
2026-08-24T04:49:30Z ERR Serve tunnel error error="control stream encountered a failure while serving" connIndex=0 event=0 ip=198.41.192.47
2026-08-24T04:49:30Z INF Retrying connection in up to 1m4s connIndex=0 event=0 ip=198.41.192.47
2026-08-24T04:50:01Z INF Tunnel connection curve preferences: [X25519MLKEM768 CurveID(65074) CurveP256] connIndex=0 event=0 ip=198.41.192.47
2026-08-24T04:50:01Z ERR failed to run the datagram handler error="context canceled" connIndex=0 event=0 ip=198.41.192.47
2026-08-24T04:50:01Z ERR failed to serve tunnel connection error="control stream encountered a failure while serving" connIndex=0 event=0 ip=198.41.192.47
2026-08-24T04:50:01Z ERR Serve tunnel error error="control stream encountered a failure while serving" connIndex=0 event=0 ip=198.41.192.47
2026-08-24T04:50:01Z INF Retrying connection in up to 1m4s connIndex=0 event=0 ip=198.41.192.47
2026-08-24T04:50:09Z INF Tunnel connection curve preferences: [X25519MLKEM768 CurveID(65074) CurveP256] connIndex=0 event=0 ip=198.41.192.47
2026-08-24T04:50:09Z ERR failed to run the datagram handler error="context canceled" connIndex=0 event=0 ip=198.41.192.47
2026-08-24T04:50:09Z ERR failed to serve tunnel connection error="control stream encountered a failure while serving" connIndex=0 event=0 ip=198.41.192.47
2026-08-24T04:50:09Z ERR Serve tunnel error error="control stream encountered a failure while serving" connIndex=0 event=0 ip=198.41.192.47
2026-08-24T04:50:09Z INF Retrying connection in up to 1m4s connIndex=0 event=0 ip=198.41.192.47
2026-08-24T04:50:19Z INF Tunnel connection curve preferences: [X25519MLKEM768 CurveID(65074) CurveP256] connIndex=0 event=0 ip=198.41.192.47
2026-08-24T04:50:19Z ERR failed to run the datagram handler error="context canceled" connIndex=0 event=0 ip=198.41.192.47
2026-08-24T04:50:19Z ERR failed to serve tunnel connection error="control stream encountered a failure while serving" connIndex=0 event=0 ip=198.41.192.47
2026-08-24T04:50:19Z ERR Serve tunnel error error="control stream encountered a failure while serving" connIndex=0 event=0 ip=198.41.192.47
2026-08-24T04:50:19Z INF Retrying connection in up to 1m4s connIndex=0 event=0 ip=198.41.192.47
2026-08-24T04:50:22Z INF Tunnel connection curve preferences: [X25519MLKEM768 CurveID(65074) CurveP256] connIndex=0 event=0 ip=198.41.192.47
2026-08-24T04:50:22Z ERR failed to run the datagram handler error="context canceled" connIndex=0 event=0 ip=198.41.192.47
2026-08-24T04:50:22Z ERR failed to serve tunnel connection error="control stream encountered a failure while serving" connIndex=0 event=0 ip=198.41.192.47
2026-08-24T04:50:22Z ERR Serve tunnel error error="control stream encountered a failure while serving" connIndex=0 event=0 ip=198.41.192.47
2026-08-24T04:50:22Z INF Retrying connection in up to 1m4s connIndex=0 event=0 ip=198.41.192.47
2026-08-24T04:50:26Z INF Tunnel connection curve preferences: [X25519MLKEM768 CurveID(65074) CurveP256] connIndex=0 event=0 ip=198.41.192.47
2026-08-24T04:50:27Z ERR failed to run the datagram handler error="context canceled" connIndex=0 event=0 ip=198.41.192.47
2026-08-24T04:50:27Z ERR failed to serve tunnel connection error="control stream encountered a failure while serving" connIndex=0 event=0 ip=198.41.192.47
2026-08-24T04:50:27Z ERR Serve tunnel error error="control stream encountered a failure while serving" connIndex=0 event=0 ip=198.41.192.47
2026-08-24T04:50:27Z INF Retrying connection in up to 1m4s connIndex=0 event=0 ip=198.41.192.47
2026-08-24T04:50:35Z INF Tunnel connection curve preferences: [X25519MLKEM768 CurveID(65074) CurveP256] connIndex=0 event=0 ip=198.41.192.47
2026-08-24T04:50:35Z ERR failed to run the datagram handler error="context canceled" connIndex=0 event=0 ip=198.41.192.47
2026-08-24T04:50:35Z ERR failed to serve tunnel connection error="control stream encountered a failure while serving" connIndex=0 event=0 ip=198.41.192.47
2026-08-24T04:50:35Z ERR Serve tunnel error error="control stream encountered a failure while serving" connIndex=0 event=0 ip=198.41.192.47
2026-08-24T04:50:35Z INF Retrying connection in up to 1m4s connIndex=0 event=0 ip=198.41.192.47
2026-08-24T04:50:54Z INF Tunnel connection curve preferences: [X25519MLKEM768 CurveID(65074) CurveP256] connIndex=0 event=0 ip=198.41.192.47
2026-08-24T04:50:54Z ERR failed to run the datagram handler error="context canceled" connIndex=0 event=0 ip=198.41.192.47
2026-08-24T04:50:54Z ERR failed to serve tunnel connection error="control stream encountered a failure while serving" connIndex=0 event=0 ip=198.41.192.47
2026-08-24T04:50:54Z ERR Serve tunnel error error="control stream encountered a failure while serving" connIndex=0 event=0 ip=198.41.192.47
2026-08-24T04:50:54Z INF Retrying connection in up to 1m4s connIndex=0 event=0 ip=198.41.192.47
2026-08-24T04:51:08Z INF Tunnel connection curve preferences: [X25519MLKEM768 CurveID(65074) CurveP256] connIndex=0 event=0 ip=198.41.192.47
2026-08-24T04:51:08Z ERR failed to run the datagram handler error="context canceled" connIndex=0 event=0 ip=198.41.192.47
2026-08-24T04:51:08Z ERR failed to serve tunnel connection error="control stream encountered a failure while serving" connIndex=0 event=0 ip=198.41.192.47
2026-08-24T04:51:08Z ERR Serve tunnel error error="control stream encountered a failure while serving" connIndex=0 event=0 ip=198.41.192.47
2026-08-24T04:51:08Z INF Retrying connection in up to 1m4s connIndex=0 event=0 ip=198.41.192.47
2026-08-24T04:51:28Z INF Tunnel connection curve preferences: [X25519MLKEM768 CurveID(65074) CurveP256] connIndex=0 event=0 ip=198.41.192.47
2026-08-24T04:51:28Z ERR failed to run the datagram handler error="context canceled" connIndex=0 event=0 ip=198.41.192.47
2026-08-24T04:51:28Z ERR failed to serve tunnel connection error="control stream encountered a failure while serving" connIndex=0 event=0 ip=198.41.192.47
2026-08-24T04:51:28Z ERR Serve tunnel error error="control stream encountered a failure while serving" connIndex=0 event=0 ip=198.41.192.47
2026-08-24T04:51:28Z INF Retrying connection in up to 1m4s connIndex=0 event=0 ip=198.41.192.47
2026-08-24T04:51:47Z INF Tunnel connection curve preferences: [X25519MLKEM768 CurveID(65074) CurveP256] connIndex=0 event=0 ip=198.41.192.47
2026-08-24T04:51:47Z ERR failed to run the datagram handler error="context canceled" connIndex=0 event=0 ip=198.41.192.47
2026-08-24T04:51:47Z ERR failed to serve tunnel connection error="control stream encountered a failure while serving" connIndex=0 event=0 ip=198.41.192.47
2026-08-24T04:51:47Z ERR Serve tunnel error error="control stream encountered a failure while serving" connIndex=0 event=0 ip=198.41.192.47
2026-08-24T04:51:47Z INF Retrying connection in up to 1m4s connIndex=0 event=0 ip=198.41.192.47
2026-08-24T04:51:56Z INF Tunnel connection curve preferences: [X25519MLKEM768 CurveID(65074) CurveP256] connIndex=0 event=0 ip=198.41.192.47
2026-08-24T04:51:57Z ERR failed to run the datagram handler error="context canceled" connIndex=0 event=0 ip=198.41.192.47
2026-08-24T04:51:57Z ERR failed to serve tunnel connection error="control stream encountered a failure while serving" connIndex=0 event=0 ip=198.41.192.47
2026-08-24T04:51:57Z ERR Serve tunnel error error="control stream encountered a failure while serving" connIndex=0 event=0 ip=198.41.192.47
2026-08-24T04:51:57Z INF Retrying connection in up to 1m4s connIndex=0 event=0 ip=198.41.192.47
2026-08-24T04:52:07Z INF Tunnel connection curve preferences: [X25519MLKEM768 CurveID(65074) CurveP256] connIndex=0 event=0 ip=198.41.192.47
2026-08-24T04:52:08Z ERR failed to run the datagram handler error="context canceled" connIndex=0 event=0 ip=198.41.192.47
2026-08-24T04:52:08Z ERR failed to serve tunnel connection error="control stream encountered a failure while serving" connIndex=0 event=0 ip=198.41.192.47
2026-08-24T04:52:08Z ERR Serve tunnel error error="control stream encountered a failure while serving" connIndex=0 event=0 ip=198.41.192.47
2026-08-24T04:52:08Z INF Retrying connection in up to 1m4s connIndex=0 event=0 ip=198.41.192.47
2026-08-24T04:52:11Z INF Tunnel connection curve preferences: [X25519MLKEM768 CurveID(65074) CurveP256] connIndex=0 event=0 ip=198.41.192.47
2026-08-24T04:52:11Z ERR failed to run the datagram handler error="context canceled" connIndex=0 event=0 ip=198.41.192.47
2026-08-24T04:52:11Z ERR failed to serve tunnel connection error="control stream encountered a failure while serving" connIndex=0 event=0 ip=198.41.192.47
2026-08-24T04:52:11Z ERR Serve tunnel error error="control stream encountered a failure while serving" connIndex=0 event=0 ip=198.41.192.47
2026-08-24T04:52:11Z INF Retrying connection in up to 1m4s connIndex=0 event=0 ip=198.41.192.47
2026-08-24T04:52:30Z INF Tunnel connection curve preferences: [X25519MLKEM768 CurveID(65074) CurveP256] connIndex=0 event=0 ip=198.41.192.47
2026-08-24T04:52:30Z ERR failed to run the datagram handler error="context canceled" connIndex=0 event=0 ip=198.41.192.47
2026-08-24T04:52:30Z ERR failed to serve tunnel connection error="control stream encountered a failure while serving" connIndex=0 event=0 ip=198.41.192.47
2026-08-24T04:52:30Z ERR Serve tunnel error error="control stream encountered a failure while serving" connIndex=0 event=0 ip=198.41.192.47
2026-08-24T04:52:30Z INF Retrying connection in up to 1m4s connIndex=0 event=0 ip=198.41.192.47
2026-08-24T04:52:54Z INF Tunnel connection curve preferences: [X25519MLKEM768 CurveID(65074) CurveP256] connIndex=0 event=0 ip=198.41.192.47
2026-08-24T04:52:54Z ERR failed to run the datagram handler error="context canceled" connIndex=0 event=0 ip=198.41.192.47
2026-08-24T04:52:54Z ERR failed to serve tunnel connection error="control stream encountered a failure while serving" connIndex=0 event=0 ip=198.41.192.47
2026-08-24T04:52:54Z ERR Serve tunnel error error="control stream encountered a failure while serving" connIndex=0 event=0 ip=198.41.192.47
2026-08-24T04:52:54Z INF Retrying connection in up to 1m4s connIndex=0 event=0 ip=198.41.192.47
2026-08-24T04:53:05Z INF Tunnel connection curve preferences: [X25519MLKEM768 CurveID(65074) CurveP256] connIndex=0 event=0 ip=198.41.192.47
2026-08-24T04:53:05Z ERR failed to run the datagram handler error="context canceled" connIndex=0 event=0 ip=198.41.192.47
2026-08-24T04:53:05Z ERR failed to serve tunnel connection error="control stream encountered a failure while serving" connIndex=0 event=0 ip=198.41.192.47
2026-08-24T04:53:05Z ERR Serve tunnel error error="control stream encountered a failure while serving" connIndex=0 event=0 ip=198.41.192.47
2026-08-24T04:53:05Z INF Retrying connection in up to 1m4s connIndex=0 event=0 ip=198.41.192.47
2026-08-24T04:53:17Z INF Tunnel connection curve preferences: [X25519MLKEM768 CurveID(65074) CurveP256] connIndex=0 event=0 ip=198.41.192.47
2026-08-24T04:53:17Z ERR failed to run the datagram handler error="context canceled" connIndex=0 event=0 ip=198.41.192.47
2026-08-24T04:53:17Z ERR failed to serve tunnel connection error="control stream encountered a failure while serving" connIndex=0 event=0 ip=198.41.192.47
2026-08-24T04:53:17Z ERR Serve tunnel error error="control stream encountered a failure while serving" connIndex=0 event=0 ip=198.41.192.47
2026-08-24T04:53:17Z INF Retrying connection in up to 1m4s connIndex=0 event=0 ip=198.41.192.47
2026-08-24T04:53:34Z INF Tunnel connection curve preferences: [X25519MLKEM768 CurveID(65074) CurveP256] connIndex=0 event=0 ip=198.41.192.47
2026-08-24T04:53:35Z ERR failed to run the datagram handler error="context canceled" connIndex=0 event=0 ip=198.41.192.47
2026-08-24T04:53:35Z ERR failed to serve tunnel connection error="control stream encountered a failure while serving" connIndex=0 event=0 ip=198.41.192.47
2026-08-24T04:53:35Z ERR Serve tunnel error error="control stream encountered a failure while serving" connIndex=0 event=0 ip=198.41.192.47
2026-08-24T04:53:35Z INF Retrying connection in up to 1m4s connIndex=0 event=0 ip=198.41.192.47
2026-08-24T04:53:53Z INF Tunnel connection curve preferences: [X25519MLKEM768 CurveID(65074) CurveP256] connIndex=0 event=0 ip=198.41.192.47
2026-08-24T04:53:54Z ERR failed to run the datagram handler error="context canceled" connIndex=0 event=0 ip=198.41.192.47
2026-08-24T04:53:54Z ERR failed to serve tunnel connection error="control stream encountered a failure while serving" connIndex=0 event=0 ip=198.41.192.47
2026-08-24T04:53:54Z ERR Serve tunnel error error="control stream encountered a failure while serving" connIndex=0 event=0 ip=198.41.192.47
2026-08-24T04:53:54Z INF Retrying connection in up to 1m4s connIndex=0 event=0 ip=198.41.192.47
2026-08-24T04:54:11Z INF Tunnel connection curve preferences: [X25519MLKEM768 CurveID(65074) CurveP256] connIndex=0 event=0 ip=198.41.192.47
2026-08-24T04:54:11Z ERR failed to run the datagram handler error="context canceled" connIndex=0 event=0 ip=198.41.192.47
2026-08-24T04:54:11Z ERR failed to serve tunnel connection error="control stream encountered a failure while serving" connIndex=0 event=0 ip=198.41.192.47
2026-08-24T04:54:11Z ERR Serve tunnel error error="control stream encountered a failure while serving" connIndex=0 event=0 ip=198.41.192.47
2026-08-24T04:54:11Z INF Retrying connection in up to 1m4s connIndex=0 event=0 ip=198.41.192.47
2026-08-24T04:54:25Z INF Tunnel connection curve preferences: [X25519MLKEM768 CurveID(65074) CurveP256] connIndex=0 event=0 ip=198.41.192.47
2026-08-24T04:54:25Z ERR failed to run the datagram handler error="context canceled" connIndex=0 event=0 ip=198.41.192.47
2026-08-24T04:54:25Z ERR failed to serve tunnel connection error="control stream encountered a failure while serving" connIndex=0 event=0 ip=198.41.192.47
2026-08-24T04:54:25Z ERR Serve tunnel error error="control stream encountered a failure while serving" connIndex=0 event=0 ip=198.41.192.47
2026-08-24T04:54:25Z INF Retrying connection in up to 1m4s connIndex=0 event=0 ip=198.41.192.47
2026-08-24T04:54:39Z INF Tunnel connection curve preferences: [X25519MLKEM768 CurveID(65074) CurveP256] connIndex=0 event=0 ip=198.41.192.47
2026-08-24T04:54:39Z ERR failed to run the datagram handler error="context canceled" connIndex=0 event=0 ip=198.41.192.47
2026-08-24T04:54:39Z ERR failed to serve tunnel connection error="control stream encountered a failure while serving" connIndex=0 event=0 ip=198.41.192.47
2026-08-24T04:54:39Z ERR Serve tunnel error error="control stream encountered a failure while serving" connIndex=0 event=0 ip=198.41.192.47
2026-08-24T04:54:39Z INF Retrying connection in up to 1m4s connIndex=0 event=0 ip=198.41.192.47
2026-08-24T04:54:55Z INF Tunnel connection curve preferences: [X25519MLKEM768 CurveID(65074) CurveP256] connIndex=0 event=0 ip=198.41.192.47
2026-08-24T04:54:55Z ERR failed to run the datagram handler error="context canceled" connIndex=0 event=0 ip=198.41.192.47
2026-08-24T04:54:55Z ERR failed to serve tunnel connection error="control stream encountered a failure while serving" connIndex=0 event=0 ip=198.41.192.47
2026-08-24T04:54:55Z ERR Serve tunnel error error="control stream encountered a failure while serving" connIndex=0 event=0 ip=198.41.192.47
2026-08-24T04:54:55Z INF Retrying connection in up to 1m4s connIndex=0 event=0 ip=198.41.192.47
2026-08-24T04:55:02Z INF Tunnel connection curve preferences: [X25519MLKEM768 CurveID(65074) CurveP256] connIndex=0 event=0 ip=198.41.192.47
2026-08-24T04:55:02Z ERR failed to run the datagram handler error="context canceled" connIndex=0 event=0 ip=198.41.192.47
2026-08-24T04:55:02Z ERR failed to serve tunnel connection error="control stream encountered a failure while serving" connIndex=0 event=0 ip=198.41.192.47
2026-08-24T04:55:02Z ERR Serve tunnel error error="control stream encountered a failure while serving" connIndex=0 event=0 ip=198.41.192.47
2026-08-24T04:55:02Z INF Retrying connection in up to 1m4s connIndex=0 event=0 ip=198.41.192.47
2026-08-24T04:55:14Z INF Tunnel connection curve preferences: [X25519MLKEM768 CurveID(65074) CurveP256] connIndex=0 event=0 ip=198.41.192.47
2026-08-24T04:55:14Z ERR failed to run the datagram handler error="context canceled" connIndex=0 event=0 ip=198.41.192.47
2026-08-24T04:55:14Z ERR failed to serve tunnel connection error="control stream encountered a failure while serving" connIndex=0 event=0 ip=198.41.192.47
2026-08-24T04:55:14Z ERR Serve tunnel error error="control stream encountered a failure while serving" connIndex=0 event=0 ip=198.41.192.47
2026-08-24T04:55:14Z INF Retrying connection in up to 1m4s connIndex=0 event=0 ip=198.41.192.47
2026-08-24T05:04:48Z INF Tunnel connection curve preferences: [X25519MLKEM768 CurveID(65074) CurveP256] connIndex=0 event=0 ip=198.41.192.47
2026-08-24T05:04:48Z ERR failed to run the datagram handler error="context canceled" connIndex=0 event=0 ip=198.41.192.47
2026-08-24T05:04:48Z ERR failed to serve tunnel connection error="control stream encountered a failure while serving" connIndex=0 event=0 ip=198.41.192.47
2026-08-24T05:04:48Z ERR Serve tunnel error error="control stream encountered a failure while serving" connIndex=0 event=0 ip=198.41.192.47
2026-08-24T05:04:48Z INF Retrying connection in up to 1m4s connIndex=0 event=0 ip=198.41.192.47
2026-08-24T05:04:49Z INF Tunnel connection curve preferences: [X25519MLKEM768 CurveID(65074) CurveP256] connIndex=0 event=0 ip=198.41.192.47
2026-08-24T05:04:50Z ERR failed to run the datagram handler error="context canceled" connIndex=0 event=0 ip=198.41.192.47
2026-08-24T05:04:50Z ERR failed to serve tunnel connection error="control stream encountered a failure while serving" connIndex=0 event=0 ip=198.41.192.47
2026-08-24T05:04:50Z ERR Serve tunnel error error="control stream encountered a failure while serving" connIndex=0 event=0 ip=198.41.192.47
2026-08-24T05:04:50Z INF Retrying connection in up to 1m4s connIndex=0 event=0 ip=198.41.192.47
2026-08-24T05:05:07Z INF Tunnel connection curve preferences: [X25519MLKEM768 CurveID(65074) CurveP256] connIndex=0 event=0 ip=198.41.192.47
2026-08-24T05:05:08Z ERR failed to run the datagram handler error="context canceled" connIndex=0 event=0 ip=198.41.192.47
2026-08-24T05:05:08Z ERR failed to serve tunnel connection error="control stream encountered a failure while serving" connIndex=0 event=0 ip=198.41.192.47
2026-08-24T05:05:08Z ERR Serve tunnel error error="control stream encountered a failure while serving" connIndex=0 event=0 ip=198.41.192.47
2026-08-24T05:05:08Z INF Retrying connection in up to 1m4s connIndex=0 event=0 ip=198.41.192.47
2026-08-24T05:05:19Z INF Tunnel connection curve preferences: [X25519MLKEM768 CurveID(65074) CurveP256] connIndex=0 event=0 ip=198.41.192.47
2026-08-24T05:05:19Z ERR failed to run the datagram handler error="context canceled" connIndex=0 event=0 ip=198.41.192.47
2026-08-24T05:05:19Z ERR failed to serve tunnel connection error="control stream encountered a failure while serving" connIndex=0 event=0 ip=198.41.192.47
2026-08-24T05:05:19Z ERR Serve tunnel error error="control stream encountered a failure while serving" connIndex=0 event=0 ip=198.41.192.47
2026-08-24T05:05:19Z INF Retrying connection in up to 1m4s connIndex=0 event=0 ip=198.41.192.47
2026-08-24T05:05:25Z INF Tunnel connection curve preferences: [X25519MLKEM768 CurveID(65074) CurveP256] connIndex=0 event=0 ip=198.41.192.47
2026-08-24T05:05:26Z ERR failed to run the datagram handler error="context canceled" connIndex=0 event=0 ip=198.41.192.47
2026-08-24T05:05:26Z ERR failed to serve tunnel connection error="control stream encountered a failure while serving" connIndex=0 event=0 ip=198.41.192.47
2026-08-24T05:05:26Z ERR Serve tunnel error error="control stream encountered a failure while serving" connIndex=0 event=0 ip=198.41.192.47
2026-08-24T05:05:26Z INF Retrying connection in up to 1m4s connIndex=0 event=0 ip=198.41.192.47
2026-08-24T05:05:27Z INF Tunnel connection curve preferences: [X25519MLKEM768 CurveID(65074) CurveP256] connIndex=0 event=0 ip=198.41.192.47
2026-08-24T05:05:27Z ERR failed to run the datagram handler error="context canceled" connIndex=0 event=0 ip=198.41.192.47
2026-08-24T05:05:27Z ERR failed to serve tunnel connection error="control stream encountered a failure while serving" connIndex=0 event=0 ip=198.41.192.47
2026-08-24T05:05:27Z ERR Serve tunnel error error="control stream encountered a failure while serving" connIndex=0 event=0 ip=198.41.192.47
2026-08-24T05:05:27Z INF Retrying connection in up to 1m4s connIndex=0 event=0 ip=198.41.192.47
2026-08-24T05:06:55Z INF Tunnel connection curve preferences: [X25519MLKEM768 CurveID(65074) CurveP256] connIndex=0 event=0 ip=198.41.192.47
2026-08-24T05:06:55Z ERR failed to run the datagram handler error="context canceled" connIndex=0 event=0 ip=198.41.192.47
2026-08-24T05:06:55Z ERR failed to serve tunnel connection error="control stream encountered a failure while serving" connIndex=0 event=0 ip=198.41.192.47
2026-08-24T05:06:55Z ERR Serve tunnel error error="control stream encountered a failure while serving" connIndex=0 event=0 ip=198.41.192.47
2026-08-24T05:06:55Z INF Retrying connection in up to 1m4s connIndex=0 event=0 ip=198.41.192.47
2026-08-24T05:12:07Z INF Tunnel connection curve preferences: [X25519MLKEM768 CurveID(65074) CurveP256] connIndex=0 event=0 ip=198.41.192.47
2026-08-24T05:12:07Z ERR failed to run the datagram handler error="context canceled" connIndex=0 event=0 ip=198.41.192.47
2026-08-24T05:12:07Z ERR failed to serve tunnel connection error="control stream encountered a failure while serving" connIndex=0 event=0 ip=198.41.192.47
2026-08-24T05:12:07Z ERR Serve tunnel error error="control stream encountered a failure while serving" connIndex=0 event=0 ip=198.41.192.47
2026-08-24T05:12:07Z INF Retrying connection in up to 1m4s connIndex=0 event=0 ip=198.41.192.47
2026-08-24T05:12:26Z INF Tunnel connection curve preferences: [X25519MLKEM768 CurveID(65074) CurveP256] connIndex=0 event=0 ip=198.41.192.47
2026-08-24T05:12:26Z ERR failed to run the datagram handler error="context canceled" connIndex=0 event=0 ip=198.41.192.47
2026-08-24T05:12:26Z ERR failed to serve tunnel connection error="control stream encountered a failure while serving" connIndex=0 event=0 ip=198.41.192.47
2026-08-24T05:12:26Z ERR Serve tunnel error error="control stream encountered a failure while serving" connIndex=0 event=0 ip=198.41.192.47
2026-08-24T05:12:26Z INF Retrying connection in up to 1m4s connIndex=0 event=0 ip=198.41.192.47
2026-08-24T05:14:35Z INF Tunnel connection curve preferences: [X25519MLKEM768 CurveID(65074) CurveP256] connIndex=0 event=0 ip=198.41.192.47
2026-08-24T05:14:35Z ERR failed to run the datagram handler error="context canceled" connIndex=0 event=0 ip=198.41.192.47
2026-08-24T05:14:35Z ERR failed to serve tunnel connection error="control stream encountered a failure while serving" connIndex=0 event=0 ip=198.41.192.47
2026-08-24T05:14:35Z ERR Serve tunnel error error="control stream encountered a failure while serving" connIndex=0 event=0 ip=198.41.192.47
2026-08-24T05:14:35Z INF Retrying connection in up to 1m4s connIndex=0 event=0 ip=198.41.192.47
2026-08-24T05:14:44Z INF Tunnel connection curve preferences: [X25519MLKEM768 CurveID(65074) CurveP256] connIndex=0 event=0 ip=198.41.192.47
2026-08-24T05:14:44Z ERR failed to run the datagram handler error="context canceled" connIndex=0 event=0 ip=198.41.192.47
2026-08-24T05:14:44Z ERR failed to serve tunnel connection error="control stream encountered a failure while serving" connIndex=0 event=0 ip=198.41.192.47
2026-08-24T05:14:44Z ERR Serve tunnel error error="control stream encountered a failure while serving" connIndex=0 event=0 ip=198.41.192.47
2026-08-24T05:14:44Z INF Retrying connection in up to 1m4s connIndex=0 event=0 ip=198.41.192.47
2026-08-24T05:15:13Z INF Tunnel connection curve preferences: [X25519MLKEM768 CurveID(65074) CurveP256] connIndex=0 event=0 ip=198.41.192.47
2026-08-24T05:15:14Z ERR failed to run the datagram handler error="context canceled" connIndex=0 event=0 ip=198.41.192.47
2026-08-24T05:15:14Z ERR failed to serve tunnel connection error="control stream encountered a failure while serving" connIndex=0 event=0 ip=198.41.192.47
2026-08-24T05:15:14Z ERR Serve tunnel error error="control stream encountered a failure while serving" connIndex=0 event=0 ip=198.41.192.47
2026-08-24T05:15:14Z INF Retrying connection in up to 1m4s connIndex=0 event=0 ip=198.41.192.47
2026-08-24T05:15:55Z INF Tunnel connection curve preferences: [X25519MLKEM768 CurveID(65074) CurveP256] connIndex=0 event=0 ip=198.41.192.47
2026-08-24T05:15:55Z ERR failed to run the datagram handler error="context canceled" connIndex=0 event=0 ip=198.41.192.47
2026-08-24T05:15:55Z ERR failed to serve tunnel connection error="control stream encountered a failure while serving" connIndex=0 event=0 ip=198.41.192.47
2026-08-24T05:15:55Z ERR Serve tunnel error error="control stream encountered a failure while serving" connIndex=0 event=0 ip=198.41.192.47
2026-08-24T05:15:55Z INF Retrying connection in up to 1m4s connIndex=0 event=0 ip=198.41.192.47
2026-08-24T05:17:17Z INF Tunnel connection curve preferences: [X25519MLKEM768 CurveID(65074) CurveP256] connIndex=0 event=0 ip=198.41.192.47
2026-08-24T05:17:18Z ERR failed to run the datagram handler error="context canceled" connIndex=0 event=0 ip=198.41.192.47
2026-08-24T05:17:18Z ERR failed to serve tunnel connection error="control stream encountered a failure while serving" connIndex=0 event=0 ip=198.41.192.47
2026-08-24T05:17:18Z ERR Serve tunnel error error="control stream encountered a failure while serving" connIndex=0 event=0 ip=198.41.192.47
2026-08-24T05:17:18Z INF Retrying connection in up to 1m4s connIndex=0 event=0 ip=198.41.192.47
2026-08-24T05:17:35Z INF Tunnel connection curve preferences: [X25519MLKEM768 CurveID(65074) CurveP256] connIndex=0 event=0 ip=198.41.192.47
2026-08-24T05:17:35Z ERR failed to run the datagram handler error="context canceled" connIndex=0 event=0 ip=198.41.192.47
2026-08-24T05:17:35Z ERR failed to serve tunnel connection error="control stream encountered a failure while serving" connIndex=0 event=0 ip=198.41.192.47
2026-08-24T05:17:35Z ERR Serve tunnel error error="control stream encountered a failure while serving" connIndex=0 event=0 ip=198.41.192.47
2026-08-24T05:17:35Z INF Retrying connection in up to 1m4s connIndex=0 event=0 ip=198.41.192.47
2026-08-24T05:33:10Z INF Tunnel connection curve preferences: [X25519MLKEM768 CurveID(65074) CurveP256] connIndex=0 event=0 ip=198.41.192.47
2026-08-24T05:33:10Z ERR failed to run the datagram handler error="context canceled" connIndex=0 event=0 ip=198.41.192.47
2026-08-24T05:33:10Z ERR failed to serve tunnel connection error="control stream encountered a failure while serving" connIndex=0 event=0 ip=198.41.192.47
2026-08-24T05:33:10Z ERR Serve tunnel error error="control stream encountered a failure while serving" connIndex=0 event=0 ip=198.41.192.47
2026-08-24T05:33:10Z INF Retrying connection in up to 1m4s connIndex=0 event=0 ip=198.41.192.47
2026-08-24T05:40:40Z INF Tunnel connection curve preferences: [X25519MLKEM768 CurveID(65074) CurveP256] connIndex=0 event=0 ip=198.41.192.47
2026-08-24T05:40:40Z ERR failed to run the datagram handler error="context canceled" connIndex=0 event=0 ip=198.41.192.47
2026-08-24T05:40:40Z ERR failed to serve tunnel connection error="control stream encountered a failure while serving" connIndex=0 event=0 ip=198.41.192.47
2026-08-24T05:40:40Z ERR Serve tunnel error error="control stream encountered a failure while serving" connIndex=0 event=0 ip=198.41.192.47
2026-08-24T05:40:40Z INF Retrying connection in up to 1m4s connIndex=0 event=0 ip=198.41.192.47
2026-08-24T05:40:42Z INF Tunnel connection curve preferences: [X25519MLKEM768 CurveID(65074) CurveP256] connIndex=0 event=0 ip=198.41.192.47
2026-08-24T05:40:42Z ERR failed to run the datagram handler error="context canceled" connIndex=0 event=0 ip=198.41.192.47
2026-08-24T05:40:42Z ERR failed to serve tunnel connection error="control stream encountered a failure while serving" connIndex=0 event=0 ip=198.41.192.47
2026-08-24T05:40:42Z ERR Serve tunnel error error="control stream encountered a failure while serving" connIndex=0 event=0 ip=198.41.192.47
2026-08-24T05:40:42Z INF Retrying connection in up to 1m4s connIndex=0 event=0 ip=198.41.192.47
2026-08-24T05:40:51Z INF Tunnel connection curve preferences: [X25519MLKEM768 CurveID(65074) CurveP256] connIndex=0 event=0 ip=198.41.192.47
2026-08-24T05:40:51Z ERR failed to run the datagram handler error="context canceled" connIndex=0 event=0 ip=198.41.192.47
2026-08-24T05:40:51Z ERR failed to serve tunnel connection error="control stream encountered a failure while serving" connIndex=0 event=0 ip=198.41.192.47
2026-08-24T05:40:51Z ERR Serve tunnel error error="control stream encountered a failure while serving" connIndex=0 event=0 ip=198.41.192.47
2026-08-24T05:40:51Z INF Retrying connection in up to 1m4s connIndex=0 event=0 ip=198.41.192.47
2026-08-24T05:41:19Z INF Tunnel connection curve preferences: [X25519MLKEM768 CurveID(65074) CurveP256] connIndex=0 event=0 ip=198.41.192.47
2026-08-24T05:41:20Z ERR failed to run the datagram handler error="context canceled" connIndex=0 event=0 ip=198.41.192.47
2026-08-24T05:41:20Z ERR failed to serve tunnel connection error="control stream encountered a failure while serving" connIndex=0 event=0 ip=198.41.192.47
2026-08-24T05:41:20Z ERR Serve tunnel error error="control stream encountered a failure while serving" connIndex=0 event=0 ip=198.41.192.47
2026-08-24T05:41:20Z INF Retrying connection in up to 1m4s connIndex=0 event=0 ip=198.41.192.47
2026-08-24T05:41:51Z INF Tunnel connection curve preferences: [X25519MLKEM768 CurveID(65074) CurveP256] connIndex=0 event=0 ip=198.41.192.47
2026-08-24T05:41:51Z ERR failed to run the datagram handler error="context canceled" connIndex=0 event=0 ip=198.41.192.47
2026-08-24T05:41:51Z ERR failed to serve tunnel connection error="control stream encountered a failure while serving" connIndex=0 event=0 ip=198.41.192.47
2026-08-24T05:41:51Z ERR Serve tunnel error error="control stream encountered a failure while serving" connIndex=0 event=0 ip=198.41.192.47
2026-08-24T05:41:51Z INF Retrying connection in up to 1m4s connIndex=0 event=0 ip=198.41.192.47
2026-08-24T05:42:06Z INF Tunnel connection curve preferences: [X25519MLKEM768 CurveID(65074) CurveP256] connIndex=0 event=0 ip=198.41.192.47
2026-08-24T05:42:06Z ERR failed to run the datagram handler error="context canceled" connIndex=0 event=0 ip=198.41.192.47
2026-08-24T05:42:06Z ERR failed to serve tunnel connection error="control stream encountered a failure while serving" connIndex=0 event=0 ip=198.41.192.47
2026-08-24T05:42:06Z ERR Serve tunnel error error="control stream encountered a failure while serving" connIndex=0 event=0 ip=198.41.192.47
2026-08-24T05:42:06Z INF Retrying connection in up to 1m4s connIndex=0 event=0 ip=198.41.192.47
2026-08-24T05:42:21Z INF Tunnel connection curve preferences: [X25519MLKEM768 CurveID(65074) CurveP256] connIndex=0 event=0 ip=198.41.192.47
2026-08-24T05:42:21Z ERR failed to run the datagram handler error="context canceled" connIndex=0 event=0 ip=198.41.192.47
2026-08-24T05:42:21Z ERR failed to serve tunnel connection error="control stream encountered a failure while serving" connIndex=0 event=0 ip=198.41.192.47
2026-08-24T05:42:21Z ERR Serve tunnel error error="control stream encountered a failure while serving" connIndex=0 event=0 ip=198.41.192.47
2026-08-24T05:42:21Z INF Retrying connection in up to 1m4s connIndex=0 event=0 ip=198.41.192.47
2026-08-24T05:42:35Z INF Tunnel connection curve preferences: [X25519MLKEM768 CurveID(65074) CurveP256] connIndex=0 event=0 ip=198.41.192.47
2026-08-24T05:42:36Z ERR failed to run the datagram handler error="context canceled" connIndex=0 event=0 ip=198.41.192.47
2026-08-24T05:42:36Z ERR failed to serve tunnel connection error="control stream encountered a failure while serving" connIndex=0 event=0 ip=198.41.192.47
2026-08-24T05:42:36Z ERR Serve tunnel error error="control stream encountered a failure while serving" connIndex=0 event=0 ip=198.41.192.47
2026-08-24T05:42:36Z INF Retrying connection in up to 1m4s connIndex=0 event=0 ip=198.41.192.47
2026-08-24T05:42:41Z INF Tunnel connection curve preferences: [X25519MLKEM768 CurveID(65074) CurveP256] connIndex=0 event=0 ip=198.41.192.47
2026-08-24T05:42:41Z ERR failed to run the datagram handler error="context canceled" connIndex=0 event=0 ip=198.41.192.47
2026-08-24T05:42:41Z ERR failed to serve tunnel connection error="control stream encountered a failure while serving" connIndex=0 event=0 ip=198.41.192.47
2026-08-24T05:42:41Z ERR Serve tunnel error error="control stream encountered a failure while serving" connIndex=0 event=0 ip=198.41.192.47
2026-08-24T05:42:41Z INF Retrying connection in up to 1m4s connIndex=0 event=0 ip=198.41.192.47
2026-08-24T05:46:45Z INF Tunnel connection curve preferences: [X25519MLKEM768 CurveID(65074) CurveP256] connIndex=0 event=0 ip=198.41.192.47
2026-08-24T05:46:46Z ERR failed to run the datagram handler error="context canceled" connIndex=0 event=0 ip=198.41.192.47
2026-08-24T05:46:46Z ERR failed to serve tunnel connection error="control stream encountered a failure while serving" connIndex=0 event=0 ip=198.41.192.47
2026-08-24T05:46:46Z ERR Serve tunnel error error="control stream encountered a failure while serving" connIndex=0 event=0 ip=198.41.192.47
2026-08-24T05:46:46Z INF Retrying connection in up to 1m4s connIndex=0 event=0 ip=198.41.192.47
2026-08-24T05:47:03Z INF Tunnel connection curve preferences: [X25519MLKEM768 CurveID(65074) CurveP256] connIndex=0 event=0 ip=198.41.192.47
2026-08-24T05:47:03Z ERR failed to run the datagram handler error="context canceled" connIndex=0 event=0 ip=198.41.192.47
2026-08-24T05:47:03Z ERR failed to serve tunnel connection error="control stream encountered a failure while serving" connIndex=0 event=0 ip=198.41.192.47
2026-08-24T05:47:03Z ERR Serve tunnel error error="control stream encountered a failure while serving" connIndex=0 event=0 ip=198.41.192.47
2026-08-24T05:47:03Z INF Retrying connection in up to 1m4s connIndex=0 event=0 ip=198.41.192.47
2026-08-24T05:47:27Z INF Tunnel connection curve preferences: [X25519MLKEM768 CurveID(65074) CurveP256] connIndex=0 event=0 ip=198.41.192.47
2026-08-24T05:47:27Z ERR failed to run the datagram handler error="context canceled" connIndex=0 event=0 ip=198.41.192.47
2026-08-24T05:47:27Z ERR failed to serve tunnel connection error="control stream encountered a failure while serving" connIndex=0 event=0 ip=198.41.192.47
2026-08-24T05:47:27Z ERR Serve tunnel error error="control stream encountered a failure while serving" connIndex=0 event=0 ip=198.41.192.47
2026-08-24T05:47:27Z INF Retrying connection in up to 1m4s connIndex=0 event=0 ip=198.41.192.47
2026-08-24T05:47:56Z INF Tunnel connection curve preferences: [X25519MLKEM768 CurveID(65074) CurveP256] connIndex=0 event=0 ip=198.41.192.47
2026-08-24T05:47:56Z ERR failed to run the datagram handler error="context canceled" connIndex=0 event=0 ip=198.41.192.47
2026-08-24T05:47:56Z ERR failed to serve tunnel connection error="control stream encountered a failure while serving" connIndex=0 event=0 ip=198.41.192.47
2026-08-24T05:47:56Z ERR Serve tunnel error error="control stream encountered a failure while serving" connIndex=0 event=0 ip=198.41.192.47
2026-08-24T05:47:56Z INF Retrying connection in up to 1m4s connIndex=0 event=0 ip=198.41.192.47
2026-08-24T05:48:28Z INF Tunnel connection curve preferences: [X25519MLKEM768 CurveID(65074) CurveP256] connIndex=0 event=0 ip=198.41.192.47
2026-08-24T05:48:28Z ERR failed to run the datagram handler error="context canceled" connIndex=0 event=0 ip=198.41.192.47
2026-08-24T05:48:28Z ERR failed to serve tunnel connection error="control stream encountered a failure while serving" connIndex=0 event=0 ip=198.41.192.47
2026-08-24T05:48:28Z ERR Serve tunnel error error="control stream encountered a failure while serving" connIndex=0 event=0 ip=198.41.192.47
2026-08-24T05:48:28Z INF Retrying connection in up to 1m4s connIndex=0 event=0 ip=198.41.192.47
2026-08-24T05:48:48Z INF Tunnel connection curve preferences: [X25519MLKEM768 CurveID(65074) CurveP256] connIndex=0 event=0 ip=198.41.192.47
2026-08-24T05:48:49Z ERR failed to run the datagram handler error="context canceled" connIndex=0 event=0 ip=198.41.192.47
2026-08-24T05:48:49Z ERR failed to serve tunnel connection error="control stream encountered a failure while serving" connIndex=0 event=0 ip=198.41.192.47
2026-08-24T05:48:49Z ERR Serve tunnel error error="control stream encountered a failure while serving" connIndex=0 event=0 ip=198.41.192.47
2026-08-24T05:48:49Z INF Retrying connection in up to 1m4s connIndex=0 event=0 ip=198.41.192.47
2026-08-24T05:50:39Z INF Tunnel connection curve preferences: [X25519MLKEM768 CurveID(65074) CurveP256] connIndex=0 event=0 ip=198.41.192.47
2026-08-24T05:50:39Z ERR failed to run the datagram handler error="context canceled" connIndex=0 event=0 ip=198.41.192.47
2026-08-24T05:50:39Z ERR failed to serve tunnel connection error="control stream encountered a failure while serving" connIndex=0 event=0 ip=198.41.192.47
2026-08-24T05:50:39Z ERR Serve tunnel error error="control stream encountered a failure while serving" connIndex=0 event=0 ip=198.41.192.47
2026-08-24T05:50:39Z INF Retrying connection in up to 1m4s connIndex=0 event=0 ip=198.41.192.47
2026-08-24T05:51:09Z INF Tunnel connection curve preferences: [X25519MLKEM768 CurveID(65074) CurveP256] connIndex=0 event=0 ip=198.41.192.47
2026-08-24T05:51:12Z ERR failed to run the datagram handler error="context canceled" connIndex=0 event=0 ip=198.41.192.47
2026-08-24T05:51:12Z ERR failed to serve tunnel connection error="control stream encountered a failure while serving" connIndex=0 event=0 ip=198.41.192.47
2026-08-24T05:51:12Z ERR Serve tunnel error error="control stream encountered a failure while serving" connIndex=0 event=0 ip=198.41.192.47
2026-08-24T05:51:12Z INF Retrying connection in up to 1m4s connIndex=0 event=0 ip=198.41.192.47
2026-08-24T05:51:27Z INF Tunnel connection curve preferences: [X25519MLKEM768 CurveID(65074) CurveP256] connIndex=0 event=0 ip=198.41.192.47
2026-08-24T05:51:28Z ERR failed to run the datagram handler error="context canceled" connIndex=0 event=0 ip=198.41.192.47
2026-08-24T05:51:28Z ERR failed to serve tunnel connection error="control stream encountered a failure while serving" connIndex=0 event=0 ip=198.41.192.47
2026-08-24T05:51:28Z ERR Serve tunnel error error="control stream encountered a failure while serving" connIndex=0 event=0 ip=198.41.192.47
2026-08-24T05:51:28Z INF Retrying connection in up to 1m4s connIndex=0 event=0 ip=198.41.192.47
2026-08-24T05:51:40Z INF Tunnel connection curve preferences: [X25519MLKEM768 CurveID(65074) CurveP256] connIndex=0 event=0 ip=198.41.192.47
2026-08-24T05:51:40Z ERR failed to run the datagram handler error="context canceled" connIndex=0 event=0 ip=198.41.192.47
2026-08-24T05:51:40Z ERR failed to serve tunnel connection error="control stream encountered a failure while serving" connIndex=0 event=0 ip=198.41.192.47
2026-08-24T05:51:40Z ERR Serve tunnel error error="control stream encountered a failure while serving" connIndex=0 event=0 ip=198.41.192.47
2026-08-24T05:51:40Z INF Retrying connection in up to 1m4s connIndex=0 event=0 ip=198.41.192.47
2026-08-24T05:51:44Z INF Tunnel connection curve preferences: [X25519MLKEM768 CurveID(65074) CurveP256] connIndex=0 event=0 ip=198.41.192.47
2026-08-24T05:51:44Z ERR failed to run the datagram handler error="context canceled" connIndex=0 event=0 ip=198.41.192.47
2026-08-24T05:51:44Z ERR failed to serve tunnel connection error="control stream encountered a failure while serving" connIndex=0 event=0 ip=198.41.192.47
2026-08-24T05:51:44Z ERR Serve tunnel error error="control stream encountered a failure while serving" connIndex=0 event=0 ip=198.41.192.47
2026-08-24T05:51:44Z INF Retrying connection in up to 1m4s connIndex=0 event=0 ip=198.41.192.47
2026-08-24T05:52:10Z INF Tunnel connection curve preferences: [X25519MLKEM768 CurveID(65074) CurveP256] connIndex=0 event=0 ip=198.41.192.47
2026-08-24T05:52:10Z ERR failed to run the datagram handler error="context canceled" connIndex=0 event=0 ip=198.41.192.47
2026-08-24T05:52:10Z ERR failed to serve tunnel connection error="control stream encountered a failure while serving" connIndex=0 event=0 ip=198.41.192.47
2026-08-24T05:52:10Z ERR Serve tunnel error error="control stream encountered a failure while serving" connIndex=0 event=0 ip=198.41.192.47
2026-08-24T05:52:10Z INF Retrying connection in up to 1m4s connIndex=0 event=0 ip=198.41.192.47
2026-08-24T05:52:37Z INF Tunnel connection curve preferences: [X25519MLKEM768 CurveID(65074) CurveP256] connIndex=0 event=0 ip=198.41.192.47
2026-08-24T05:52:37Z ERR failed to run the datagram handler error="context canceled" connIndex=0 event=0 ip=198.41.192.47
2026-08-24T05:52:37Z ERR failed to serve tunnel connection error="control stream encountered a failure while serving" connIndex=0 event=0 ip=198.41.192.47
2026-08-24T05:52:37Z ERR Serve tunnel error error="control stream encountered a failure while serving" connIndex=0 event=0 ip=198.41.192.47
2026-08-24T05:52:37Z INF Retrying connection in up to 1m4s connIndex=0 event=0 ip=198.41.192.47
2026-08-24T05:53:09Z INF Tunnel connection curve preferences: [X25519MLKEM768 CurveID(65074) CurveP256] connIndex=0 event=0 ip=198.41.192.47
2026-08-24T05:53:09Z ERR failed to run the datagram handler error="context canceled" connIndex=0 event=0 ip=198.41.192.47
2026-08-24T05:53:09Z ERR failed to serve tunnel connection error="control stream encountered a failure while serving" connIndex=0 event=0 ip=198.41.192.47
2026-08-24T05:53:09Z ERR Serve tunnel error error="control stream encountered a failure while serving" connIndex=0 event=0 ip=198.41.192.47
2026-08-24T05:53:09Z INF Retrying connection in up to 1m4s connIndex=0 event=0 ip=198.41.192.47
2026-08-24T05:53:14Z INF Tunnel connection curve preferences: [X25519MLKEM768 CurveID(65074) CurveP256] connIndex=0 event=0 ip=198.41.192.47
2026-08-24T05:53:15Z ERR failed to run the datagram handler error="context canceled" connIndex=0 event=0 ip=198.41.192.47
2026-08-24T05:53:15Z ERR failed to serve tunnel connection error="control stream encountered a failure while serving" connIndex=0 event=0 ip=198.41.192.47
2026-08-24T05:53:15Z ERR Serve tunnel error error="control stream encountered a failure while serving" connIndex=0 event=0 ip=198.41.192.47
2026-08-24T05:53:15Z INF Retrying connection in up to 1m4s connIndex=0 event=0 ip=198.41.192.47
2026-08-24T05:53:40Z INF Tunnel connection curve preferences: [X25519MLKEM768 CurveID(65074) CurveP256] connIndex=0 event=0 ip=198.41.192.47
2026-08-24T05:53:40Z ERR failed to run the datagram handler error="context canceled" connIndex=0 event=0 ip=198.41.192.47
2026-08-24T05:53:40Z ERR failed to serve tunnel connection error="control stream encountered a failure while serving" connIndex=0 event=0 ip=198.41.192.47
2026-08-24T05:53:40Z ERR Serve tunnel error error="control stream encountered a failure while serving" connIndex=0 event=0 ip=198.41.192.47
2026-08-24T05:53:40Z INF Retrying connection in up to 1m4s connIndex=0 event=0 ip=198.41.192.47
2026-08-24T05:53:53Z INF Tunnel connection curve preferences: [X25519MLKEM768 CurveID(65074) CurveP256] connIndex=0 event=0 ip=198.41.192.47
2026-08-24T05:53:53Z ERR failed to run the datagram handler error="context canceled" connIndex=0 event=0 ip=198.41.192.47
2026-08-24T05:53:53Z ERR failed to serve tunnel connection error="control stream encountered a failure while serving" connIndex=0 event=0 ip=198.41.192.47
2026-08-24T05:53:53Z ERR Serve tunnel error error="control stream encountered a failure while serving" connIndex=0 event=0 ip=198.41.192.47
2026-08-24T05:53:53Z INF Retrying connection in up to 1m4s connIndex=0 event=0 ip=198.41.192.47
2026-08-24T05:53:58Z INF Tunnel connection curve preferences: [X25519MLKEM768 CurveID(65074) CurveP256] connIndex=0 event=0 ip=198.41.192.47
2026-08-24T05:53:58Z ERR failed to run the datagram handler error="context canceled" connIndex=0 event=0 ip=198.41.192.47
2026-08-24T05:53:58Z ERR failed to serve tunnel connection error="control stream encountered a failure while serving" connIndex=0 event=0 ip=198.41.192.47
2026-08-24T05:53:58Z ERR Serve tunnel error error="control stream encountered a failure while serving" connIndex=0 event=0 ip=198.41.192.47
2026-08-24T05:53:58Z INF Retrying connection in up to 1m4s connIndex=0 event=0 ip=198.41.192.47
2026-08-24T05:54:10Z INF Tunnel connection curve preferences: [X25519MLKEM768 CurveID(65074) CurveP256] connIndex=0 event=0 ip=198.41.192.47
2026-08-24T05:54:11Z ERR failed to run the datagram handler error="context canceled" connIndex=0 event=0 ip=198.41.192.47
2026-08-24T05:54:11Z ERR failed to serve tunnel connection error="control stream encountered a failure while serving" connIndex=0 event=0 ip=198.41.192.47
2026-08-24T05:54:11Z ERR Serve tunnel error error="control stream encountered a failure while serving" connIndex=0 event=0 ip=198.41.192.47
2026-08-24T05:54:11Z INF Retrying connection in up to 1m4s connIndex=0 event=0 ip=198.41.192.47
2026-08-24T05:54:39Z INF Tunnel connection curve preferences: [X25519MLKEM768 CurveID(65074) CurveP256] connIndex=0 event=0 ip=198.41.192.47
2026-08-24T05:54:39Z ERR failed to run the datagram handler error="context canceled" connIndex=0 event=0 ip=198.41.192.47
2026-08-24T05:54:39Z ERR failed to serve tunnel connection error="control stream encountered a failure while serving" connIndex=0 event=0 ip=198.41.192.47
2026-08-24T05:54:39Z ERR Serve tunnel error error="control stream encountered a failure while serving" connIndex=0 event=0 ip=198.41.192.47
2026-08-24T05:54:39Z INF Retrying connection in up to 1m4s connIndex=0 event=0 ip=198.41.192.47
2026-08-24T05:54:54Z INF Tunnel connection curve preferences: [X25519MLKEM768 CurveID(65074) CurveP256] connIndex=0 event=0 ip=198.41.192.47
2026-08-24T05:54:54Z ERR failed to run the datagram handler error="context canceled" connIndex=0 event=0 ip=198.41.192.47
2026-08-24T05:54:54Z ERR failed to serve tunnel connection error="control stream encountered a failure while serving" connIndex=0 event=0 ip=198.41.192.47
2026-08-24T05:54:54Z ERR Serve tunnel error error="control stream encountered a failure while serving" connIndex=0 event=0 ip=198.41.192.47
2026-08-24T05:54:54Z INF Retrying connection in up to 1m4s connIndex=0 event=0 ip=198.41.192.47
2026-08-24T05:55:05Z INF Tunnel connection curve preferences: [X25519MLKEM768 CurveID(65074) CurveP256] connIndex=0 event=0 ip=198.41.192.47
2026-08-24T05:55:05Z ERR failed to run the datagram handler error="context canceled" connIndex=0 event=0 ip=198.41.192.47
2026-08-24T05:55:05Z ERR failed to serve tunnel connection error="control stream encountered a failure while serving" connIndex=0 event=0 ip=198.41.192.47
2026-08-24T05:55:05Z ERR Serve tunnel error error="control stream encountered a failure while serving" connIndex=0 event=0 ip=198.41.192.47
2026-08-24T05:55:05Z INF Retrying connection in up to 1m4s connIndex=0 event=0 ip=198.41.192.47
2026-08-24T05:55:33Z INF Tunnel connection curve preferences: [X25519MLKEM768 CurveID(65074) CurveP256] connIndex=0 event=0 ip=198.41.192.47
2026-08-24T05:55:33Z ERR failed to run the datagram handler error="context canceled" connIndex=0 event=0 ip=198.41.192.47
2026-08-24T05:55:33Z ERR failed to serve tunnel connection error="control stream encountered a failure while serving" connIndex=0 event=0 ip=198.41.192.47
2026-08-24T05:55:33Z ERR Serve tunnel error error="control stream encountered a failure while serving" connIndex=0 event=0 ip=198.41.192.47
2026-08-24T05:55:33Z INF Retrying connection in up to 1m4s connIndex=0 event=0 ip=198.41.192.47
2026-08-24T05:55:51Z INF Tunnel connection curve preferences: [X25519MLKEM768 CurveID(65074) CurveP256] connIndex=0 event=0 ip=198.41.192.47
2026-08-24T05:55:52Z ERR failed to run the datagram handler error="context canceled" connIndex=0 event=0 ip=198.41.192.47
2026-08-24T05:55:52Z ERR failed to serve tunnel connection error="control stream encountered a failure while serving" connIndex=0 event=0 ip=198.41.192.47
2026-08-24T05:55:52Z ERR Serve tunnel error error="control stream encountered a failure while serving" connIndex=0 event=0 ip=198.41.192.47
2026-08-24T05:55:52Z INF Retrying connection in up to 1m4s connIndex=0 event=0 ip=198.41.192.47
2026-08-24T05:56:08Z INF Tunnel connection curve preferences: [X25519MLKEM768 CurveID(65074) CurveP256] connIndex=0 event=0 ip=198.41.192.47
2026-08-24T05:56:08Z ERR failed to run the datagram handler error="context canceled" connIndex=0 event=0 ip=198.41.192.47
2026-08-24T05:56:08Z ERR failed to serve tunnel connection error="control stream encountered a failure while serving" connIndex=0 event=0 ip=198.41.192.47
2026-08-24T05:56:08Z ERR Serve tunnel error error="control stream encountered a failure while serving" connIndex=0 event=0 ip=198.41.192.47
2026-08-24T05:56:08Z INF Retrying connection in up to 1m4s connIndex=0 event=0 ip=198.41.192.47
2026-08-24T05:56:18Z INF Tunnel connection curve preferences: [X25519MLKEM768 CurveID(65074) CurveP256] connIndex=0 event=0 ip=198.41.192.47
2026-08-24T05:56:18Z ERR failed to run the datagram handler error="context canceled" connIndex=0 event=0 ip=198.41.192.47
2026-08-24T05:56:18Z ERR failed to serve tunnel connection error="control stream encountered a failure while serving" connIndex=0 event=0 ip=198.41.192.47
2026-08-24T05:56:18Z ERR Serve tunnel error error="control stream encountered a failure while serving" connIndex=0 event=0 ip=198.41.192.47
2026-08-24T05:56:18Z INF Retrying connection in up to 1m4s connIndex=0 event=0 ip=198.41.192.47
2026-08-24T05:56:45Z INF Tunnel connection curve preferences: [X25519MLKEM768 CurveID(65074) CurveP256] connIndex=0 event=0 ip=198.41.192.47
2026-08-24T05:56:45Z ERR failed to run the datagram handler error="context canceled" connIndex=0 event=0 ip=198.41.192.47
2026-08-24T05:56:45Z ERR failed to serve tunnel connection error="control stream encountered a failure while serving" connIndex=0 event=0 ip=198.41.192.47
2026-08-24T05:56:45Z ERR Serve tunnel error error="control stream encountered a failure while serving" connIndex=0 event=0 ip=198.41.192.47
2026-08-24T05:56:45Z INF Retrying connection in up to 1m4s connIndex=0 event=0 ip=198.41.192.47
2026-08-24T05:57:05Z INF Tunnel connection curve preferences: [X25519MLKEM768 CurveID(65074) CurveP256] connIndex=0 event=0 ip=198.41.192.47
2026-08-24T05:57:05Z ERR failed to run the datagram handler error="context canceled" connIndex=0 event=0 ip=198.41.192.47
2026-08-24T05:57:05Z ERR failed to serve tunnel connection error="control stream encountered a failure while serving" connIndex=0 event=0 ip=198.41.192.47
2026-08-24T05:57:05Z ERR Serve tunnel error error="control stream encountered a failure while serving" connIndex=0 event=0 ip=198.41.192.47
2026-08-24T05:57:05Z INF Retrying connection in up to 1m4s connIndex=0 event=0 ip=198.41.192.47
2026-08-24T05:57:21Z INF Tunnel connection curve preferences: [X25519MLKEM768 CurveID(65074) CurveP256] connIndex=0 event=0 ip=198.41.192.47
2026-08-24T05:57:21Z ERR failed to run the datagram handler error="context canceled" connIndex=0 event=0 ip=198.41.192.47
2026-08-24T05:57:21Z ERR failed to serve tunnel connection error="control stream encountered a failure while serving" connIndex=0 event=0 ip=198.41.192.47
2026-08-24T05:57:21Z ERR Serve tunnel error error="control stream encountered a failure while serving" connIndex=0 event=0 ip=198.41.192.47
2026-08-24T05:57:21Z INF Retrying connection in up to 1m4s connIndex=0 event=0 ip=198.41.192.47
2026-08-24T05:57:40Z INF Tunnel connection curve preferences: [X25519MLKEM768 CurveID(65074) CurveP256] connIndex=0 event=0 ip=198.41.192.47
2026-08-24T05:57:40Z ERR failed to run the datagram handler error="context canceled" connIndex=0 event=0 ip=198.41.192.47
2026-08-24T05:57:40Z ERR failed to serve tunnel connection error="control stream encountered a failure while serving" connIndex=0 event=0 ip=198.41.192.47
2026-08-24T05:57:40Z ERR Serve tunnel error error="control stream encountered a failure while serving" connIndex=0 event=0 ip=198.41.192.47
2026-08-24T05:57:40Z INF Retrying connection in up to 1m4s connIndex=0 event=0 ip=198.41.192.47
2026-08-24T05:57:49Z INF Tunnel connection curve preferences: [X25519MLKEM768 CurveID(65074) CurveP256] connIndex=0 event=0 ip=198.41.192.47
2026-08-24T05:57:49Z ERR failed to run the datagram handler error="context canceled" connIndex=0 event=0 ip=198.41.192.47
2026-08-24T05:57:49Z ERR failed to serve tunnel connection error="control stream encountered a failure while serving" connIndex=0 event=0 ip=198.41.192.47
2026-08-24T05:57:49Z ERR Serve tunnel error error="control stream encountered a failure while serving" connIndex=0 event=0 ip=198.41.192.47
2026-08-24T05:57:49Z INF Retrying connection in up to 1m4s connIndex=0 event=0 ip=198.41.192.47
2026-08-24T05:58:07Z INF Tunnel connection curve preferences: [X25519MLKEM768 CurveID(65074) CurveP256] connIndex=0 event=0 ip=198.41.192.47
2026-08-24T05:58:07Z ERR failed to run the datagram handler error="context canceled" connIndex=0 event=0 ip=198.41.192.47
2026-08-24T05:58:07Z ERR failed to serve tunnel connection error="control stream encountered a failure while serving" connIndex=0 event=0 ip=198.41.192.47
2026-08-24T05:58:07Z ERR Serve tunnel error error="control stream encountered a failure while serving" connIndex=0 event=0 ip=198.41.192.47
2026-08-24T05:58:07Z INF Retrying connection in up to 1m4s connIndex=0 event=0 ip=198.41.192.47
2026-08-24T05:58:26Z INF Tunnel connection curve preferences: [X25519MLKEM768 CurveID(65074) CurveP256] connIndex=0 event=0 ip=198.41.192.47
2026-08-24T05:58:26Z ERR failed to run the datagram handler error="context canceled" connIndex=0 event=0 ip=198.41.192.47
2026-08-24T05:58:26Z ERR failed to serve tunnel connection error="control stream encountered a failure while serving" connIndex=0 event=0 ip=198.41.192.47
2026-08-24T05:58:26Z ERR Serve tunnel error error="control stream encountered a failure while serving" connIndex=0 event=0 ip=198.41.192.47
2026-08-24T05:58:26Z INF Retrying connection in up to 1m4s connIndex=0 event=0 ip=198.41.192.47
2026-08-24T05:58:35Z INF Tunnel connection curve preferences: [X25519MLKEM768 CurveID(65074) CurveP256] connIndex=0 event=0 ip=198.41.192.47
2026-08-24T05:58:35Z ERR failed to run the datagram handler error="context canceled" connIndex=0 event=0 ip=198.41.192.47
2026-08-24T05:58:35Z ERR failed to serve tunnel connection error="control stream encountered a failure while serving" connIndex=0 event=0 ip=198.41.192.47
2026-08-24T05:58:35Z ERR Serve tunnel error error="control stream encountered a failure while serving" connIndex=0 event=0 ip=198.41.192.47
2026-08-24T05:58:35Z INF Retrying connection in up to 1m4s connIndex=0 event=0 ip=198.41.192.47
2026-08-24T05:58:41Z INF Tunnel connection curve preferences: [X25519MLKEM768 CurveID(65074) CurveP256] connIndex=0 event=0 ip=198.41.192.47
2026-08-24T05:58:41Z ERR failed to run the datagram handler error="context canceled" connIndex=0 event=0 ip=198.41.192.47
2026-08-24T05:58:41Z ERR failed to serve tunnel connection error="control stream encountered a failure while serving" connIndex=0 event=0 ip=198.41.192.47
2026-08-24T05:58:41Z ERR Serve tunnel error error="control stream encountered a failure while serving" connIndex=0 event=0 ip=198.41.192.47
2026-08-24T05:58:41Z INF Retrying connection in up to 1m4s connIndex=0 event=0 ip=198.41.192.47
2026-08-24T05:59:01Z INF Tunnel connection curve preferences: [X25519MLKEM768 CurveID(65074) CurveP256] connIndex=0 event=0 ip=198.41.192.47
2026-08-24T05:59:02Z ERR failed to run the datagram handler error="context canceled" connIndex=0 event=0 ip=198.41.192.47
2026-08-24T05:59:02Z ERR failed to serve tunnel connection error="control stream encountered a failure while serving" connIndex=0 event=0 ip=198.41.192.47
2026-08-24T05:59:02Z ERR Serve tunnel error error="control stream encountered a failure while serving" connIndex=0 event=0 ip=198.41.192.47
2026-08-24T05:59:02Z INF Retrying connection in up to 1m4s connIndex=0 event=0 ip=198.41.192.47
2026-08-24T05:59:05Z INF Tunnel connection curve preferences: [X25519MLKEM768 CurveID(65074) CurveP256] connIndex=0 event=0 ip=198.41.192.47
2026-08-24T05:59:05Z ERR failed to run the datagram handler error="context canceled" connIndex=0 event=0 ip=198.41.192.47
2026-08-24T05:59:05Z ERR failed to serve tunnel connection error="control stream encountered a failure while serving" connIndex=0 event=0 ip=198.41.192.47
2026-08-24T05:59:05Z ERR Serve tunnel error error="control stream encountered a failure while serving" connIndex=0 event=0 ip=198.41.192.47
2026-08-24T05:59:05Z INF Retrying connection in up to 1m4s connIndex=0 event=0 ip=198.41.192.47
2026-08-24T05:59:25Z INF Tunnel connection curve preferences: [X25519MLKEM768 CurveID(65074) CurveP256] connIndex=0 event=0 ip=198.41.192.47
2026-08-24T05:59:25Z ERR failed to run the datagram handler error="context canceled" connIndex=0 event=0 ip=198.41.192.47
2026-08-24T05:59:25Z ERR failed to serve tunnel connection error="control stream encountered a failure while serving" connIndex=0 event=0 ip=198.41.192.47
2026-08-24T05:59:25Z ERR Serve tunnel error error="control stream encountered a failure while serving" connIndex=0 event=0 ip=198.41.192.47
2026-08-24T05:59:25Z INF Retrying connection in up to 1m4s connIndex=0 event=0 ip=198.41.192.47
2026-08-24T05:59:36Z INF Tunnel connection curve preferences: [X25519MLKEM768 CurveID(65074) CurveP256] connIndex=0 event=0 ip=198.41.192.47
2026-08-24T05:59:36Z ERR failed to run the datagram handler error="context canceled" connIndex=0 event=0 ip=198.41.192.47
2026-08-24T05:59:36Z ERR failed to serve tunnel connection error="control stream encountered a failure while serving" connIndex=0 event=0 ip=198.41.192.47
2026-08-24T05:59:36Z ERR Serve tunnel error error="control stream encountered a failure while serving" connIndex=0 event=0 ip=198.41.192.47
2026-08-24T05:59:36Z INF Retrying connection in up to 1m4s connIndex=0 event=0 ip=198.41.192.47
2026-08-24T05:59:44Z INF Tunnel connection curve preferences: [X25519MLKEM768 CurveID(65074) CurveP256] connIndex=0 event=0 ip=198.41.192.47
2026-08-24T05:59:45Z ERR failed to run the datagram handler error="context canceled" connIndex=0 event=0 ip=198.41.192.47
2026-08-24T05:59:45Z ERR failed to serve tunnel connection error="control stream encountered a failure while serving" connIndex=0 event=0 ip=198.41.192.47
2026-08-24T05:59:45Z ERR Serve tunnel error error="control stream encountered a failure while serving" connIndex=0 event=0 ip=198.41.192.47
2026-08-24T05:59:45Z INF Retrying connection in up to 1m4s connIndex=0 event=0 ip=198.41.192.47
2026-08-24T06:00:11Z INF Tunnel connection curve preferences: [X25519MLKEM768 CurveID(65074) CurveP256] connIndex=0 event=0 ip=198.41.192.47
2026-08-24T06:00:11Z ERR failed to run the datagram handler error="context canceled" connIndex=0 event=0 ip=198.41.192.47
2026-08-24T06:00:11Z ERR failed to serve tunnel connection error="control stream encountered a failure while serving" connIndex=0 event=0 ip=198.41.192.47
2026-08-24T06:00:11Z ERR Serve tunnel error error="control stream encountered a failure while serving" connIndex=0 event=0 ip=198.41.192.47
2026-08-24T06:00:11Z INF Retrying connection in up to 1m4s connIndex=0 event=0 ip=198.41.192.47
2026-08-24T06:00:36Z INF Tunnel connection curve preferences: [X25519MLKEM768 CurveID(65074) CurveP256] connIndex=0 event=0 ip=198.41.192.47
2026-08-24T06:00:36Z ERR failed to run the datagram handler error="context canceled" connIndex=0 event=0 ip=198.41.192.47
2026-08-24T06:00:36Z ERR failed to serve tunnel connection error="control stream encountered a failure while serving" connIndex=0 event=0 ip=198.41.192.47
2026-08-24T06:00:36Z ERR Serve tunnel error error="control stream encountered a failure while serving" connIndex=0 event=0 ip=198.41.192.47
2026-08-24T06:00:36Z INF Retrying connection in up to 1m4s connIndex=0 event=0 ip=198.41.192.47
2026-08-24T06:01:00Z INF Tunnel connection curve preferences: [X25519MLKEM768 CurveID(65074) CurveP256] connIndex=0 event=0 ip=198.41.192.47
2026-08-24T06:01:00Z ERR failed to run the datagram handler error="context canceled" connIndex=0 event=0 ip=198.41.192.47
2026-08-24T06:01:00Z ERR failed to serve tunnel connection error="control stream encountered a failure while serving" connIndex=0 event=0 ip=198.41.192.47
2026-08-24T06:01:00Z ERR Serve tunnel error error="control stream encountered a failure while serving" connIndex=0 event=0 ip=198.41.192.47
2026-08-24T06:01:00Z INF Retrying connection in up to 1m4s connIndex=0 event=0 ip=198.41.192.47
2026-08-24T06:01:21Z INF Tunnel connection curve preferences: [X25519MLKEM768 CurveID(65074) CurveP256] connIndex=0 event=0 ip=198.41.192.47
2026-08-24T06:01:21Z ERR failed to run the datagram handler error="context canceled" connIndex=0 event=0 ip=198.41.192.47
2026-08-24T06:01:21Z ERR failed to serve tunnel connection error="control stream encountered a failure while serving" connIndex=0 event=0 ip=198.41.192.47
2026-08-24T06:01:21Z ERR Serve tunnel error error="control stream encountered a failure while serving" connIndex=0 event=0 ip=198.41.192.47
2026-08-24T06:01:21Z INF Retrying connection in up to 1m4s connIndex=0 event=0 ip=198.41.192.47
2026-08-24T06:01:42Z INF Tunnel connection curve preferences: [X25519MLKEM768 CurveID(65074) CurveP256] connIndex=0 event=0 ip=198.41.192.47
2026-08-24T06:01:42Z ERR failed to run the datagram handler error="context canceled" connIndex=0 event=0 ip=198.41.192.47
2026-08-24T06:01:42Z ERR failed to serve tunnel connection error="control stream encountered a failure while serving" connIndex=0 event=0 ip=198.41.192.47
2026-08-24T06:01:42Z ERR Serve tunnel error error="control stream encountered a failure while serving" connIndex=0 event=0 ip=198.41.192.47
2026-08-24T06:01:42Z INF Retrying connection in up to 1m4s connIndex=0 event=0 ip=198.41.192.47
2026-08-24T06:02:03Z INF Tunnel connection curve preferences: [X25519MLKEM768 CurveID(65074) CurveP256] connIndex=0 event=0 ip=198.41.192.47
2026-08-24T06:02:03Z ERR failed to run the datagram handler error="context canceled" connIndex=0 event=0 ip=198.41.192.47
2026-08-24T06:02:03Z ERR failed to serve tunnel connection error="control stream encountered a failure while serving" connIndex=0 event=0 ip=198.41.192.47
2026-08-24T06:02:03Z ERR Serve tunnel error error="control stream encountered a failure while serving" connIndex=0 event=0 ip=198.41.192.47
2026-08-24T06:02:03Z INF Retrying connection in up to 1m4s connIndex=0 event=0 ip=198.41.192.47
2026-08-24T06:02:13Z INF Tunnel connection curve preferences: [X25519MLKEM768 CurveID(65074) CurveP256] connIndex=0 event=0 ip=198.41.192.47
2026-08-24T06:02:13Z ERR failed to run the datagram handler error="context canceled" connIndex=0 event=0 ip=198.41.192.47
2026-08-24T06:02:13Z ERR failed to serve tunnel connection error="control stream encountered a failure while serving" connIndex=0 event=0 ip=198.41.192.47
2026-08-24T06:02:13Z ERR Serve tunnel error error="control stream encountered a failure while serving" connIndex=0 event=0 ip=198.41.192.47
2026-08-24T06:02:13Z INF Retrying connection in up to 1m4s connIndex=0 event=0 ip=198.41.192.47
2026-08-24T06:02:43Z INF Tunnel connection curve preferences: [X25519MLKEM768 CurveID(65074) CurveP256] connIndex=0 event=0 ip=198.41.192.47
2026-08-24T06:02:43Z ERR failed to run the datagram handler error="context canceled" connIndex=0 event=0 ip=198.41.192.47
2026-08-24T06:02:43Z ERR failed to serve tunnel connection error="control stream encountered a failure while serving" connIndex=0 event=0 ip=198.41.192.47
2026-08-24T06:02:43Z ERR Serve tunnel error error="control stream encountered a failure while serving" connIndex=0 event=0 ip=198.41.192.47
2026-08-24T06:02:43Z INF Retrying connection in up to 1m4s connIndex=0 event=0 ip=198.41.192.47
2026-08-24T06:02:46Z INF Tunnel connection curve preferences: [X25519MLKEM768 CurveID(65074) CurveP256] connIndex=0 event=0 ip=198.41.192.47
2026-08-24T06:02:46Z ERR failed to run the datagram handler error="context canceled" connIndex=0 event=0 ip=198.41.192.47
2026-08-24T06:02:46Z ERR failed to serve tunnel connection error="control stream encountered a failure while serving" connIndex=0 event=0 ip=198.41.192.47
2026-08-24T06:02:46Z ERR Serve tunnel error error="control stream encountered a failure while serving" connIndex=0 event=0 ip=198.41.192.47
2026-08-24T06:02:46Z INF Retrying connection in up to 1m4s connIndex=0 event=0 ip=198.41.192.47
2026-08-24T06:04:07Z INF Tunnel connection curve preferences: [X25519MLKEM768 CurveID(65074) CurveP256] connIndex=0 event=0 ip=198.41.192.47
2026-08-24T06:04:07Z ERR failed to run the datagram handler error="context canceled" connIndex=0 event=0 ip=198.41.192.47
2026-08-24T06:04:07Z ERR failed to serve tunnel connection error="control stream encountered a failure while serving" connIndex=0 event=0 ip=198.41.192.47
2026-08-24T06:04:07Z ERR Serve tunnel error error="control stream encountered a failure while serving" connIndex=0 event=0 ip=198.41.192.47
2026-08-24T06:04:07Z INF Retrying connection in up to 1m4s connIndex=0 event=0 ip=198.41.192.47
2026-08-24T06:04:29Z INF Tunnel connection curve preferences: [X25519MLKEM768 CurveID(65074) CurveP256] connIndex=0 event=0 ip=198.41.192.47
2026-08-24T06:04:29Z ERR failed to run the datagram handler error="context canceled" connIndex=0 event=0 ip=198.41.192.47
2026-08-24T06:04:29Z ERR failed to serve tunnel connection error="control stream encountered a failure while serving" connIndex=0 event=0 ip=198.41.192.47
2026-08-24T06:04:29Z ERR Serve tunnel error error="control stream encountered a failure while serving" connIndex=0 event=0 ip=198.41.192.47
2026-08-24T06:04:29Z INF Retrying connection in up to 1m4s connIndex=0 event=0 ip=198.41.192.47
2026-08-24T06:04:31Z INF Tunnel connection curve preferences: [X25519MLKEM768 CurveID(65074) CurveP256] connIndex=0 event=0 ip=198.41.192.47
2026-08-24T06:04:31Z ERR failed to run the datagram handler error="context canceled" connIndex=0 event=0 ip=198.41.192.47
2026-08-24T06:04:31Z ERR failed to serve tunnel connection error="control stream encountered a failure while serving" connIndex=0 event=0 ip=198.41.192.47
2026-08-24T06:04:31Z ERR Serve tunnel error error="control stream encountered a failure while serving" connIndex=0 event=0 ip=198.41.192.47
2026-08-24T06:04:31Z INF Retrying connection in up to 1m4s connIndex=0 event=0 ip=198.41.192.47
2026-08-24T06:04:31Z INF Tunnel connection curve preferences: [X25519MLKEM768 CurveID(65074) CurveP256] connIndex=0 event=0 ip=198.41.192.47
2026-08-24T06:04:32Z ERR failed to run the datagram handler error="context canceled" connIndex=0 event=0 ip=198.41.192.47
2026-08-24T06:04:32Z ERR failed to serve tunnel connection error="control stream encountered a failure while serving" connIndex=0 event=0 ip=198.41.192.47
2026-08-24T06:04:32Z ERR Serve tunnel error error="control stream encountered a failure while serving" connIndex=0 event=0 ip=198.41.192.47
2026-08-24T06:04:32Z INF Retrying connection in up to 1m4s connIndex=0 event=0 ip=198.41.192.47
2026-08-24T06:04:55Z INF Tunnel connection curve preferences: [X25519MLKEM768 CurveID(65074) CurveP256] connIndex=0 event=0 ip=198.41.192.47
2026-08-24T06:04:55Z ERR failed to run the datagram handler error="context canceled" connIndex=0 event=0 ip=198.41.192.47
2026-08-24T06:04:55Z ERR failed to serve tunnel connection error="control stream encountered a failure while serving" connIndex=0 event=0 ip=198.41.192.47
2026-08-24T06:04:55Z ERR Serve tunnel error error="control stream encountered a failure while serving" connIndex=0 event=0 ip=198.41.192.47
2026-08-24T06:04:55Z INF Retrying connection in up to 1m4s connIndex=0 event=0 ip=198.41.192.47
2026-08-24T06:05:14Z INF Tunnel connection curve preferences: [X25519MLKEM768 CurveID(65074) CurveP256] connIndex=0 event=0 ip=198.41.192.47
2026-08-24T06:05:14Z ERR failed to run the datagram handler error="context canceled" connIndex=0 event=0 ip=198.41.192.47
2026-08-24T06:05:14Z ERR failed to serve tunnel connection error="control stream encountered a failure while serving" connIndex=0 event=0 ip=198.41.192.47
2026-08-24T06:05:14Z ERR Serve tunnel error error="control stream encountered a failure while serving" connIndex=0 event=0 ip=198.41.192.47
2026-08-24T06:05:14Z INF Retrying connection in up to 1m4s connIndex=0 event=0 ip=198.41.192.47
2026-08-24T06:05:36Z INF Tunnel connection curve preferences: [X25519MLKEM768 CurveID(65074) CurveP256] connIndex=0 event=0 ip=198.41.192.47
2026-08-24T06:05:36Z ERR failed to run the datagram handler error="context canceled" connIndex=0 event=0 ip=198.41.192.47
2026-08-24T06:05:36Z ERR failed to serve tunnel connection error="control stream encountered a failure while serving" connIndex=0 event=0 ip=198.41.192.47
2026-08-24T06:05:36Z ERR Serve tunnel error error="control stream encountered a failure while serving" connIndex=0 event=0 ip=198.41.192.47
2026-08-24T06:05:36Z INF Retrying connection in up to 1m4s connIndex=0 event=0 ip=198.41.192.47
2026-08-24T06:05:40Z INF Tunnel connection curve preferences: [X25519MLKEM768 CurveID(65074) CurveP256] connIndex=0 event=0 ip=198.41.192.47
2026-08-24T06:05:40Z ERR failed to run the datagram handler error="context canceled" connIndex=0 event=0 ip=198.41.192.47
2026-08-24T06:05:40Z ERR failed to serve tunnel connection error="control stream encountered a failure while serving" connIndex=0 event=0 ip=198.41.192.47
2026-08-24T06:05:40Z ERR Serve tunnel error error="control stream encountered a failure while serving" connIndex=0 event=0 ip=198.41.192.47
2026-08-24T06:05:40Z INF Retrying connection in up to 1m4s connIndex=0 event=0 ip=198.41.192.47
2026-08-24T06:06:06Z INF Tunnel connection curve preferences: [X25519MLKEM768 CurveID(65074) CurveP256] connIndex=0 event=0 ip=198.41.192.47
2026-08-24T06:06:06Z ERR failed to run the datagram handler error="context canceled" connIndex=0 event=0 ip=198.41.192.47
2026-08-24T06:06:06Z ERR failed to serve tunnel connection error="control stream encountered a failure while serving" connIndex=0 event=0 ip=198.41.192.47
2026-08-24T06:06:06Z ERR Serve tunnel error error="control stream encountered a failure while serving" connIndex=0 event=0 ip=198.41.192.47
2026-08-24T06:06:06Z INF Retrying connection in up to 1m4s connIndex=0 event=0 ip=198.41.192.47
2026-08-24T06:06:21Z INF Tunnel connection curve preferences: [X25519MLKEM768 CurveID(65074) CurveP256] connIndex=0 event=0 ip=198.41.192.47
2026-08-24T06:06:21Z ERR failed to run the datagram handler error="context canceled" connIndex=0 event=0 ip=198.41.192.47
2026-08-24T06:06:21Z ERR failed to serve tunnel connection error="control stream encountered a failure while serving" connIndex=0 event=0 ip=198.41.192.47
2026-08-24T06:06:21Z ERR Serve tunnel error error="control stream encountered a failure while serving" connIndex=0 event=0 ip=198.41.192.47
2026-08-24T06:06:21Z INF Retrying connection in up to 1m4s connIndex=0 event=0 ip=198.41.192.47
2026-08-24T06:06:45Z INF Tunnel connection curve preferences: [X25519MLKEM768 CurveID(65074) CurveP256] connIndex=0 event=0 ip=198.41.192.47
2026-08-24T06:06:45Z ERR failed to run the datagram handler error="context canceled" connIndex=0 event=0 ip=198.41.192.47
2026-08-24T06:06:45Z ERR failed to serve tunnel connection error="control stream encountered a failure while serving" connIndex=0 event=0 ip=198.41.192.47
2026-08-24T06:06:45Z ERR Serve tunnel error error="control stream encountered a failure while serving" connIndex=0 event=0 ip=198.41.192.47
2026-08-24T06:06:45Z INF Retrying connection in up to 1m4s connIndex=0 event=0 ip=198.41.192.47
2026-08-24T06:06:49Z INF Tunnel connection curve preferences: [X25519MLKEM768 CurveID(65074) CurveP256] connIndex=0 event=0 ip=198.41.192.47
2026-08-24T06:06:49Z ERR failed to run the datagram handler error="context canceled" connIndex=0 event=0 ip=198.41.192.47
2026-08-24T06:06:49Z ERR failed to serve tunnel connection error="control stream encountered a failure while serving" connIndex=0 event=0 ip=198.41.192.47
2026-08-24T06:06:49Z ERR Serve tunnel error error="control stream encountered a failure while serving" connIndex=0 event=0 ip=198.41.192.47
2026-08-24T06:06:49Z INF Retrying connection in up to 1m4s connIndex=0 event=0 ip=198.41.192.47
2026-08-24T06:06:50Z INF Tunnel connection curve preferences: [X25519MLKEM768 CurveID(65074) CurveP256] connIndex=0 event=0 ip=198.41.192.47
2026-08-24T06:06:50Z ERR failed to run the datagram handler error="context canceled" connIndex=0 event=0 ip=198.41.192.47
2026-08-24T06:06:50Z ERR failed to serve tunnel connection error="control stream encountered a failure while serving" connIndex=0 event=0 ip=198.41.192.47
2026-08-24T06:06:50Z ERR Serve tunnel error error="control stream encountered a failure while serving" connIndex=0 event=0 ip=198.41.192.47
2026-08-24T06:06:50Z INF Retrying connection in up to 1m4s connIndex=0 event=0 ip=198.41.192.47
2026-08-24T06:07:00Z INF Tunnel connection curve preferences: [X25519MLKEM768 CurveID(65074) CurveP256] connIndex=0 event=0 ip=198.41.192.47
2026-08-24T06:07:00Z ERR failed to run the datagram handler error="context canceled" connIndex=0 event=0 ip=198.41.192.47
2026-08-24T06:07:00Z ERR failed to serve tunnel connection error="control stream encountered a failure while serving" connIndex=0 event=0 ip=198.41.192.47
2026-08-24T06:07:00Z ERR Serve tunnel error error="control stream encountered a failure while serving" connIndex=0 event=0 ip=198.41.192.47
2026-08-24T06:07:00Z INF Retrying connection in up to 1m4s connIndex=0 event=0 ip=198.41.192.47
2026-08-24T06:07:31Z INF Tunnel connection curve preferences: [X25519MLKEM768 CurveID(65074) CurveP256] connIndex=0 event=0 ip=198.41.192.47
2026-08-24T06:07:32Z ERR failed to run the datagram handler error="context canceled" connIndex=0 event=0 ip=198.41.192.47
2026-08-24T06:07:32Z ERR failed to serve tunnel connection error="control stream encountered a failure while serving" connIndex=0 event=0 ip=198.41.192.47
2026-08-24T06:07:32Z ERR Serve tunnel error error="control stream encountered a failure while serving" connIndex=0 event=0 ip=198.41.192.47
2026-08-24T06:07:32Z INF Retrying connection in up to 1m4s connIndex=0 event=0 ip=198.41.192.47
2026-08-24T06:07:57Z INF Tunnel connection curve preferences: [X25519MLKEM768 CurveID(65074) CurveP256] connIndex=0 event=0 ip=198.41.192.47
2026-08-24T06:07:57Z ERR failed to run the datagram handler error="context canceled" connIndex=0 event=0 ip=198.41.192.47
2026-08-24T06:07:57Z ERR failed to serve tunnel connection error="control stream encountered a failure while serving" connIndex=0 event=0 ip=198.41.192.47
2026-08-24T06:07:57Z ERR Serve tunnel error error="control stream encountered a failure while serving" connIndex=0 event=0 ip=198.41.192.47
2026-08-24T06:07:57Z INF Retrying connection in up to 1m4s connIndex=0 event=0 ip=198.41.192.47
2026-08-24T06:08:03Z INF Tunnel connection curve preferences: [X25519MLKEM768 CurveID(65074) CurveP256] connIndex=0 event=0 ip=198.41.192.47
2026-08-24T06:08:04Z ERR failed to run the datagram handler error="context canceled" connIndex=0 event=0 ip=198.41.192.47
2026-08-24T06:08:04Z ERR failed to serve tunnel connection error="control stream encountered a failure while serving" connIndex=0 event=0 ip=198.41.192.47
2026-08-24T06:08:04Z ERR Serve tunnel error error="control stream encountered a failure while serving" connIndex=0 event=0 ip=198.41.192.47
2026-08-24T06:08:04Z INF Retrying connection in up to 1m4s connIndex=0 event=0 ip=198.41.192.47
2026-08-24T06:08:09Z INF Tunnel connection curve preferences: [X25519MLKEM768 CurveID(65074) CurveP256] connIndex=0 event=0 ip=198.41.192.47
2026-08-24T06:08:10Z ERR failed to run the datagram handler error="context canceled" connIndex=0 event=0 ip=198.41.192.47
2026-08-24T06:08:10Z ERR failed to serve tunnel connection error="control stream encountered a failure while serving" connIndex=0 event=0 ip=198.41.192.47
2026-08-24T06:08:10Z ERR Serve tunnel error error="control stream encountered a failure while serving" connIndex=0 event=0 ip=198.41.192.47
2026-08-24T06:08:10Z INF Retrying connection in up to 1m4s connIndex=0 event=0 ip=198.41.192.47
2026-08-24T06:08:25Z INF Tunnel connection curve preferences: [X25519MLKEM768 CurveID(65074) CurveP256] connIndex=0 event=0 ip=198.41.192.47
2026-08-24T06:08:26Z ERR failed to run the datagram handler error="context canceled" connIndex=0 event=0 ip=198.41.192.47
2026-08-24T06:08:26Z ERR failed to serve tunnel connection error="control stream encountered a failure while serving" connIndex=0 event=0 ip=198.41.192.47
2026-08-24T06:08:26Z ERR Serve tunnel error error="control stream encountered a failure while serving" connIndex=0 event=0 ip=198.41.192.47
2026-08-24T06:08:26Z INF Retrying connection in up to 1m4s connIndex=0 event=0 ip=198.41.192.47
2026-08-24T06:08:26Z INF Tunnel connection curve preferences: [X25519MLKEM768 CurveID(65074) CurveP256] connIndex=0 event=0 ip=198.41.192.47
2026-08-24T06:08:26Z ERR failed to run the datagram handler error="context canceled" connIndex=0 event=0 ip=198.41.192.47
2026-08-24T06:08:26Z ERR failed to serve tunnel connection error="control stream encountered a failure while serving" connIndex=0 event=0 ip=198.41.192.47
2026-08-24T06:08:26Z ERR Serve tunnel error error="control stream encountered a failure while serving" connIndex=0 event=0 ip=198.41.192.47
2026-08-24T06:08:26Z INF Retrying connection in up to 1m4s connIndex=0 event=0 ip=198.41.192.47
2026-08-24T06:08:38Z INF Tunnel connection curve preferences: [X25519MLKEM768 CurveID(65074) CurveP256] connIndex=0 event=0 ip=198.41.192.47
2026-08-24T06:08:38Z ERR failed to run the datagram handler error="context canceled" connIndex=0 event=0 ip=198.41.192.47
2026-08-24T06:08:38Z ERR failed to serve tunnel connection error="control stream encountered a failure while serving" connIndex=0 event=0 ip=198.41.192.47
2026-08-24T06:08:38Z ERR Serve tunnel error error="control stream encountered a failure while serving" connIndex=0 event=0 ip=198.41.192.47
2026-08-24T06:08:38Z INF Retrying connection in up to 1m4s connIndex=0 event=0 ip=198.41.192.47
2026-08-24T06:08:52Z INF Tunnel connection curve preferences: [X25519MLKEM768 CurveID(65074) CurveP256] connIndex=0 event=0 ip=198.41.192.47
2026-08-24T06:08:52Z ERR failed to run the datagram handler error="context canceled" connIndex=0 event=0 ip=198.41.192.47
2026-08-24T06:08:52Z ERR failed to serve tunnel connection error="control stream encountered a failure while serving" connIndex=0 event=0 ip=198.41.192.47
2026-08-24T06:08:52Z ERR Serve tunnel error error="control stream encountered a failure while serving" connIndex=0 event=0 ip=198.41.192.47
2026-08-24T06:08:52Z INF Retrying connection in up to 1m4s connIndex=0 event=0 ip=198.41.192.47
2026-08-24T06:09:22Z INF Tunnel connection curve preferences: [X25519MLKEM768 CurveID(65074) CurveP256] connIndex=0 event=0 ip=198.41.192.47
2026-08-24T06:09:22Z ERR failed to run the datagram handler error="context canceled" connIndex=0 event=0 ip=198.41.192.47
2026-08-24T06:09:22Z ERR failed to serve tunnel connection error="control stream encountered a failure while serving" connIndex=0 event=0 ip=198.41.192.47
2026-08-24T06:09:22Z ERR Serve tunnel error error="control stream encountered a failure while serving" connIndex=0 event=0 ip=198.41.192.47
2026-08-24T06:09:22Z INF Retrying connection in up to 1m4s connIndex=0 event=0 ip=198.41.192.47
2026-08-24T06:09:29Z INF Tunnel connection curve preferences: [X25519MLKEM768 CurveID(65074) CurveP256] connIndex=0 event=0 ip=198.41.192.47
2026-08-24T06:09:30Z ERR failed to run the datagram handler error="context canceled" connIndex=0 event=0 ip=198.41.192.47
2026-08-24T06:09:30Z ERR failed to serve tunnel connection error="control stream encountered a failure while serving" connIndex=0 event=0 ip=198.41.192.47
2026-08-24T06:09:30Z ERR Serve tunnel error error="control stream encountered a failure while serving" connIndex=0 event=0 ip=198.41.192.47
2026-08-24T06:09:30Z INF Retrying connection in up to 1m4s connIndex=0 event=0 ip=198.41.192.47
2026-08-24T06:10:00Z INF Tunnel connection curve preferences: [X25519MLKEM768 CurveID(65074) CurveP256] connIndex=0 event=0 ip=198.41.192.47
2026-08-24T06:10:00Z ERR failed to run the datagram handler error="context canceled" connIndex=0 event=0 ip=198.41.192.47
2026-08-24T06:10:00Z ERR failed to serve tunnel connection error="control stream encountered a failure while serving" connIndex=0 event=0 ip=198.41.192.47
2026-08-24T06:10:00Z ERR Serve tunnel error error="control stream encountered a failure while serving" connIndex=0 event=0 ip=198.41.192.47
2026-08-24T06:10:00Z INF Retrying connection in up to 1m4s connIndex=0 event=0 ip=198.41.192.47
2026-08-24T06:10:08Z INF Tunnel connection curve preferences: [X25519MLKEM768 CurveID(65074) CurveP256] connIndex=0 event=0 ip=198.41.192.47
2026-08-24T06:10:08Z ERR failed to run the datagram handler error="context canceled" connIndex=0 event=0 ip=198.41.192.47
2026-08-24T06:10:08Z ERR failed to serve tunnel connection error="control stream encountered a failure while serving" connIndex=0 event=0 ip=198.41.192.47
2026-08-24T06:10:08Z ERR Serve tunnel error error="control stream encountered a failure while serving" connIndex=0 event=0 ip=198.41.192.47
2026-08-24T06:10:08Z INF Retrying connection in up to 1m4s connIndex=0 event=0 ip=198.41.192.47
2026-08-24T06:10:40Z INF Tunnel connection curve preferences: [X25519MLKEM768 CurveID(65074) CurveP256] connIndex=0 event=0 ip=198.41.192.47
2026-08-24T06:10:40Z ERR failed to run the datagram handler error="context canceled" connIndex=0 event=0 ip=198.41.192.47
2026-08-24T06:10:40Z ERR failed to serve tunnel connection error="control stream encountered a failure while serving" connIndex=0 event=0 ip=198.41.192.47
2026-08-24T06:10:40Z ERR Serve tunnel error error="control stream encountered a failure while serving" connIndex=0 event=0 ip=198.41.192.47
2026-08-24T06:10:40Z INF Retrying connection in up to 1m4s connIndex=0 event=0 ip=198.41.192.47
2026-08-24T06:10:46Z INF Tunnel connection curve preferences: [X25519MLKEM768 CurveID(65074) CurveP256] connIndex=0 event=0 ip=198.41.192.47
2026-08-24T06:10:46Z ERR failed to run the datagram handler error="context canceled" connIndex=0 event=0 ip=198.41.192.47
2026-08-24T06:10:46Z ERR failed to serve tunnel connection error="control stream encountered a failure while serving" connIndex=0 event=0 ip=198.41.192.47
2026-08-24T06:10:46Z ERR Serve tunnel error error="control stream encountered a failure while serving" connIndex=0 event=0 ip=198.41.192.47
2026-08-24T06:10:46Z INF Retrying connection in up to 1m4s connIndex=0 event=0 ip=198.41.192.47
2026-08-24T06:11:16Z INF Tunnel connection curve preferences: [X25519MLKEM768 CurveID(65074) CurveP256] connIndex=0 event=0 ip=198.41.192.47
2026-08-24T06:11:16Z ERR failed to run the datagram handler error="context canceled" connIndex=0 event=0 ip=198.41.192.47
2026-08-24T06:11:16Z ERR failed to serve tunnel connection error="control stream encountered a failure while serving" connIndex=0 event=0 ip=198.41.192.47
2026-08-24T06:11:16Z ERR Serve tunnel error error="control stream encountered a failure while serving" connIndex=0 event=0 ip=198.41.192.47
2026-08-24T06:11:16Z INF Retrying connection in up to 1m4s connIndex=0 event=0 ip=198.41.192.47
2026-08-24T06:11:18Z INF Tunnel connection curve preferences: [X25519MLKEM768 CurveID(65074) CurveP256] connIndex=0 event=0 ip=198.41.192.47
2026-08-24T06:11:19Z ERR failed to run the datagram handler error="context canceled" connIndex=0 event=0 ip=198.41.192.47
2026-08-24T06:11:19Z ERR failed to serve tunnel connection error="control stream encountered a failure while serving" connIndex=0 event=0 ip=198.41.192.47
2026-08-24T06:11:19Z ERR Serve tunnel error error="control stream encountered a failure while serving" connIndex=0 event=0 ip=198.41.192.47
2026-08-24T06:11:19Z INF Retrying connection in up to 1m4s connIndex=0 event=0 ip=198.41.192.47
2026-08-24T06:11:44Z INF Tunnel connection curve preferences: [X25519MLKEM768 CurveID(65074) CurveP256] connIndex=0 event=0 ip=198.41.192.47
2026-08-24T06:11:44Z ERR failed to run the datagram handler error="context canceled" connIndex=0 event=0 ip=198.41.192.47
2026-08-24T06:11:44Z ERR failed to serve tunnel connection error="control stream encountered a failure while serving" connIndex=0 event=0 ip=198.41.192.47
2026-08-24T06:11:44Z ERR Serve tunnel error error="control stream encountered a failure while serving" connIndex=0 event=0 ip=198.41.192.47
2026-08-24T06:11:44Z INF Retrying connection in up to 1m4s connIndex=0 event=0 ip=198.41.192.47
2026-08-24T06:11:57Z INF Tunnel connection curve preferences: [X25519MLKEM768 CurveID(65074) CurveP256] connIndex=0 event=0 ip=198.41.192.47
2026-08-24T06:11:57Z ERR failed to run the datagram handler error="context canceled" connIndex=0 event=0 ip=198.41.192.47
2026-08-24T06:11:57Z ERR failed to serve tunnel connection error="control stream encountered a failure while serving" connIndex=0 event=0 ip=198.41.192.47
2026-08-24T06:11:57Z ERR Serve tunnel error error="control stream encountered a failure while serving" connIndex=0 event=0 ip=198.41.192.47
2026-08-24T06:11:57Z INF Retrying connection in up to 1m4s connIndex=0 event=0 ip=198.41.192.47
2026-08-24T06:12:06Z INF Tunnel connection curve preferences: [X25519MLKEM768 CurveID(65074) CurveP256] connIndex=0 event=0 ip=198.41.192.47
2026-08-24T06:12:06Z ERR failed to run the datagram handler error="context canceled" connIndex=0 event=0 ip=198.41.192.47
2026-08-24T06:12:06Z ERR failed to serve tunnel connection error="control stream encountered a failure while serving" connIndex=0 event=0 ip=198.41.192.47
2026-08-24T06:12:06Z ERR Serve tunnel error error="control stream encountered a failure while serving" connIndex=0 event=0 ip=198.41.192.47
2026-08-24T06:12:06Z INF Retrying connection in up to 1m4s connIndex=0 event=0 ip=198.41.192.47
2026-08-24T06:12:27Z INF Tunnel connection curve preferences: [X25519MLKEM768 CurveID(65074) CurveP256] connIndex=0 event=0 ip=198.41.192.47
2026-08-24T06:12:27Z ERR failed to run the datagram handler error="context canceled" connIndex=0 event=0 ip=198.41.192.47
2026-08-24T06:12:27Z ERR failed to serve tunnel connection error="control stream encountered a failure while serving" connIndex=0 event=0 ip=198.41.192.47
2026-08-24T06:12:27Z ERR Serve tunnel error error="control stream encountered a failure while serving" connIndex=0 event=0 ip=198.41.192.47
2026-08-24T06:12:27Z INF Retrying connection in up to 1m4s connIndex=0 event=0 ip=198.41.192.47
2026-08-24T06:12:49Z INF Tunnel connection curve preferences: [X25519MLKEM768 CurveID(65074) CurveP256] connIndex=0 event=0 ip=198.41.192.47
2026-08-24T06:12:49Z ERR failed to run the datagram handler error="context canceled" connIndex=0 event=0 ip=198.41.192.47
2026-08-24T06:12:49Z ERR failed to serve tunnel connection error="control stream encountered a failure while serving" connIndex=0 event=0 ip=198.41.192.47
2026-08-24T06:12:49Z ERR Serve tunnel error error="control stream encountered a failure while serving" connIndex=0 event=0 ip=198.41.192.47
2026-08-24T06:12:49Z INF Retrying connection in up to 1m4s connIndex=0 event=0 ip=198.41.192.47
2026-08-24T06:12:54Z INF Tunnel connection curve preferences: [X25519MLKEM768 CurveID(65074) CurveP256] connIndex=0 event=0 ip=198.41.192.47
2026-08-24T06:12:54Z ERR failed to run the datagram handler error="context canceled" connIndex=0 event=0 ip=198.41.192.47
2026-08-24T06:12:54Z ERR failed to serve tunnel connection error="control stream encountered a failure while serving" connIndex=0 event=0 ip=198.41.192.47
2026-08-24T06:12:54Z ERR Serve tunnel error error="control stream encountered a failure while serving" connIndex=0 event=0 ip=198.41.192.47
2026-08-24T06:12:54Z INF Retrying connection in up to 1m4s connIndex=0 event=0 ip=198.41.192.47
2026-08-24T06:13:25Z INF Tunnel connection curve preferences: [X25519MLKEM768 CurveID(65074) CurveP256] connIndex=0 event=0 ip=198.41.192.47
2026-08-24T06:13:26Z ERR failed to run the datagram handler error="context canceled" connIndex=0 event=0 ip=198.41.192.47
2026-08-24T06:13:26Z ERR failed to serve tunnel connection error="control stream encountered a failure while serving" connIndex=0 event=0 ip=198.41.192.47
2026-08-24T06:13:26Z ERR Serve tunnel error error="control stream encountered a failure while serving" connIndex=0 event=0 ip=198.41.192.47
2026-08-24T06:13:26Z INF Retrying connection in up to 1m4s connIndex=0 event=0 ip=198.41.192.47
2026-08-24T06:13:30Z INF Tunnel connection curve preferences: [X25519MLKEM768 CurveID(65074) CurveP256] connIndex=0 event=0 ip=198.41.192.47
2026-08-24T06:13:30Z ERR failed to run the datagram handler error="context canceled" connIndex=0 event=0 ip=198.41.192.47
2026-08-24T06:13:30Z ERR failed to serve tunnel connection error="control stream encountered a failure while serving" connIndex=0 event=0 ip=198.41.192.47
2026-08-24T06:13:30Z ERR Serve tunnel error error="control stream encountered a failure while serving" connIndex=0 event=0 ip=198.41.192.47
2026-08-24T06:13:30Z INF Retrying connection in up to 1m4s connIndex=0 event=0 ip=198.41.192.47
2026-08-24T06:13:56Z INF Tunnel connection curve preferences: [X25519MLKEM768 CurveID(65074) CurveP256] connIndex=0 event=0 ip=198.41.192.47
2026-08-24T06:13:56Z ERR failed to run the datagram handler error="context canceled" connIndex=0 event=0 ip=198.41.192.47
2026-08-24T06:13:56Z ERR failed to serve tunnel connection error="control stream encountered a failure while serving" connIndex=0 event=0 ip=198.41.192.47
2026-08-24T06:13:56Z ERR Serve tunnel error error="control stream encountered a failure while serving" connIndex=0 event=0 ip=198.41.192.47
2026-08-24T06:13:56Z INF Retrying connection in up to 1m4s connIndex=0 event=0 ip=198.41.192.47
2026-08-24T06:14:08Z INF Tunnel connection curve preferences: [X25519MLKEM768 CurveID(65074) CurveP256] connIndex=0 event=0 ip=198.41.192.47
2026-08-24T06:14:08Z ERR failed to run the datagram handler error="context canceled" connIndex=0 event=0 ip=198.41.192.47
2026-08-24T06:14:08Z ERR failed to serve tunnel connection error="control stream encountered a failure while serving" connIndex=0 event=0 ip=198.41.192.47
2026-08-24T06:14:08Z ERR Serve tunnel error error="control stream encountered a failure while serving" connIndex=0 event=0 ip=198.41.192.47
2026-08-24T06:14:08Z INF Retrying connection in up to 1m4s connIndex=0 event=0 ip=198.41.192.47
2026-08-24T06:14:30Z INF Tunnel connection curve preferences: [X25519MLKEM768 CurveID(65074) CurveP256] connIndex=0 event=0 ip=198.41.192.47
2026-08-24T06:14:30Z ERR failed to run the datagram handler error="context canceled" connIndex=0 event=0 ip=198.41.192.47
2026-08-24T06:14:30Z ERR failed to serve tunnel connection error="control stream encountered a failure while serving" connIndex=0 event=0 ip=198.41.192.47
2026-08-24T06:14:30Z ERR Serve tunnel error error="control stream encountered a failure while serving" connIndex=0 event=0 ip=198.41.192.47
2026-08-24T06:14:30Z INF Retrying connection in up to 1m4s connIndex=0 event=0 ip=198.41.192.47
2026-08-24T06:14:55Z INF Tunnel connection curve preferences: [X25519MLKEM768 CurveID(65074) CurveP256] connIndex=0 event=0 ip=198.41.192.47
2026-08-24T06:14:55Z ERR failed to run the datagram handler error="context canceled" connIndex=0 event=0 ip=198.41.192.47
2026-08-24T06:14:55Z ERR failed to serve tunnel connection error="control stream encountered a failure while serving" connIndex=0 event=0 ip=198.41.192.47
2026-08-24T06:14:55Z ERR Serve tunnel error error="control stream encountered a failure while serving" connIndex=0 event=0 ip=198.41.192.47
2026-08-24T06:14:55Z INF Retrying connection in up to 1m4s connIndex=0 event=0 ip=198.41.192.47
2026-08-24T06:15:04Z INF Tunnel connection curve preferences: [X25519MLKEM768 CurveID(65074) CurveP256] connIndex=0 event=0 ip=198.41.192.47
2026-08-24T06:15:04Z ERR failed to run the datagram handler error="context canceled" connIndex=0 event=0 ip=198.41.192.47
2026-08-24T06:15:04Z ERR failed to serve tunnel connection error="control stream encountered a failure while serving" connIndex=0 event=0 ip=198.41.192.47
2026-08-24T06:15:04Z ERR Serve tunnel error error="control stream encountered a failure while serving" connIndex=0 event=0 ip=198.41.192.47
2026-08-24T06:15:04Z INF Retrying connection in up to 1m4s connIndex=0 event=0 ip=198.41.192.47
2026-08-24T06:15:25Z INF Tunnel connection curve preferences: [X25519MLKEM768 CurveID(65074) CurveP256] connIndex=0 event=0 ip=198.41.192.47
2026-08-24T06:15:25Z ERR failed to run the datagram handler error="context canceled" connIndex=0 event=0 ip=198.41.192.47
2026-08-24T06:15:25Z ERR failed to serve tunnel connection error="control stream encountered a failure while serving" connIndex=0 event=0 ip=198.41.192.47
2026-08-24T06:15:25Z ERR Serve tunnel error error="control stream encountered a failure while serving" connIndex=0 event=0 ip=198.41.192.47
2026-08-24T06:15:25Z INF Retrying connection in up to 1m4s connIndex=0 event=0 ip=198.41.192.47
2026-08-24T06:15:43Z INF Tunnel connection curve preferences: [X25519MLKEM768 CurveID(65074) CurveP256] connIndex=0 event=0 ip=198.41.192.47
2026-08-24T06:15:44Z ERR failed to run the datagram handler error="context canceled" connIndex=0 event=0 ip=198.41.192.47
2026-08-24T06:15:44Z ERR failed to serve tunnel connection error="control stream encountered a failure while serving" connIndex=0 event=0 ip=198.41.192.47
2026-08-24T06:15:44Z ERR Serve tunnel error error="control stream encountered a failure while serving" connIndex=0 event=0 ip=198.41.192.47
2026-08-24T06:15:44Z INF Retrying connection in up to 1m4s connIndex=0 event=0 ip=198.41.192.47
2026-08-24T06:15:57Z INF Tunnel connection curve preferences: [X25519MLKEM768 CurveID(65074) CurveP256] connIndex=0 event=0 ip=198.41.192.47
2026-08-24T06:15:57Z ERR failed to run the datagram handler error="context canceled" connIndex=0 event=0 ip=198.41.192.47
2026-08-24T06:15:57Z ERR failed to serve tunnel connection error="control stream encountered a failure while serving" connIndex=0 event=0 ip=198.41.192.47
2026-08-24T06:15:57Z ERR Serve tunnel error error="control stream encountered a failure while serving" connIndex=0 event=0 ip=198.41.192.47
2026-08-24T06:15:57Z INF Retrying connection in up to 1m4s connIndex=0 event=0 ip=198.41.192.47
2026-08-24T06:16:16Z INF Tunnel connection curve preferences: [X25519MLKEM768 CurveID(65074) CurveP256] connIndex=0 event=0 ip=198.41.192.47
2026-08-24T06:16:16Z ERR failed to run the datagram handler error="context canceled" connIndex=0 event=0 ip=198.41.192.47
2026-08-24T06:16:16Z ERR failed to serve tunnel connection error="control stream encountered a failure while serving" connIndex=0 event=0 ip=198.41.192.47
2026-08-24T06:16:16Z ERR Serve tunnel error error="control stream encountered a failure while serving" connIndex=0 event=0 ip=198.41.192.47
2026-08-24T06:16:16Z INF Retrying connection in up to 1m4s connIndex=0 event=0 ip=198.41.192.47
2026-08-24T06:16:30Z INF Tunnel connection curve preferences: [X25519MLKEM768 CurveID(65074) CurveP256] connIndex=0 event=0 ip=198.41.192.47
2026-08-24T06:16:30Z ERR failed to run the datagram handler error="context canceled" connIndex=0 event=0 ip=198.41.192.47
2026-08-24T06:16:30Z ERR failed to serve tunnel connection error="control stream encountered a failure while serving" connIndex=0 event=0 ip=198.41.192.47
2026-08-24T06:16:30Z ERR Serve tunnel error error="control stream encountered a failure while serving" connIndex=0 event=0 ip=198.41.192.47
2026-08-24T06:16:30Z INF Retrying connection in up to 1m4s connIndex=0 event=0 ip=198.41.192.47
2026-08-24T06:16:39Z INF Tunnel connection curve preferences: [X25519MLKEM768 CurveID(65074) CurveP256] connIndex=0 event=0 ip=198.41.192.47
2026-08-24T06:16:39Z ERR failed to run the datagram handler error="context canceled" connIndex=0 event=0 ip=198.41.192.47
2026-08-24T06:16:39Z ERR failed to serve tunnel connection error="control stream encountered a failure while serving" connIndex=0 event=0 ip=198.41.192.47
2026-08-24T06:16:39Z ERR Serve tunnel error error="control stream encountered a failure while serving" connIndex=0 event=0 ip=198.41.192.47
2026-08-24T06:16:39Z INF Retrying connection in up to 1m4s connIndex=0 event=0 ip=198.41.192.47
2026-08-24T06:16:48Z INF Tunnel connection curve preferences: [X25519MLKEM768 CurveID(65074) CurveP256] connIndex=0 event=0 ip=198.41.192.47
2026-08-24T06:16:48Z ERR failed to run the datagram handler error="context canceled" connIndex=0 event=0 ip=198.41.192.47
2026-08-24T06:16:48Z ERR failed to serve tunnel connection error="control stream encountered a failure while serving" connIndex=0 event=0 ip=198.41.192.47
2026-08-24T06:16:48Z ERR Serve tunnel error error="control stream encountered a failure while serving" connIndex=0 event=0 ip=198.41.192.47
2026-08-24T06:16:48Z INF Retrying connection in up to 1m4s connIndex=0 event=0 ip=198.41.192.47
2026-08-24T06:16:56Z INF Tunnel connection curve preferences: [X25519MLKEM768 CurveID(65074) CurveP256] connIndex=0 event=0 ip=198.41.192.47
2026-08-24T06:16:56Z ERR failed to run the datagram handler error="context canceled" connIndex=0 event=0 ip=198.41.192.47
2026-08-24T06:16:56Z ERR failed to serve tunnel connection error="control stream encountered a failure while serving" connIndex=0 event=0 ip=198.41.192.47
2026-08-24T06:16:56Z ERR Serve tunnel error error="control stream encountered a failure while serving" connIndex=0 event=0 ip=198.41.192.47
2026-08-24T06:16:56Z INF Retrying connection in up to 1m4s connIndex=0 event=0 ip=198.41.192.47
2026-08-24T06:17:23Z INF Tunnel connection curve preferences: [X25519MLKEM768 CurveID(65074) CurveP256] connIndex=0 event=0 ip=198.41.192.47
2026-08-24T06:17:23Z ERR failed to run the datagram handler error="context canceled" connIndex=0 event=0 ip=198.41.192.47
2026-08-24T06:17:23Z ERR failed to serve tunnel connection error="control stream encountered a failure while serving" connIndex=0 event=0 ip=198.41.192.47
2026-08-24T06:17:23Z ERR Serve tunnel error error="control stream encountered a failure while serving" connIndex=0 event=0 ip=198.41.192.47
2026-08-24T06:17:23Z INF Retrying connection in up to 1m4s connIndex=0 event=0 ip=198.41.192.47
2026-08-24T06:17:45Z INF Tunnel connection curve preferences: [X25519MLKEM768 CurveID(65074) CurveP256] connIndex=0 event=0 ip=198.41.192.47
2026-08-24T06:17:45Z ERR failed to run the datagram handler error="context canceled" connIndex=0 event=0 ip=198.41.192.47
2026-08-24T06:17:45Z ERR failed to serve tunnel connection error="control stream encountered a failure while serving" connIndex=0 event=0 ip=198.41.192.47
2026-08-24T06:17:45Z ERR Serve tunnel error error="control stream encountered a failure while serving" connIndex=0 event=0 ip=198.41.192.47
2026-08-24T06:17:45Z INF Retrying connection in up to 1m4s connIndex=0 event=0 ip=198.41.192.47
2026-08-24T06:18:12Z INF Tunnel connection curve preferences: [X25519MLKEM768 CurveID(65074) CurveP256] connIndex=0 event=0 ip=198.41.192.47
2026-08-24T06:18:12Z ERR failed to run the datagram handler error="context canceled" connIndex=0 event=0 ip=198.41.192.47
2026-08-24T06:18:12Z ERR failed to serve tunnel connection error="control stream encountered a failure while serving" connIndex=0 event=0 ip=198.41.192.47
2026-08-24T06:18:12Z ERR Serve tunnel error error="control stream encountered a failure while serving" connIndex=0 event=0 ip=198.41.192.47
2026-08-24T06:18:12Z INF Retrying connection in up to 1m4s connIndex=0 event=0 ip=198.41.192.47
2026-08-24T06:18:24Z INF Tunnel connection curve preferences: [X25519MLKEM768 CurveID(65074) CurveP256] connIndex=0 event=0 ip=198.41.192.47
2026-08-24T06:18:24Z ERR failed to run the datagram handler error="context canceled" connIndex=0 event=0 ip=198.41.192.47
2026-08-24T06:18:24Z ERR failed to serve tunnel connection error="control stream encountered a failure while serving" connIndex=0 event=0 ip=198.41.192.47
2026-08-24T06:18:24Z ERR Serve tunnel error error="control stream encountered a failure while serving" connIndex=0 event=0 ip=198.41.192.47
2026-08-24T06:18:24Z INF Retrying connection in up to 1m4s connIndex=0 event=0 ip=198.41.192.47
2026-08-24T06:18:51Z INF Tunnel connection curve preferences: [X25519MLKEM768 CurveID(65074) CurveP256] connIndex=0 event=0 ip=198.41.192.47
2026-08-24T06:18:51Z ERR failed to run the datagram handler error="context canceled" connIndex=0 event=0 ip=198.41.192.47
2026-08-24T06:18:51Z ERR failed to serve tunnel connection error="control stream encountered a failure while serving" connIndex=0 event=0 ip=198.41.192.47
2026-08-24T06:18:51Z ERR Serve tunnel error error="control stream encountered a failure while serving" connIndex=0 event=0 ip=198.41.192.47
2026-08-24T06:18:51Z INF Retrying connection in up to 1m4s connIndex=0 event=0 ip=198.41.192.47
2026-08-24T06:19:05Z INF Tunnel connection curve preferences: [X25519MLKEM768 CurveID(65074) CurveP256] connIndex=0 event=0 ip=198.41.192.47
2026-08-24T06:19:05Z ERR failed to run the datagram handler error="context canceled" connIndex=0 event=0 ip=198.41.192.47
2026-08-24T06:19:05Z ERR failed to serve tunnel connection error="control stream encountered a failure while serving" connIndex=0 event=0 ip=198.41.192.47
2026-08-24T06:19:05Z ERR Serve tunnel error error="control stream encountered a failure while serving" connIndex=0 event=0 ip=198.41.192.47
2026-08-24T06:19:05Z INF Retrying connection in up to 1m4s connIndex=0 event=0 ip=198.41.192.47
2026-08-24T06:19:22Z INF Tunnel connection curve preferences: [X25519MLKEM768 CurveID(65074) CurveP256] connIndex=0 event=0 ip=198.41.192.47
2026-08-24T06:19:22Z ERR failed to run the datagram handler error="context canceled" connIndex=0 event=0 ip=198.41.192.47
2026-08-24T06:19:22Z ERR failed to serve tunnel connection error="control stream encountered a failure while serving" connIndex=0 event=0 ip=198.41.192.47
2026-08-24T06:19:22Z ERR Serve tunnel error error="control stream encountered a failure while serving" connIndex=0 event=0 ip=198.41.192.47
2026-08-24T06:19:22Z INF Retrying connection in up to 1m4s connIndex=0 event=0 ip=198.41.192.47
2026-08-24T06:19:39Z INF Tunnel connection curve preferences: [X25519MLKEM768 CurveID(65074) CurveP256] connIndex=0 event=0 ip=198.41.192.47
2026-08-24T06:19:40Z ERR failed to run the datagram handler error="context canceled" connIndex=0 event=0 ip=198.41.192.47
2026-08-24T06:19:40Z ERR failed to serve tunnel connection error="control stream encountered a failure while serving" connIndex=0 event=0 ip=198.41.192.47
2026-08-24T06:19:40Z ERR Serve tunnel error error="control stream encountered a failure while serving" connIndex=0 event=0 ip=198.41.192.47
2026-08-24T06:19:40Z INF Retrying connection in up to 1m4s connIndex=0 event=0 ip=198.41.192.47
2026-08-24T06:19:43Z INF Tunnel connection curve preferences: [X25519MLKEM768 CurveID(65074) CurveP256] connIndex=0 event=0 ip=198.41.192.47
2026-08-24T06:19:43Z ERR failed to run the datagram handler error="context canceled" connIndex=0 event=0 ip=198.41.192.47
2026-08-24T06:19:43Z ERR failed to serve tunnel connection error="control stream encountered a failure while serving" connIndex=0 event=0 ip=198.41.192.47
2026-08-24T06:19:43Z ERR Serve tunnel error error="control stream encountered a failure while serving" connIndex=0 event=0 ip=198.41.192.47
2026-08-24T06:19:43Z INF Retrying connection in up to 1m4s connIndex=0 event=0 ip=198.41.192.47
2026-08-24T06:19:52Z INF Tunnel connection curve preferences: [X25519MLKEM768 CurveID(65074) CurveP256] connIndex=0 event=0 ip=198.41.192.47
2026-08-24T06:19:52Z ERR failed to run the datagram handler error="context canceled" connIndex=0 event=0 ip=198.41.192.47
2026-08-24T06:19:52Z ERR failed to serve tunnel connection error="control stream encountered a failure while serving" connIndex=0 event=0 ip=198.41.192.47
2026-08-24T06:19:52Z ERR Serve tunnel error error="control stream encountered a failure while serving" connIndex=0 event=0 ip=198.41.192.47
2026-08-24T06:19:52Z INF Retrying connection in up to 1m4s connIndex=0 event=0 ip=198.41.192.47
2026-08-24T06:20:08Z INF Tunnel connection curve preferences: [X25519MLKEM768 CurveID(65074) CurveP256] connIndex=0 event=0 ip=198.41.192.47
2026-08-24T06:20:08Z ERR failed to run the datagram handler error="context canceled" connIndex=0 event=0 ip=198.41.192.47
2026-08-24T06:20:08Z ERR failed to serve tunnel connection error="control stream encountered a failure while serving" connIndex=0 event=0 ip=198.41.192.47
2026-08-24T06:20:08Z ERR Serve tunnel error error="control stream encountered a failure while serving" connIndex=0 event=0 ip=198.41.192.47
2026-08-24T06:20:08Z INF Retrying connection in up to 1m4s connIndex=0 event=0 ip=198.41.192.47
2026-08-24T06:20:19Z INF Tunnel connection curve preferences: [X25519MLKEM768 CurveID(65074) CurveP256] connIndex=0 event=0 ip=198.41.192.47
2026-08-24T06:20:19Z ERR failed to run the datagram handler error="context canceled" connIndex=0 event=0 ip=198.41.192.47
2026-08-24T06:20:19Z ERR failed to serve tunnel connection error="control stream encountered a failure while serving" connIndex=0 event=0 ip=198.41.192.47
2026-08-24T06:20:19Z ERR Serve tunnel error error="control stream encountered a failure while serving" connIndex=0 event=0 ip=198.41.192.47
2026-08-24T06:20:19Z INF Retrying connection in up to 1m4s connIndex=0 event=0 ip=198.41.192.47
2026-08-24T06:20:23Z INF Tunnel connection curve preferences: [X25519MLKEM768 CurveID(65074) CurveP256] connIndex=0 event=0 ip=198.41.192.47
2026-08-24T06:20:23Z ERR failed to run the datagram handler error="context canceled" connIndex=0 event=0 ip=198.41.192.47
2026-08-24T06:20:23Z ERR failed to serve tunnel connection error="control stream encountered a failure while serving" connIndex=0 event=0 ip=198.41.192.47
2026-08-24T06:20:23Z ERR Serve tunnel error error="control stream encountered a failure while serving" connIndex=0 event=0 ip=198.41.192.47
2026-08-24T06:20:23Z INF Retrying connection in up to 1m4s connIndex=0 event=0 ip=198.41.192.47
2026-08-24T06:20:26Z INF Tunnel connection curve preferences: [X25519MLKEM768 CurveID(65074) CurveP256] connIndex=0 event=0 ip=198.41.192.47
2026-08-24T06:20:26Z ERR failed to run the datagram handler error="context canceled" connIndex=0 event=0 ip=198.41.192.47
2026-08-24T06:20:26Z ERR failed to serve tunnel connection error="control stream encountered a failure while serving" connIndex=0 event=0 ip=198.41.192.47
2026-08-24T06:20:26Z ERR Serve tunnel error error="control stream encountered a failure while serving" connIndex=0 event=0 ip=198.41.192.47
2026-08-24T06:20:26Z INF Retrying connection in up to 1m4s connIndex=0 event=0 ip=198.41.192.47
2026-08-24T06:20:28Z INF Tunnel connection curve preferences: [X25519MLKEM768 CurveID(65074) CurveP256] connIndex=0 event=0 ip=198.41.192.47
2026-08-24T06:20:28Z ERR failed to run the datagram handler error="context canceled" connIndex=0 event=0 ip=198.41.192.47
2026-08-24T06:20:28Z ERR failed to serve tunnel connection error="control stream encountered a failure while serving" connIndex=0 event=0 ip=198.41.192.47
2026-08-24T06:20:28Z ERR Serve tunnel error error="control stream encountered a failure while serving" connIndex=0 event=0 ip=198.41.192.47
2026-08-24T06:20:28Z INF Retrying connection in up to 1m4s connIndex=0 event=0 ip=198.41.192.47
2026-08-24T06:20:38Z INF Tunnel connection curve preferences: [X25519MLKEM768 CurveID(65074) CurveP256] connIndex=0 event=0 ip=198.41.192.47
2026-08-24T06:20:38Z ERR failed to run the datagram handler error="context canceled" connIndex=0 event=0 ip=198.41.192.47
2026-08-24T06:20:38Z ERR failed to serve tunnel connection error="control stream encountered a failure while serving" connIndex=0 event=0 ip=198.41.192.47
2026-08-24T06:20:38Z ERR Serve tunnel error error="control stream encountered a failure while serving" connIndex=0 event=0 ip=198.41.192.47
2026-08-24T06:20:38Z INF Retrying connection in up to 1m4s connIndex=0 event=0 ip=198.41.192.47
2026-08-24T06:20:52Z INF Tunnel connection curve preferences: [X25519MLKEM768 CurveID(65074) CurveP256] connIndex=0 event=0 ip=198.41.192.47
2026-08-24T06:20:53Z ERR failed to run the datagram handler error="context canceled" connIndex=0 event=0 ip=198.41.192.47
2026-08-24T06:20:53Z ERR failed to serve tunnel connection error="control stream encountered a failure while serving" connIndex=0 event=0 ip=198.41.192.47
2026-08-24T06:20:53Z ERR Serve tunnel error error="control stream encountered a failure while serving" connIndex=0 event=0 ip=198.41.192.47
2026-08-24T06:20:53Z INF Retrying connection in up to 1m4s connIndex=0 event=0 ip=198.41.192.47
2026-08-24T06:21:19Z INF Tunnel connection curve preferences: [X25519MLKEM768 CurveID(65074) CurveP256] connIndex=0 event=0 ip=198.41.192.47
2026-08-24T06:21:20Z ERR failed to run the datagram handler error="context canceled" connIndex=0 event=0 ip=198.41.192.47
2026-08-24T06:21:20Z ERR failed to serve tunnel connection error="control stream encountered a failure while serving" connIndex=0 event=0 ip=198.41.192.47
2026-08-24T06:21:20Z ERR Serve tunnel error error="control stream encountered a failure while serving" connIndex=0 event=0 ip=198.41.192.47
2026-08-24T06:21:20Z INF Retrying connection in up to 1m4s connIndex=0 event=0 ip=198.41.192.47
2026-08-24T06:21:41Z INF Tunnel connection curve preferences: [X25519MLKEM768 CurveID(65074) CurveP256] connIndex=0 event=0 ip=198.41.192.47
2026-08-24T06:21:42Z ERR failed to run the datagram handler error="context canceled" connIndex=0 event=0 ip=198.41.192.47
2026-08-24T06:21:42Z ERR failed to serve tunnel connection error="control stream encountered a failure while serving" connIndex=0 event=0 ip=198.41.192.47
2026-08-24T06:21:42Z ERR Serve tunnel error error="control stream encountered a failure while serving" connIndex=0 event=0 ip=198.41.192.47
2026-08-24T06:21:42Z INF Retrying connection in up to 1m4s connIndex=0 event=0 ip=198.41.192.47
2026-08-24T06:21:46Z INF Tunnel connection curve preferences: [X25519MLKEM768 CurveID(65074) CurveP256] connIndex=0 event=0 ip=198.41.192.47
2026-08-24T06:21:46Z ERR failed to run the datagram handler error="context canceled" connIndex=0 event=0 ip=198.41.192.47
2026-08-24T06:21:46Z ERR failed to serve tunnel connection error="control stream encountered a failure while serving" connIndex=0 event=0 ip=198.41.192.47
2026-08-24T06:21:46Z ERR Serve tunnel error error="control stream encountered a failure while serving" connIndex=0 event=0 ip=198.41.192.47
2026-08-24T06:21:46Z INF Retrying connection in up to 1m4s connIndex=0 event=0 ip=198.41.192.47
2026-08-24T06:22:06Z INF Tunnel connection curve preferences: [X25519MLKEM768 CurveID(65074) CurveP256] connIndex=0 event=0 ip=198.41.192.47
2026-08-24T06:22:06Z ERR failed to run the datagram handler error="context canceled" connIndex=0 event=0 ip=198.41.192.47
2026-08-24T06:22:06Z ERR failed to serve tunnel connection error="control stream encountered a failure while serving" connIndex=0 event=0 ip=198.41.192.47
2026-08-24T06:22:06Z ERR Serve tunnel error error="control stream encountered a failure while serving" connIndex=0 event=0 ip=198.41.192.47
2026-08-24T06:22:06Z INF Retrying connection in up to 1m4s connIndex=0 event=0 ip=198.41.192.47
2026-08-24T06:22:32Z INF Tunnel connection curve preferences: [X25519MLKEM768 CurveID(65074) CurveP256] connIndex=0 event=0 ip=198.41.192.47
2026-08-24T06:22:32Z ERR failed to run the datagram handler error="context canceled" connIndex=0 event=0 ip=198.41.192.47
2026-08-24T06:22:32Z ERR failed to serve tunnel connection error="control stream encountered a failure while serving" connIndex=0 event=0 ip=198.41.192.47
2026-08-24T06:22:32Z ERR Serve tunnel error error="control stream encountered a failure while serving" connIndex=0 event=0 ip=198.41.192.47
2026-08-24T06:22:32Z INF Retrying connection in up to 1m4s connIndex=0 event=0 ip=198.41.192.47
2026-08-24T06:22:38Z INF Tunnel connection curve preferences: [X25519MLKEM768 CurveID(65074) CurveP256] connIndex=0 event=0 ip=198.41.192.47
2026-08-24T06:22:38Z ERR failed to run the datagram handler error="context canceled" connIndex=0 event=0 ip=198.41.192.47
2026-08-24T06:22:38Z ERR failed to serve tunnel connection error="control stream encountered a failure while serving" connIndex=0 event=0 ip=198.41.192.47
2026-08-24T06:22:38Z ERR Serve tunnel error error="control stream encountered a failure while serving" connIndex=0 event=0 ip=198.41.192.47
2026-08-24T06:22:38Z INF Retrying connection in up to 1m4s connIndex=0 event=0 ip=198.41.192.47
2026-08-24T06:22:50Z INF Tunnel connection curve preferences: [X25519MLKEM768 CurveID(65074) CurveP256] connIndex=0 event=0 ip=198.41.192.47
2026-08-24T06:22:50Z ERR failed to run the datagram handler error="context canceled" connIndex=0 event=0 ip=198.41.192.47
2026-08-24T06:22:50Z ERR failed to serve tunnel connection error="control stream encountered a failure while serving" connIndex=0 event=0 ip=198.41.192.47
2026-08-24T06:22:50Z ERR Serve tunnel error error="control stream encountered a failure while serving" connIndex=0 event=0 ip=198.41.192.47
2026-08-24T06:22:50Z INF Retrying connection in up to 1m4s connIndex=0 event=0 ip=198.41.192.47
2026-08-24T06:23:22Z INF Tunnel connection curve preferences: [X25519MLKEM768 CurveID(65074) CurveP256] connIndex=0 event=0 ip=198.41.192.47
2026-08-24T06:23:22Z ERR failed to run the datagram handler error="context canceled" connIndex=0 event=0 ip=198.41.192.47
2026-08-24T06:23:22Z ERR failed to serve tunnel connection error="control stream encountered a failure while serving" connIndex=0 event=0 ip=198.41.192.47
2026-08-24T06:23:22Z ERR Serve tunnel error error="control stream encountered a failure while serving" connIndex=0 event=0 ip=198.41.192.47
2026-08-24T06:23:22Z INF Retrying connection in up to 1m4s connIndex=0 event=0 ip=198.41.192.47
2026-08-24T06:23:26Z INF Tunnel connection curve preferences: [X25519MLKEM768 CurveID(65074) CurveP256] connIndex=0 event=0 ip=198.41.192.47
2026-08-24T06:23:26Z ERR failed to run the datagram handler error="context canceled" connIndex=0 event=0 ip=198.41.192.47
2026-08-24T06:23:26Z ERR failed to serve tunnel connection error="control stream encountered a failure while serving" connIndex=0 event=0 ip=198.41.192.47
2026-08-24T06:23:26Z ERR Serve tunnel error error="control stream encountered a failure while serving" connIndex=0 event=0 ip=198.41.192.47
2026-08-24T06:23:26Z INF Retrying connection in up to 1m4s connIndex=0 event=0 ip=198.41.192.47
2026-08-24T06:23:49Z INF Tunnel connection curve preferences: [X25519MLKEM768 CurveID(65074) CurveP256] connIndex=0 event=0 ip=198.41.192.47
2026-08-24T06:23:49Z ERR failed to run the datagram handler error="context canceled" connIndex=0 event=0 ip=198.41.192.47
2026-08-24T06:23:49Z ERR failed to serve tunnel connection error="control stream encountered a failure while serving" connIndex=0 event=0 ip=198.41.192.47
2026-08-24T06:23:49Z ERR Serve tunnel error error="control stream encountered a failure while serving" connIndex=0 event=0 ip=198.41.192.47
2026-08-24T06:23:49Z INF Retrying connection in up to 1m4s connIndex=0 event=0 ip=198.41.192.47
2026-08-24T06:23:59Z INF Tunnel connection curve preferences: [X25519MLKEM768 CurveID(65074) CurveP256] connIndex=0 event=0 ip=198.41.192.47
2026-08-24T06:23:59Z ERR failed to run the datagram handler error="context canceled" connIndex=0 event=0 ip=198.41.192.47
2026-08-24T06:23:59Z ERR failed to serve tunnel connection error="control stream encountered a failure while serving" connIndex=0 event=0 ip=198.41.192.47
2026-08-24T06:23:59Z ERR Serve tunnel error error="control stream encountered a failure while serving" connIndex=0 event=0 ip=198.41.192.47
2026-08-24T06:23:59Z INF Retrying connection in up to 1m4s connIndex=0 event=0 ip=198.41.192.47
2026-08-24T06:24:17Z INF Tunnel connection curve preferences: [X25519MLKEM768 CurveID(65074) CurveP256] connIndex=0 event=0 ip=198.41.192.47
2026-08-24T06:24:17Z ERR failed to run the datagram handler error="context canceled" connIndex=0 event=0 ip=198.41.192.47
2026-08-24T06:24:17Z ERR failed to serve tunnel connection error="control stream encountered a failure while serving" connIndex=0 event=0 ip=198.41.192.47
2026-08-24T06:24:17Z ERR Serve tunnel error error="control stream encountered a failure while serving" connIndex=0 event=0 ip=198.41.192.47
2026-08-24T06:24:17Z INF Retrying connection in up to 1m4s connIndex=0 event=0 ip=198.41.192.47
2026-08-24T06:24:38Z INF Tunnel connection curve preferences: [X25519MLKEM768 CurveID(65074) CurveP256] connIndex=0 event=0 ip=198.41.192.47
2026-08-24T06:24:38Z ERR failed to run the datagram handler error="context canceled" connIndex=0 event=0 ip=198.41.192.47
2026-08-24T06:24:38Z ERR failed to serve tunnel connection error="control stream encountered a failure while serving" connIndex=0 event=0 ip=198.41.192.47
2026-08-24T06:24:38Z ERR Serve tunnel error error="control stream encountered a failure while serving" connIndex=0 event=0 ip=198.41.192.47
2026-08-24T06:24:38Z INF Retrying connection in up to 1m4s connIndex=0 event=0 ip=198.41.192.47
2026-08-24T06:24:57Z INF Tunnel connection curve preferences: [X25519MLKEM768 CurveID(65074) CurveP256] connIndex=0 event=0 ip=198.41.192.47
2026-08-24T06:24:57Z ERR failed to run the datagram handler error="context canceled" connIndex=0 event=0 ip=198.41.192.47
2026-08-24T06:24:57Z ERR failed to serve tunnel connection error="control stream encountered a failure while serving" connIndex=0 event=0 ip=198.41.192.47
2026-08-24T06:24:57Z ERR Serve tunnel error error="control stream encountered a failure while serving" connIndex=0 event=0 ip=198.41.192.47
2026-08-24T06:24:57Z INF Retrying connection in up to 1m4s connIndex=0 event=0 ip=198.41.192.47
2026-08-24T06:25:13Z INF Tunnel connection curve preferences: [X25519MLKEM768 CurveID(65074) CurveP256] connIndex=0 event=0 ip=198.41.192.47
2026-08-24T06:25:13Z ERR failed to run the datagram handler error="context canceled" connIndex=0 event=0 ip=198.41.192.47
2026-08-24T06:25:13Z ERR failed to serve tunnel connection error="control stream encountered a failure while serving" connIndex=0 event=0 ip=198.41.192.47
2026-08-24T06:25:13Z ERR Serve tunnel error error="control stream encountered a failure while serving" connIndex=0 event=0 ip=198.41.192.47
2026-08-24T06:25:13Z INF Retrying connection in up to 1m4s connIndex=0 event=0 ip=198.41.192.47
2026-08-24T06:25:29Z INF Tunnel connection curve preferences: [X25519MLKEM768 CurveID(65074) CurveP256] connIndex=0 event=0 ip=198.41.192.47
2026-08-24T06:25:29Z ERR failed to run the datagram handler error="context canceled" connIndex=0 event=0 ip=198.41.192.47
2026-08-24T06:25:29Z ERR failed to serve tunnel connection error="control stream encountered a failure while serving" connIndex=0 event=0 ip=198.41.192.47
2026-08-24T06:25:29Z ERR Serve tunnel error error="control stream encountered a failure while serving" connIndex=0 event=0 ip=198.41.192.47
2026-08-24T06:25:29Z INF Retrying connection in up to 1m4s connIndex=0 event=0 ip=198.41.192.47
2026-08-24T06:25:29Z INF Tunnel connection curve preferences: [X25519MLKEM768 CurveID(65074) CurveP256] connIndex=0 event=0 ip=198.41.192.47
2026-08-24T06:25:30Z ERR failed to run the datagram handler error="context canceled" connIndex=0 event=0 ip=198.41.192.47
2026-08-24T06:25:30Z ERR failed to serve tunnel connection error="control stream encountered a failure while serving" connIndex=0 event=0 ip=198.41.192.47
2026-08-24T06:25:30Z ERR Serve tunnel error error="control stream encountered a failure while serving" connIndex=0 event=0 ip=198.41.192.47
2026-08-24T06:25:30Z INF Retrying connection in up to 1m4s connIndex=0 event=0 ip=198.41.192.47
2026-08-24T06:25:43Z INF Tunnel connection curve preferences: [X25519MLKEM768 CurveID(65074) CurveP256] connIndex=0 event=0 ip=198.41.192.47
2026-08-24T06:25:43Z ERR failed to run the datagram handler error="context canceled" connIndex=0 event=0 ip=198.41.192.47
2026-08-24T06:25:43Z ERR failed to serve tunnel connection error="control stream encountered a failure while serving" connIndex=0 event=0 ip=198.41.192.47
2026-08-24T06:25:43Z ERR Serve tunnel error error="control stream encountered a failure while serving" connIndex=0 event=0 ip=198.41.192.47
2026-08-24T06:25:43Z INF Retrying connection in up to 1m4s connIndex=0 event=0 ip=198.41.192.47
2026-08-24T06:25:57Z INF Tunnel connection curve preferences: [X25519MLKEM768 CurveID(65074) CurveP256] connIndex=0 event=0 ip=198.41.192.47
2026-08-24T06:25:57Z ERR failed to run the datagram handler error="context canceled" connIndex=0 event=0 ip=198.41.192.47
2026-08-24T06:25:57Z ERR failed to serve tunnel connection error="control stream encountered a failure while serving" connIndex=0 event=0 ip=198.41.192.47
2026-08-24T06:25:57Z ERR Serve tunnel error error="control stream encountered a failure while serving" connIndex=0 event=0 ip=198.41.192.47
2026-08-24T06:25:57Z INF Retrying connection in up to 1m4s connIndex=0 event=0 ip=198.41.192.47
2026-08-24T06:26:36Z INF Tunnel connection curve preferences: [X25519MLKEM768 CurveID(65074) CurveP256] connIndex=0 event=0 ip=198.41.192.47
2026-08-24T06:26:36Z ERR failed to run the datagram handler error="context canceled" connIndex=0 event=0 ip=198.41.192.47
2026-08-24T06:26:36Z ERR failed to serve tunnel connection error="control stream encountered a failure while serving" connIndex=0 event=0 ip=198.41.192.47
2026-08-24T06:26:36Z ERR Serve tunnel error error="control stream encountered a failure while serving" connIndex=0 event=0 ip=198.41.192.47
2026-08-24T06:26:36Z INF Retrying connection in up to 1m4s connIndex=0 event=0 ip=198.41.192.47
2026-08-24T06:27:05Z INF Tunnel connection curve preferences: [X25519MLKEM768 CurveID(65074) CurveP256] connIndex=0 event=0 ip=198.41.192.47
2026-08-24T06:27:05Z ERR failed to run the datagram handler error="context canceled" connIndex=0 event=0 ip=198.41.192.47
2026-08-24T06:27:05Z ERR failed to serve tunnel connection error="control stream encountered a failure while serving" connIndex=0 event=0 ip=198.41.192.47
2026-08-24T06:27:05Z ERR Serve tunnel error error="control stream encountered a failure while serving" connIndex=0 event=0 ip=198.41.192.47
2026-08-24T06:27:05Z INF Retrying connection in up to 1m4s connIndex=0 event=0 ip=198.41.192.47
2026-08-24T06:27:13Z INF Tunnel connection curve preferences: [X25519MLKEM768 CurveID(65074) CurveP256] connIndex=0 event=0 ip=198.41.192.47
2026-08-24T06:27:13Z ERR failed to run the datagram handler error="context canceled" connIndex=0 event=0 ip=198.41.192.47
2026-08-24T06:27:13Z ERR failed to serve tunnel connection error="control stream encountered a failure while serving" connIndex=0 event=0 ip=198.41.192.47
2026-08-24T06:27:13Z ERR Serve tunnel error error="control stream encountered a failure while serving" connIndex=0 event=0 ip=198.41.192.47
2026-08-24T06:27:13Z INF Retrying connection in up to 1m4s connIndex=0 event=0 ip=198.41.192.47
2026-08-24T06:27:27Z INF Tunnel connection curve preferences: [X25519MLKEM768 CurveID(65074) CurveP256] connIndex=0 event=0 ip=198.41.192.47
2026-08-24T06:27:28Z ERR failed to run the datagram handler error="context canceled" connIndex=0 event=0 ip=198.41.192.47
2026-08-24T06:27:28Z ERR failed to serve tunnel connection error="control stream encountered a failure while serving" connIndex=0 event=0 ip=198.41.192.47
2026-08-24T06:27:28Z ERR Serve tunnel error error="control stream encountered a failure while serving" connIndex=0 event=0 ip=198.41.192.47
2026-08-24T06:27:28Z INF Retrying connection in up to 1m4s connIndex=0 event=0 ip=198.41.192.47
2026-08-24T06:27:51Z INF Tunnel connection curve preferences: [X25519MLKEM768 CurveID(65074) CurveP256] connIndex=0 event=0 ip=198.41.192.47
2026-08-24T06:27:52Z ERR failed to run the datagram handler error="context canceled" connIndex=0 event=0 ip=198.41.192.47
2026-08-24T06:27:52Z ERR failed to serve tunnel connection error="control stream encountered a failure while serving" connIndex=0 event=0 ip=198.41.192.47
2026-08-24T06:27:52Z ERR Serve tunnel error error="control stream encountered a failure while serving" connIndex=0 event=0 ip=198.41.192.47
2026-08-24T06:27:52Z INF Retrying connection in up to 1m4s connIndex=0 event=0 ip=198.41.192.47
2026-08-24T06:33:52Z INF Tunnel connection curve preferences: [X25519MLKEM768 CurveID(65074) CurveP256] connIndex=0 event=0 ip=198.41.192.47
2026-08-24T06:33:52Z ERR failed to run the datagram handler error="context canceled" connIndex=0 event=0 ip=198.41.192.47
2026-08-24T06:33:52Z ERR failed to serve tunnel connection error="control stream encountered a failure while serving" connIndex=0 event=0 ip=198.41.192.47
2026-08-24T06:33:52Z ERR Serve tunnel error error="control stream encountered a failure while serving" connIndex=0 event=0 ip=198.41.192.47
2026-08-24T06:33:52Z INF Retrying connection in up to 1m4s connIndex=0 event=0 ip=198.41.192.47
2026-08-24T06:34:04Z INF Tunnel connection curve preferences: [X25519MLKEM768 CurveID(65074) CurveP256] connIndex=0 event=0 ip=198.41.192.47
2026-08-24T06:34:05Z ERR failed to run the datagram handler error="context canceled" connIndex=0 event=0 ip=198.41.192.47
2026-08-24T06:34:05Z ERR failed to serve tunnel connection error="control stream encountered a failure while serving" connIndex=0 event=0 ip=198.41.192.47
2026-08-24T06:34:05Z ERR Serve tunnel error error="control stream encountered a failure while serving" connIndex=0 event=0 ip=198.41.192.47
2026-08-24T06:34:05Z INF Retrying connection in up to 1m4s connIndex=0 event=0 ip=198.41.192.47
2026-08-24T06:40:10Z INF Tunnel connection curve preferences: [X25519MLKEM768 CurveID(65074) CurveP256] connIndex=0 event=0 ip=198.41.192.47
2026-08-24T06:40:10Z ERR failed to run the datagram handler error="context canceled" connIndex=0 event=0 ip=198.41.192.47
2026-08-24T06:40:10Z ERR failed to serve tunnel connection error="control stream encountered a failure while serving" connIndex=0 event=0 ip=198.41.192.47
2026-08-24T06:40:10Z ERR Serve tunnel error error="control stream encountered a failure while serving" connIndex=0 event=0 ip=198.41.192.47
2026-08-24T06:40:10Z INF Retrying connection in up to 1m4s connIndex=0 event=0 ip=198.41.192.47
2026-08-24T06:40:30Z INF Tunnel connection curve preferences: [X25519MLKEM768 CurveID(65074) CurveP256] connIndex=0 event=0 ip=198.41.192.47
2026-08-24T06:40:30Z ERR failed to run the datagram handler error="context canceled" connIndex=0 event=0 ip=198.41.192.47
2026-08-24T06:40:30Z ERR failed to serve tunnel connection error="control stream encountered a failure while serving" connIndex=0 event=0 ip=198.41.192.47
2026-08-24T06:40:30Z ERR Serve tunnel error error="control stream encountered a failure while serving" connIndex=0 event=0 ip=198.41.192.47
2026-08-24T06:40:30Z INF Retrying connection in up to 1m4s connIndex=0 event=0 ip=198.41.192.47
2026-08-24T06:40:32Z INF Tunnel connection curve preferences: [X25519MLKEM768 CurveID(65074) CurveP256] connIndex=0 event=0 ip=198.41.192.47
2026-08-24T06:40:33Z ERR failed to run the datagram handler error="context canceled" connIndex=0 event=0 ip=198.41.192.47
2026-08-24T06:40:33Z ERR failed to serve tunnel connection error="control stream encountered a failure while serving" connIndex=0 event=0 ip=198.41.192.47
2026-08-24T06:40:33Z ERR Serve tunnel error error="control stream encountered a failure while serving" connIndex=0 event=0 ip=198.41.192.47
2026-08-24T06:40:33Z INF Retrying connection in up to 1m4s connIndex=0 event=0 ip=198.41.192.47
2026-08-24T06:47:54Z INF Tunnel connection curve preferences: [X25519MLKEM768 CurveID(65074) CurveP256] connIndex=0 event=0 ip=198.41.192.47
2026-08-24T06:47:55Z ERR failed to run the datagram handler error="context canceled" connIndex=0 event=0 ip=198.41.192.47
2026-08-24T06:47:55Z ERR failed to serve tunnel connection error="control stream encountered a failure while serving" connIndex=0 event=0 ip=198.41.192.47
2026-08-24T06:47:55Z ERR Serve tunnel error error="control stream encountered a failure while serving" connIndex=0 event=0 ip=198.41.192.47
2026-08-24T06:47:55Z INF Retrying connection in up to 1m4s connIndex=0 event=0 ip=198.41.192.47
2026-08-24T06:48:26Z INF Tunnel connection curve preferences: [X25519MLKEM768 CurveID(65074) CurveP256] connIndex=0 event=0 ip=198.41.192.47
2026-08-24T06:48:26Z ERR failed to run the datagram handler error="context canceled" connIndex=0 event=0 ip=198.41.192.47
2026-08-24T06:48:26Z ERR failed to serve tunnel connection error="control stream encountered a failure while serving" connIndex=0 event=0 ip=198.41.192.47
2026-08-24T06:48:26Z ERR Serve tunnel error error="control stream encountered a failure while serving" connIndex=0 event=0 ip=198.41.192.47
2026-08-24T06:48:26Z INF Retrying connection in up to 1m4s connIndex=0 event=0 ip=198.41.192.47
2026-08-24T06:48:35Z INF Tunnel connection curve preferences: [X25519MLKEM768 CurveID(65074) CurveP256] connIndex=0 event=0 ip=198.41.192.47
2026-08-24T06:48:35Z ERR failed to run the datagram handler error="context canceled" connIndex=0 event=0 ip=198.41.192.47
2026-08-24T06:48:35Z ERR failed to serve tunnel connection error="control stream encountered a failure while serving" connIndex=0 event=0 ip=198.41.192.47
2026-08-24T06:48:35Z ERR Serve tunnel error error="control stream encountered a failure while serving" connIndex=0 event=0 ip=198.41.192.47
2026-08-24T06:48:35Z INF Retrying connection in up to 1m4s connIndex=0 event=0 ip=198.41.192.47
2026-08-24T06:48:58Z INF Tunnel connection curve preferences: [X25519MLKEM768 CurveID(65074) CurveP256] connIndex=0 event=0 ip=198.41.192.47
2026-08-24T06:48:58Z ERR failed to run the datagram handler error="context canceled" connIndex=0 event=0 ip=198.41.192.47
2026-08-24T06:48:58Z ERR failed to serve tunnel connection error="control stream encountered a failure while serving" connIndex=0 event=0 ip=198.41.192.47
2026-08-24T06:48:58Z ERR Serve tunnel error error="control stream encountered a failure while serving" connIndex=0 event=0 ip=198.41.192.47
2026-08-24T06:48:58Z INF Retrying connection in up to 1m4s connIndex=0 event=0 ip=198.41.192.47
2026-08-24T06:49:10Z INF Tunnel connection curve preferences: [X25519MLKEM768 CurveID(65074) CurveP256] connIndex=0 event=0 ip=198.41.192.47
2026-08-24T06:49:10Z ERR failed to run the datagram handler error="context canceled" connIndex=0 event=0 ip=198.41.192.47
2026-08-24T06:49:10Z ERR failed to serve tunnel connection error="control stream encountered a failure while serving" connIndex=0 event=0 ip=198.41.192.47
2026-08-24T06:49:10Z ERR Serve tunnel error error="control stream encountered a failure while serving" connIndex=0 event=0 ip=198.41.192.47
2026-08-24T06:49:10Z INF Retrying connection in up to 1m4s connIndex=0 event=0 ip=198.41.192.47
2026-08-24T06:49:23Z INF Tunnel connection curve preferences: [X25519MLKEM768 CurveID(65074) CurveP256] connIndex=0 event=0 ip=198.41.192.47
2026-08-24T06:49:23Z ERR failed to run the datagram handler error="context canceled" connIndex=0 event=0 ip=198.41.192.47
2026-08-24T06:49:23Z ERR failed to serve tunnel connection error="control stream encountered a failure while serving" connIndex=0 event=0 ip=198.41.192.47
2026-08-24T06:49:23Z ERR Serve tunnel error error="control stream encountered a failure while serving" connIndex=0 event=0 ip=198.41.192.47
2026-08-24T06:49:23Z INF Retrying connection in up to 1m4s connIndex=0 event=0 ip=198.41.192.47
2026-08-24T06:49:49Z INF Tunnel connection curve preferences: [X25519MLKEM768 CurveID(65074) CurveP256] connIndex=0 event=0 ip=198.41.192.47
2026-08-24T06:49:49Z ERR failed to run the datagram handler error="context canceled" connIndex=0 event=0 ip=198.41.192.47
2026-08-24T06:49:49Z ERR failed to serve tunnel connection error="control stream encountered a failure while serving" connIndex=0 event=0 ip=198.41.192.47
2026-08-24T06:49:49Z ERR Serve tunnel error error="control stream encountered a failure while serving" connIndex=0 event=0 ip=198.41.192.47
2026-08-24T06:49:49Z INF Retrying connection in up to 1m4s connIndex=0 event=0 ip=198.41.192.47
2026-08-24T06:50:16Z INF Tunnel connection curve preferences: [X25519MLKEM768 CurveID(65074) CurveP256] connIndex=0 event=0 ip=198.41.192.47
2026-08-24T06:50:16Z ERR failed to run the datagram handler error="context canceled" connIndex=0 event=0 ip=198.41.192.47
2026-08-24T06:50:16Z ERR failed to serve tunnel connection error="control stream encountered a failure while serving" connIndex=0 event=0 ip=198.41.192.47
2026-08-24T06:50:16Z ERR Serve tunnel error error="control stream encountered a failure while serving" connIndex=0 event=0 ip=198.41.192.47
2026-08-24T06:50:16Z INF Retrying connection in up to 1m4s connIndex=0 event=0 ip=198.41.192.47
2026-08-24T06:50:31Z INF Tunnel connection curve preferences: [X25519MLKEM768 CurveID(65074) CurveP256] connIndex=0 event=0 ip=198.41.192.47
2026-08-24T06:50:31Z ERR failed to run the datagram handler error="context canceled" connIndex=0 event=0 ip=198.41.192.47
2026-08-24T06:50:31Z ERR failed to serve tunnel connection error="control stream encountered a failure while serving" connIndex=0 event=0 ip=198.41.192.47
2026-08-24T06:50:31Z ERR Serve tunnel error error="control stream encountered a failure while serving" connIndex=0 event=0 ip=198.41.192.47
2026-08-24T06:50:31Z INF Retrying connection in up to 1m4s connIndex=0 event=0 ip=198.41.192.47
2026-08-24T06:50:51Z INF Tunnel connection curve preferences: [X25519MLKEM768 CurveID(65074) CurveP256] connIndex=0 event=0 ip=198.41.192.47
2026-08-24T06:50:51Z ERR failed to run the datagram handler error="context canceled" connIndex=0 event=0 ip=198.41.192.47
2026-08-24T06:50:51Z ERR failed to serve tunnel connection error="control stream encountered a failure while serving" connIndex=0 event=0 ip=198.41.192.47
2026-08-24T06:50:51Z ERR Serve tunnel error error="control stream encountered a failure while serving" connIndex=0 event=0 ip=198.41.192.47
2026-08-24T06:50:51Z INF Retrying connection in up to 1m4s connIndex=0 event=0 ip=198.41.192.47
2026-08-24T06:51:17Z INF Tunnel connection curve preferences: [X25519MLKEM768 CurveID(65074) CurveP256] connIndex=0 event=0 ip=198.41.192.47
2026-08-24T06:51:17Z ERR failed to run the datagram handler error="context canceled" connIndex=0 event=0 ip=198.41.192.47
2026-08-24T06:51:17Z ERR failed to serve tunnel connection error="control stream encountered a failure while serving" connIndex=0 event=0 ip=198.41.192.47
2026-08-24T06:51:17Z ERR Serve tunnel error error="control stream encountered a failure while serving" connIndex=0 event=0 ip=198.41.192.47
2026-08-24T06:51:17Z INF Retrying connection in up to 1m4s connIndex=0 event=0 ip=198.41.192.47
2026-08-24T06:51:32Z INF Tunnel connection curve preferences: [X25519MLKEM768 CurveID(65074) CurveP256] connIndex=0 event=0 ip=198.41.192.47
2026-08-24T06:51:32Z ERR failed to run the datagram handler error="context canceled" connIndex=0 event=0 ip=198.41.192.47
2026-08-24T06:51:32Z ERR failed to serve tunnel connection error="control stream encountered a failure while serving" connIndex=0 event=0 ip=198.41.192.47
2026-08-24T06:51:32Z ERR Serve tunnel error error="control stream encountered a failure while serving" connIndex=0 event=0 ip=198.41.192.47
2026-08-24T06:51:32Z INF Retrying connection in up to 1m4s connIndex=0 event=0 ip=198.41.192.47
2026-08-24T06:52:01Z INF Tunnel connection curve preferences: [X25519MLKEM768 CurveID(65074) CurveP256] connIndex=0 event=0 ip=198.41.192.47
2026-08-24T06:52:01Z ERR failed to run the datagram handler error="context canceled" connIndex=0 event=0 ip=198.41.192.47
2026-08-24T06:52:01Z ERR failed to serve tunnel connection error="control stream encountered a failure while serving" connIndex=0 event=0 ip=198.41.192.47
2026-08-24T06:52:01Z ERR Serve tunnel error error="control stream encountered a failure while serving" connIndex=0 event=0 ip=198.41.192.47
2026-08-24T06:52:01Z INF Retrying connection in up to 1m4s connIndex=0 event=0 ip=198.41.192.47
2026-08-24T06:52:06Z INF Tunnel connection curve preferences: [X25519MLKEM768 CurveID(65074) CurveP256] connIndex=0 event=0 ip=198.41.192.47
2026-08-24T06:52:06Z ERR failed to run the datagram handler error="context canceled" connIndex=0 event=0 ip=198.41.192.47
2026-08-24T06:52:06Z ERR failed to serve tunnel connection error="control stream encountered a failure while serving" connIndex=0 event=0 ip=198.41.192.47
2026-08-24T06:52:06Z ERR Serve tunnel error error="control stream encountered a failure while serving" connIndex=0 event=0 ip=198.41.192.47
2026-08-24T06:52:06Z INF Retrying connection in up to 1m4s connIndex=0 event=0 ip=198.41.192.47
2026-08-24T06:52:21Z INF Tunnel connection curve preferences: [X25519MLKEM768 CurveID(65074) CurveP256] connIndex=0 event=0 ip=198.41.192.47
2026-08-24T06:52:21Z ERR failed to run the datagram handler error="context canceled" connIndex=0 event=0 ip=198.41.192.47
2026-08-24T06:52:21Z ERR failed to serve tunnel connection error="control stream encountered a failure while serving" connIndex=0 event=0 ip=198.41.192.47
2026-08-24T06:52:21Z ERR Serve tunnel error error="control stream encountered a failure while serving" connIndex=0 event=0 ip=198.41.192.47
2026-08-24T06:52:21Z INF Retrying connection in up to 1m4s connIndex=0 event=0 ip=198.41.192.47
2026-08-24T06:52:43Z INF Tunnel connection curve preferences: [X25519MLKEM768 CurveID(65074) CurveP256] connIndex=0 event=0 ip=198.41.192.47
2026-08-24T06:52:43Z ERR failed to run the datagram handler error="context canceled" connIndex=0 event=0 ip=198.41.192.47
2026-08-24T06:52:43Z ERR failed to serve tunnel connection error="control stream encountered a failure while serving" connIndex=0 event=0 ip=198.41.192.47
2026-08-24T06:52:43Z ERR Serve tunnel error error="control stream encountered a failure while serving" connIndex=0 event=0 ip=198.41.192.47
2026-08-24T06:52:43Z INF Retrying connection in up to 1m4s connIndex=0 event=0 ip=198.41.192.47
2026-08-24T06:53:15Z INF Tunnel connection curve preferences: [X25519MLKEM768 CurveID(65074) CurveP256] connIndex=0 event=0 ip=198.41.192.47
2026-08-24T06:53:15Z ERR failed to run the datagram handler error="context canceled" connIndex=0 event=0 ip=198.41.192.47
2026-08-24T06:53:15Z ERR failed to serve tunnel connection error="control stream encountered a failure while serving" connIndex=0 event=0 ip=198.41.192.47
2026-08-24T06:53:15Z ERR Serve tunnel error error="control stream encountered a failure while serving" connIndex=0 event=0 ip=198.41.192.47
2026-08-24T06:53:15Z INF Retrying connection in up to 1m4s connIndex=0 event=0 ip=198.41.192.47
2026-08-24T06:53:32Z INF Tunnel connection curve preferences: [X25519MLKEM768 CurveID(65074) CurveP256] connIndex=0 event=0 ip=198.41.192.47
2026-08-24T06:53:32Z ERR failed to run the datagram handler error="context canceled" connIndex=0 event=0 ip=198.41.192.47
2026-08-24T06:53:32Z ERR failed to serve tunnel connection error="control stream encountered a failure while serving" connIndex=0 event=0 ip=198.41.192.47
2026-08-24T06:53:32Z ERR Serve tunnel error error="control stream encountered a failure while serving" connIndex=0 event=0 ip=198.41.192.47
2026-08-24T06:53:32Z INF Retrying connection in up to 1m4s connIndex=0 event=0 ip=198.41.192.47
2026-08-24T06:53:54Z INF Tunnel connection curve preferences: [X25519MLKEM768 CurveID(65074) CurveP256] connIndex=0 event=0 ip=198.41.192.47
2026-08-24T06:53:54Z ERR failed to run the datagram handler error="context canceled" connIndex=0 event=0 ip=198.41.192.47
2026-08-24T06:53:54Z ERR failed to serve tunnel connection error="control stream encountered a failure while serving" connIndex=0 event=0 ip=198.41.192.47
2026-08-24T06:53:54Z ERR Serve tunnel error error="control stream encountered a failure while serving" connIndex=0 event=0 ip=198.41.192.47
2026-08-24T06:53:54Z INF Retrying connection in up to 1m4s connIndex=0 event=0 ip=198.41.192.47
2026-08-24T06:54:09Z INF Tunnel connection curve preferences: [X25519MLKEM768 CurveID(65074) CurveP256] connIndex=0 event=0 ip=198.41.192.47
2026-08-24T06:54:09Z ERR failed to run the datagram handler error="context canceled" connIndex=0 event=0 ip=198.41.192.47
2026-08-24T06:54:09Z ERR failed to serve tunnel connection error="control stream encountered a failure while serving" connIndex=0 event=0 ip=198.41.192.47
2026-08-24T06:54:09Z ERR Serve tunnel error error="control stream encountered a failure while serving" connIndex=0 event=0 ip=198.41.192.47
2026-08-24T06:54:09Z INF Retrying connection in up to 1m4s connIndex=0 event=0 ip=198.41.192.47
2026-08-24T06:54:32Z INF Tunnel connection curve preferences: [X25519MLKEM768 CurveID(65074) CurveP256] connIndex=0 event=0 ip=198.41.192.47
2026-08-24T06:54:32Z ERR failed to run the datagram handler error="context canceled" connIndex=0 event=0 ip=198.41.192.47
2026-08-24T06:54:32Z ERR failed to serve tunnel connection error="control stream encountered a failure while serving" connIndex=0 event=0 ip=198.41.192.47
2026-08-24T06:54:32Z ERR Serve tunnel error error="control stream encountered a failure while serving" connIndex=0 event=0 ip=198.41.192.47
2026-08-24T06:54:32Z INF Retrying connection in up to 1m4s connIndex=0 event=0 ip=198.41.192.47
2026-08-24T06:54:51Z INF Tunnel connection curve preferences: [X25519MLKEM768 CurveID(65074) CurveP256] connIndex=0 event=0 ip=198.41.192.47
2026-08-24T06:54:51Z ERR failed to run the datagram handler error="context canceled" connIndex=0 event=0 ip=198.41.192.47
2026-08-24T06:54:51Z ERR failed to serve tunnel connection error="control stream encountered a failure while serving" connIndex=0 event=0 ip=198.41.192.47
2026-08-24T06:54:51Z ERR Serve tunnel error error="control stream encountered a failure while serving" connIndex=0 event=0 ip=198.41.192.47
2026-08-24T06:54:51Z INF Retrying connection in up to 1m4s connIndex=0 event=0 ip=198.41.192.47
2026-08-24T06:54:53Z INF Tunnel connection curve preferences: [X25519MLKEM768 CurveID(65074) CurveP256] connIndex=0 event=0 ip=198.41.192.47
2026-08-24T06:54:53Z ERR failed to run the datagram handler error="context canceled" connIndex=0 event=0 ip=198.41.192.47
2026-08-24T06:54:53Z ERR failed to serve tunnel connection error="control stream encountered a failure while serving" connIndex=0 event=0 ip=198.41.192.47
2026-08-24T06:54:53Z ERR Serve tunnel error error="control stream encountered a failure while serving" connIndex=0 event=0 ip=198.41.192.47
2026-08-24T06:54:53Z INF Retrying connection in up to 1m4s connIndex=0 event=0 ip=198.41.192.47
2026-08-24T06:55:21Z INF Tunnel connection curve preferences: [X25519MLKEM768 CurveID(65074) CurveP256] connIndex=0 event=0 ip=198.41.192.47
2026-08-24T06:55:21Z ERR failed to run the datagram handler error="context canceled" connIndex=0 event=0 ip=198.41.192.47
2026-08-24T06:55:21Z ERR failed to serve tunnel connection error="control stream encountered a failure while serving" connIndex=0 event=0 ip=198.41.192.47
2026-08-24T06:55:21Z ERR Serve tunnel error error="control stream encountered a failure while serving" connIndex=0 event=0 ip=198.41.192.47
2026-08-24T06:55:21Z INF Retrying connection in up to 1m4s connIndex=0 event=0 ip=198.41.192.47
2026-08-24T06:55:30Z INF Tunnel connection curve preferences: [X25519MLKEM768 CurveID(65074) CurveP256] connIndex=0 event=0 ip=198.41.192.47
2026-08-24T06:55:30Z ERR failed to run the datagram handler error="context canceled" connIndex=0 event=0 ip=198.41.192.47
2026-08-24T06:55:30Z ERR failed to serve tunnel connection error="control stream encountered a failure while serving" connIndex=0 event=0 ip=198.41.192.47
2026-08-24T06:55:30Z ERR Serve tunnel error error="control stream encountered a failure while serving" connIndex=0 event=0 ip=198.41.192.47
2026-08-24T06:55:30Z INF Retrying connection in up to 1m4s connIndex=0 event=0 ip=198.41.192.47
2026-08-24T06:55:33Z INF Tunnel connection curve preferences: [X25519MLKEM768 CurveID(65074) CurveP256] connIndex=0 event=0 ip=198.41.192.47
2026-08-24T06:55:33Z ERR failed to run the datagram handler error="context canceled" connIndex=0 event=0 ip=198.41.192.47
2026-08-24T06:55:33Z ERR failed to serve tunnel connection error="control stream encountered a failure while serving" connIndex=0 event=0 ip=198.41.192.47
2026-08-24T06:55:33Z ERR Serve tunnel error error="control stream encountered a failure while serving" connIndex=0 event=0 ip=198.41.192.47
2026-08-24T06:55:33Z INF Retrying connection in up to 1m4s connIndex=0 event=0 ip=198.41.192.47
2026-08-24T06:56:02Z INF Tunnel connection curve preferences: [X25519MLKEM768 CurveID(65074) CurveP256] connIndex=0 event=0 ip=198.41.192.47
2026-08-24T06:56:02Z ERR failed to run the datagram handler error="context canceled" connIndex=0 event=0 ip=198.41.192.47
2026-08-24T06:56:02Z ERR failed to serve tunnel connection error="control stream encountered a failure while serving" connIndex=0 event=0 ip=198.41.192.47
2026-08-24T06:56:02Z ERR Serve tunnel error error="control stream encountered a failure while serving" connIndex=0 event=0 ip=198.41.192.47
2026-08-24T06:56:02Z INF Retrying connection in up to 1m4s connIndex=0 event=0 ip=198.41.192.47
2026-08-24T06:56:21Z INF Tunnel connection curve preferences: [X25519MLKEM768 CurveID(65074) CurveP256] connIndex=0 event=0 ip=198.41.192.47
2026-08-24T06:56:21Z ERR failed to run the datagram handler error="context canceled" connIndex=0 event=0 ip=198.41.192.47
2026-08-24T06:56:21Z ERR failed to serve tunnel connection error="control stream encountered a failure while serving" connIndex=0 event=0 ip=198.41.192.47
2026-08-24T06:56:21Z ERR Serve tunnel error error="control stream encountered a failure while serving" connIndex=0 event=0 ip=198.41.192.47
2026-08-24T06:56:21Z INF Retrying connection in up to 1m4s connIndex=0 event=0 ip=198.41.192.47
2026-08-24T06:56:31Z INF Tunnel connection curve preferences: [X25519MLKEM768 CurveID(65074) CurveP256] connIndex=0 event=0 ip=198.41.192.47
2026-08-24T06:56:31Z ERR failed to run the datagram handler error="context canceled" connIndex=0 event=0 ip=198.41.192.47
2026-08-24T06:56:31Z ERR failed to serve tunnel connection error="control stream encountered a failure while serving" connIndex=0 event=0 ip=198.41.192.47
2026-08-24T06:56:31Z ERR Serve tunnel error error="control stream encountered a failure while serving" connIndex=0 event=0 ip=198.41.192.47
2026-08-24T06:56:31Z INF Retrying connection in up to 1m4s connIndex=0 event=0 ip=198.41.192.47
2026-08-24T06:56:54Z INF Tunnel connection curve preferences: [X25519MLKEM768 CurveID(65074) CurveP256] connIndex=0 event=0 ip=198.41.192.47
2026-08-24T06:56:54Z ERR failed to run the datagram handler error="context canceled" connIndex=0 event=0 ip=198.41.192.47
2026-08-24T06:56:54Z ERR failed to serve tunnel connection error="control stream encountered a failure while serving" connIndex=0 event=0 ip=198.41.192.47
2026-08-24T06:56:54Z ERR Serve tunnel error error="control stream encountered a failure while serving" connIndex=0 event=0 ip=198.41.192.47
2026-08-24T06:56:54Z INF Retrying connection in up to 1m4s connIndex=0 event=0 ip=198.41.192.47
2026-08-24T06:57:00Z INF Tunnel connection curve preferences: [X25519MLKEM768 CurveID(65074) CurveP256] connIndex=0 event=0 ip=198.41.192.47
2026-08-24T06:57:00Z ERR failed to run the datagram handler error="context canceled" connIndex=0 event=0 ip=198.41.192.47
2026-08-24T06:57:00Z ERR failed to serve tunnel connection error="control stream encountered a failure while serving" connIndex=0 event=0 ip=198.41.192.47
2026-08-24T06:57:00Z ERR Serve tunnel error error="control stream encountered a failure while serving" connIndex=0 event=0 ip=198.41.192.47
2026-08-24T06:57:00Z INF Retrying connection in up to 1m4s connIndex=0 event=0 ip=198.41.192.47
2026-08-24T06:57:12Z INF Tunnel connection curve preferences: [X25519MLKEM768 CurveID(65074) CurveP256] connIndex=0 event=0 ip=198.41.192.47
2026-08-24T06:57:12Z ERR failed to run the datagram handler error="context canceled" connIndex=0 event=0 ip=198.41.192.47
2026-08-24T06:57:12Z ERR failed to serve tunnel connection error="control stream encountered a failure while serving" connIndex=0 event=0 ip=198.41.192.47
2026-08-24T06:57:12Z ERR Serve tunnel error error="control stream encountered a failure while serving" connIndex=0 event=0 ip=198.41.192.47
2026-08-24T06:57:12Z INF Retrying connection in up to 1m4s connIndex=0 event=0 ip=198.41.192.47
2026-08-24T06:57:37Z INF Tunnel connection curve preferences: [X25519MLKEM768 CurveID(65074) CurveP256] connIndex=0 event=0 ip=198.41.192.47
2026-08-24T06:57:37Z ERR failed to run the datagram handler error="context canceled" connIndex=0 event=0 ip=198.41.192.47
2026-08-24T06:57:37Z ERR failed to serve tunnel connection error="control stream encountered a failure while serving" connIndex=0 event=0 ip=198.41.192.47
2026-08-24T06:57:37Z ERR Serve tunnel error error="control stream encountered a failure while serving" connIndex=0 event=0 ip=198.41.192.47
2026-08-24T06:57:37Z INF Retrying connection in up to 1m4s connIndex=0 event=0 ip=198.41.192.47
2026-08-24T06:58:02Z INF Tunnel connection curve preferences: [X25519MLKEM768 CurveID(65074) CurveP256] connIndex=0 event=0 ip=198.41.192.47
2026-08-24T06:58:03Z ERR failed to run the datagram handler error="context canceled" connIndex=0 event=0 ip=198.41.192.47
2026-08-24T06:58:03Z ERR failed to serve tunnel connection error="control stream encountered a failure while serving" connIndex=0 event=0 ip=198.41.192.47
2026-08-24T06:58:03Z ERR Serve tunnel error error="control stream encountered a failure while serving" connIndex=0 event=0 ip=198.41.192.47
2026-08-24T06:58:03Z INF Retrying connection in up to 1m4s connIndex=0 event=0 ip=198.41.192.47
2026-08-24T06:58:33Z INF Tunnel connection curve preferences: [X25519MLKEM768 CurveID(65074) CurveP256] connIndex=0 event=0 ip=198.41.192.47
2026-08-24T06:58:33Z ERR failed to run the datagram handler error="context canceled" connIndex=0 event=0 ip=198.41.192.47
2026-08-24T06:58:33Z ERR failed to serve tunnel connection error="control stream encountered a failure while serving" connIndex=0 event=0 ip=198.41.192.47
2026-08-24T06:58:33Z ERR Serve tunnel error error="control stream encountered a failure while serving" connIndex=0 event=0 ip=198.41.192.47
2026-08-24T06:58:33Z INF Retrying connection in up to 1m4s connIndex=0 event=0 ip=198.41.192.47
2026-08-24T06:58:34Z INF Tunnel connection curve preferences: [X25519MLKEM768 CurveID(65074) CurveP256] connIndex=0 event=0 ip=198.41.192.47
2026-08-24T06:58:35Z ERR failed to run the datagram handler error="context canceled" connIndex=0 event=0 ip=198.41.192.47
2026-08-24T06:58:35Z ERR failed to serve tunnel connection error="control stream encountered a failure while serving" connIndex=0 event=0 ip=198.41.192.47
2026-08-24T06:58:35Z ERR Serve tunnel error error="control stream encountered a failure while serving" connIndex=0 event=0 ip=198.41.192.47
2026-08-24T06:58:35Z INF Retrying connection in up to 1m4s connIndex=0 event=0 ip=198.41.192.47
2026-08-24T06:58:56Z INF Tunnel connection curve preferences: [X25519MLKEM768 CurveID(65074) CurveP256] connIndex=0 event=0 ip=198.41.192.47
2026-08-24T06:58:56Z ERR failed to run the datagram handler error="context canceled" connIndex=0 event=0 ip=198.41.192.47
2026-08-24T06:58:56Z ERR failed to serve tunnel connection error="control stream encountered a failure while serving" connIndex=0 event=0 ip=198.41.192.47
2026-08-24T06:58:56Z ERR Serve tunnel error error="control stream encountered a failure while serving" connIndex=0 event=0 ip=198.41.192.47
2026-08-24T06:58:56Z INF Retrying connection in up to 1m4s connIndex=0 event=0 ip=198.41.192.47
2026-08-24T06:59:20Z INF Tunnel connection curve preferences: [X25519MLKEM768 CurveID(65074) CurveP256] connIndex=0 event=0 ip=198.41.192.47
2026-08-24T06:59:20Z ERR failed to run the datagram handler error="context canceled" connIndex=0 event=0 ip=198.41.192.47
2026-08-24T06:59:20Z ERR failed to serve tunnel connection error="control stream encountered a failure while serving" connIndex=0 event=0 ip=198.41.192.47
2026-08-24T06:59:20Z ERR Serve tunnel error error="control stream encountered a failure while serving" connIndex=0 event=0 ip=198.41.192.47
2026-08-24T06:59:20Z INF Retrying connection in up to 1m4s connIndex=0 event=0 ip=198.41.192.47
2026-08-24T06:59:29Z INF Tunnel connection curve preferences: [X25519MLKEM768 CurveID(65074) CurveP256] connIndex=0 event=0 ip=198.41.192.47
2026-08-24T06:59:29Z ERR failed to run the datagram handler error="context canceled" connIndex=0 event=0 ip=198.41.192.47
2026-08-24T06:59:29Z ERR failed to serve tunnel connection error="control stream encountered a failure while serving" connIndex=0 event=0 ip=198.41.192.47
2026-08-24T06:59:29Z ERR Serve tunnel error error="control stream encountered a failure while serving" connIndex=0 event=0 ip=198.41.192.47
2026-08-24T06:59:29Z INF Retrying connection in up to 1m4s connIndex=0 event=0 ip=198.41.192.47
2026-08-24T06:59:44Z INF Tunnel connection curve preferences: [X25519MLKEM768 CurveID(65074) CurveP256] connIndex=0 event=0 ip=198.41.192.47
2026-08-24T06:59:44Z ERR failed to run the datagram handler error="context canceled" connIndex=0 event=0 ip=198.41.192.47
2026-08-24T06:59:44Z ERR failed to serve tunnel connection error="control stream encountered a failure while serving" connIndex=0 event=0 ip=198.41.192.47
2026-08-24T06:59:44Z ERR Serve tunnel error error="control stream encountered a failure while serving" connIndex=0 event=0 ip=198.41.192.47
2026-08-24T06:59:44Z INF Retrying connection in up to 1m4s connIndex=0 event=0 ip=198.41.192.47
2026-08-24T07:00:09Z INF Tunnel connection curve preferences: [X25519MLKEM768 CurveID(65074) CurveP256] connIndex=0 event=0 ip=198.41.192.47
2026-08-24T07:00:09Z ERR failed to run the datagram handler error="context canceled" connIndex=0 event=0 ip=198.41.192.47
2026-08-24T07:00:09Z ERR failed to serve tunnel connection error="control stream encountered a failure while serving" connIndex=0 event=0 ip=198.41.192.47
2026-08-24T07:00:09Z ERR Serve tunnel error error="control stream encountered a failure while serving" connIndex=0 event=0 ip=198.41.192.47
2026-08-24T07:00:09Z INF Retrying connection in up to 1m4s connIndex=0 event=0 ip=198.41.192.47
2026-08-24T07:00:37Z INF Tunnel connection curve preferences: [X25519MLKEM768 CurveID(65074) CurveP256] connIndex=0 event=0 ip=198.41.192.47
2026-08-24T07:00:37Z ERR failed to run the datagram handler error="context canceled" connIndex=0 event=0 ip=198.41.192.47
2026-08-24T07:00:37Z ERR failed to serve tunnel connection error="control stream encountered a failure while serving" connIndex=0 event=0 ip=198.41.192.47
2026-08-24T07:00:37Z ERR Serve tunnel error error="control stream encountered a failure while serving" connIndex=0 event=0 ip=198.41.192.47
2026-08-24T07:00:37Z INF Retrying connection in up to 1m4s connIndex=0 event=0 ip=198.41.192.47
2026-08-24T07:00:41Z INF Tunnel connection curve preferences: [X25519MLKEM768 CurveID(65074) CurveP256] connIndex=0 event=0 ip=198.41.192.47
2026-08-24T07:00:41Z ERR failed to run the datagram handler error="context canceled" connIndex=0 event=0 ip=198.41.192.47
2026-08-24T07:00:41Z ERR failed to serve tunnel connection error="control stream encountered a failure while serving" connIndex=0 event=0 ip=198.41.192.47
2026-08-24T07:00:41Z ERR Serve tunnel error error="control stream encountered a failure while serving" connIndex=0 event=0 ip=198.41.192.47
2026-08-24T07:00:41Z INF Retrying connection in up to 1m4s connIndex=0 event=0 ip=198.41.192.47
2026-08-24T07:01:07Z INF Tunnel connection curve preferences: [X25519MLKEM768 CurveID(65074) CurveP256] connIndex=0 event=0 ip=198.41.192.47
2026-08-24T07:01:07Z ERR failed to run the datagram handler error="context canceled" connIndex=0 event=0 ip=198.41.192.47
2026-08-24T07:01:07Z ERR failed to serve tunnel connection error="control stream encountered a failure while serving" connIndex=0 event=0 ip=198.41.192.47
2026-08-24T07:01:07Z ERR Serve tunnel error error="control stream encountered a failure while serving" connIndex=0 event=0 ip=198.41.192.47
2026-08-24T07:01:07Z INF Retrying connection in up to 1m4s connIndex=0 event=0 ip=198.41.192.47
2026-08-24T07:01:31Z INF Tunnel connection curve preferences: [X25519MLKEM768 CurveID(65074) CurveP256] connIndex=0 event=0 ip=198.41.192.47
2026-08-24T07:01:31Z ERR failed to run the datagram handler error="context canceled" connIndex=0 event=0 ip=198.41.192.47
2026-08-24T07:01:31Z ERR failed to serve tunnel connection error="control stream encountered a failure while serving" connIndex=0 event=0 ip=198.41.192.47
2026-08-24T07:01:31Z ERR Serve tunnel error error="control stream encountered a failure while serving" connIndex=0 event=0 ip=198.41.192.47
2026-08-24T07:01:31Z INF Retrying connection in up to 1m4s connIndex=0 event=0 ip=198.41.192.47
2026-08-24T07:01:43Z INF Tunnel connection curve preferences: [X25519MLKEM768 CurveID(65074) CurveP256] connIndex=0 event=0 ip=198.41.192.47
2026-08-24T07:01:43Z ERR failed to run the datagram handler error="context canceled" connIndex=0 event=0 ip=198.41.192.47
2026-08-24T07:01:43Z ERR failed to serve tunnel connection error="control stream encountered a failure while serving" connIndex=0 event=0 ip=198.41.192.47
2026-08-24T07:01:43Z ERR Serve tunnel error error="control stream encountered a failure while serving" connIndex=0 event=0 ip=198.41.192.47
2026-08-24T07:01:43Z INF Retrying connection in up to 1m4s connIndex=0 event=0 ip=198.41.192.47
2026-08-24T07:01:55Z INF Tunnel connection curve preferences: [X25519MLKEM768 CurveID(65074) CurveP256] connIndex=0 event=0 ip=198.41.192.47
2026-08-24T07:01:55Z ERR failed to run the datagram handler error="context canceled" connIndex=0 event=0 ip=198.41.192.47
2026-08-24T07:01:55Z ERR failed to serve tunnel connection error="control stream encountered a failure while serving" connIndex=0 event=0 ip=198.41.192.47
2026-08-24T07:01:55Z ERR Serve tunnel error error="control stream encountered a failure while serving" connIndex=0 event=0 ip=198.41.192.47
2026-08-24T07:01:55Z INF Retrying connection in up to 1m4s connIndex=0 event=0 ip=198.41.192.47
2026-08-24T07:02:27Z INF Tunnel connection curve preferences: [X25519MLKEM768 CurveID(65074) CurveP256] connIndex=0 event=0 ip=198.41.192.47
2026-08-24T07:02:27Z ERR failed to run the datagram handler error="context canceled" connIndex=0 event=0 ip=198.41.192.47
2026-08-24T07:02:27Z ERR failed to serve tunnel connection error="control stream encountered a failure while serving" connIndex=0 event=0 ip=198.41.192.47
2026-08-24T07:02:27Z ERR Serve tunnel error error="control stream encountered a failure while serving" connIndex=0 event=0 ip=198.41.192.47
2026-08-24T07:02:27Z INF Retrying connection in up to 1m4s connIndex=0 event=0 ip=198.41.192.47
2026-08-24T07:02:44Z INF Tunnel connection curve preferences: [X25519MLKEM768 CurveID(65074) CurveP256] connIndex=0 event=0 ip=198.41.192.47
2026-08-24T07:02:44Z ERR failed to run the datagram handler error="context canceled" connIndex=0 event=0 ip=198.41.192.47
2026-08-24T07:02:44Z ERR failed to serve tunnel connection error="control stream encountered a failure while serving" connIndex=0 event=0 ip=198.41.192.47
2026-08-24T07:02:44Z ERR Serve tunnel error error="control stream encountered a failure while serving" connIndex=0 event=0 ip=198.41.192.47
2026-08-24T07:02:44Z INF Retrying connection in up to 1m4s connIndex=0 event=0 ip=198.41.192.47
2026-08-24T07:02:45Z INF Tunnel connection curve preferences: [X25519MLKEM768 CurveID(65074) CurveP256] connIndex=0 event=0 ip=198.41.192.47
2026-08-24T07:02:45Z ERR failed to run the datagram handler error="context canceled" connIndex=0 event=0 ip=198.41.192.47
2026-08-24T07:02:45Z ERR failed to serve tunnel connection error="control stream encountered a failure while serving" connIndex=0 event=0 ip=198.41.192.47
2026-08-24T07:02:45Z ERR Serve tunnel error error="control stream encountered a failure while serving" connIndex=0 event=0 ip=198.41.192.47
2026-08-24T07:02:45Z INF Retrying connection in up to 1m4s connIndex=0 event=0 ip=198.41.192.47
2026-08-24T07:02:52Z INF Tunnel connection curve preferences: [X25519MLKEM768 CurveID(65074) CurveP256] connIndex=0 event=0 ip=198.41.192.47
2026-08-24T07:02:52Z ERR failed to run the datagram handler error="context canceled" connIndex=0 event=0 ip=198.41.192.47
2026-08-24T07:02:52Z ERR failed to serve tunnel connection error="control stream encountered a failure while serving" connIndex=0 event=0 ip=198.41.192.47
2026-08-24T07:02:52Z ERR Serve tunnel error error="control stream encountered a failure while serving" connIndex=0 event=0 ip=198.41.192.47
2026-08-24T07:02:52Z INF Retrying connection in up to 1m4s connIndex=0 event=0 ip=198.41.192.47
2026-08-24T07:03:05Z INF Tunnel connection curve preferences: [X25519MLKEM768 CurveID(65074) CurveP256] connIndex=0 event=0 ip=198.41.192.47
2026-08-24T07:03:05Z ERR failed to run the datagram handler error="context canceled" connIndex=0 event=0 ip=198.41.192.47
2026-08-24T07:03:05Z ERR failed to serve tunnel connection error="control stream encountered a failure while serving" connIndex=0 event=0 ip=198.41.192.47
2026-08-24T07:03:05Z ERR Serve tunnel error error="control stream encountered a failure while serving" connIndex=0 event=0 ip=198.41.192.47
2026-08-24T07:03:05Z INF Retrying connection in up to 1m4s connIndex=0 event=0 ip=198.41.192.47
2026-08-24T07:03:24Z INF Tunnel connection curve preferences: [X25519MLKEM768 CurveID(65074) CurveP256] connIndex=0 event=0 ip=198.41.192.47
2026-08-24T07:03:24Z ERR failed to run the datagram handler error="context canceled" connIndex=0 event=0 ip=198.41.192.47
2026-08-24T07:03:24Z ERR failed to serve tunnel connection error="control stream encountered a failure while serving" connIndex=0 event=0 ip=198.41.192.47
2026-08-24T07:03:24Z ERR Serve tunnel error error="control stream encountered a failure while serving" connIndex=0 event=0 ip=198.41.192.47
2026-08-24T07:03:24Z INF Retrying connection in up to 1m4s connIndex=0 event=0 ip=198.41.192.47
2026-08-24T07:03:49Z INF Tunnel connection curve preferences: [X25519MLKEM768 CurveID(65074) CurveP256] connIndex=0 event=0 ip=198.41.192.47
2026-08-24T07:03:49Z ERR failed to run the datagram handler error="context canceled" connIndex=0 event=0 ip=198.41.192.47
2026-08-24T07:03:49Z ERR failed to serve tunnel connection error="control stream encountered a failure while serving" connIndex=0 event=0 ip=198.41.192.47
2026-08-24T07:03:49Z ERR Serve tunnel error error="control stream encountered a failure while serving" connIndex=0 event=0 ip=198.41.192.47
2026-08-24T07:03:49Z INF Retrying connection in up to 1m4s connIndex=0 event=0 ip=198.41.192.47
2026-08-24T07:04:19Z INF Tunnel connection curve preferences: [X25519MLKEM768 CurveID(65074) CurveP256] connIndex=0 event=0 ip=198.41.192.47
2026-08-24T07:04:19Z ERR failed to run the datagram handler error="context canceled" connIndex=0 event=0 ip=198.41.192.47
2026-08-24T07:04:19Z ERR failed to serve tunnel connection error="control stream encountered a failure while serving" connIndex=0 event=0 ip=198.41.192.47
2026-08-24T07:04:19Z ERR Serve tunnel error error="control stream encountered a failure while serving" connIndex=0 event=0 ip=198.41.192.47
2026-08-24T07:04:19Z INF Retrying connection in up to 1m4s connIndex=0 event=0 ip=198.41.192.47
2026-08-24T07:06:29Z INF Tunnel connection curve preferences: [X25519MLKEM768 CurveID(65074) CurveP256] connIndex=0 event=0 ip=198.41.192.47
2026-08-24T07:06:30Z ERR failed to run the datagram handler error="context canceled" connIndex=0 event=0 ip=198.41.192.47
2026-08-24T07:06:30Z ERR failed to serve tunnel connection error="control stream encountered a failure while serving" connIndex=0 event=0 ip=198.41.192.47
2026-08-24T07:06:30Z ERR Serve tunnel error error="control stream encountered a failure while serving" connIndex=0 event=0 ip=198.41.192.47
2026-08-24T07:06:30Z INF Retrying connection in up to 1m4s connIndex=0 event=0 ip=198.41.192.47
2026-08-24T07:06:42Z INF Tunnel connection curve preferences: [X25519MLKEM768 CurveID(65074) CurveP256] connIndex=0 event=0 ip=198.41.192.47
2026-08-24T07:06:42Z ERR failed to run the datagram handler error="context canceled" connIndex=0 event=0 ip=198.41.192.47
2026-08-24T07:06:42Z ERR failed to serve tunnel connection error="control stream encountered a failure while serving" connIndex=0 event=0 ip=198.41.192.47
2026-08-24T07:06:42Z ERR Serve tunnel error error="control stream encountered a failure while serving" connIndex=0 event=0 ip=198.41.192.47
2026-08-24T07:06:42Z INF Retrying connection in up to 1m4s connIndex=0 event=0 ip=198.41.192.47
2026-08-24T07:06:49Z INF Tunnel connection curve preferences: [X25519MLKEM768 CurveID(65074) CurveP256] connIndex=0 event=0 ip=198.41.192.47
2026-08-24T07:06:49Z ERR failed to run the datagram handler error="context canceled" connIndex=0 event=0 ip=198.41.192.47
2026-08-24T07:06:49Z ERR failed to serve tunnel connection error="control stream encountered a failure while serving" connIndex=0 event=0 ip=198.41.192.47
2026-08-24T07:06:49Z ERR Serve tunnel error error="control stream encountered a failure while serving" connIndex=0 event=0 ip=198.41.192.47
2026-08-24T07:06:49Z INF Retrying connection in up to 1m4s connIndex=0 event=0 ip=198.41.192.47
2026-08-24T07:06:57Z INF Tunnel connection curve preferences: [X25519MLKEM768 CurveID(65074) CurveP256] connIndex=0 event=0 ip=198.41.192.47
2026-08-24T07:06:58Z ERR failed to run the datagram handler error="context canceled" connIndex=0 event=0 ip=198.41.192.47
2026-08-24T07:06:58Z ERR failed to serve tunnel connection error="control stream encountered a failure while serving" connIndex=0 event=0 ip=198.41.192.47
2026-08-24T07:06:58Z ERR Serve tunnel error error="control stream encountered a failure while serving" connIndex=0 event=0 ip=198.41.192.47
2026-08-24T07:06:58Z INF Retrying connection in up to 1m4s connIndex=0 event=0 ip=198.41.192.47
2026-08-24T07:07:04Z INF Tunnel connection curve preferences: [X25519MLKEM768 CurveID(65074) CurveP256] connIndex=0 event=0 ip=198.41.192.47
2026-08-24T07:07:04Z ERR failed to run the datagram handler error="context canceled" connIndex=0 event=0 ip=198.41.192.47
2026-08-24T07:07:04Z ERR failed to serve tunnel connection error="control stream encountered a failure while serving" connIndex=0 event=0 ip=198.41.192.47
2026-08-24T07:07:04Z ERR Serve tunnel error error="control stream encountered a failure while serving" connIndex=0 event=0 ip=198.41.192.47
2026-08-24T07:07:04Z INF Retrying connection in up to 1m4s connIndex=0 event=0 ip=198.41.192.47
2026-08-24T07:07:16Z INF Tunnel connection curve preferences: [X25519MLKEM768 CurveID(65074) CurveP256] connIndex=0 event=0 ip=198.41.192.47
2026-08-24T07:07:16Z ERR failed to run the datagram handler error="context canceled" connIndex=0 event=0 ip=198.41.192.47
2026-08-24T07:07:16Z ERR failed to serve tunnel connection error="control stream encountered a failure while serving" connIndex=0 event=0 ip=198.41.192.47
2026-08-24T07:07:16Z ERR Serve tunnel error error="control stream encountered a failure while serving" connIndex=0 event=0 ip=198.41.192.47
2026-08-24T07:07:16Z INF Retrying connection in up to 1m4s connIndex=0 event=0 ip=198.41.192.47
2026-08-24T07:07:43Z INF Tunnel connection curve preferences: [X25519MLKEM768 CurveID(65074) CurveP256] connIndex=0 event=0 ip=198.41.192.47
2026-08-24T07:07:43Z ERR failed to run the datagram handler error="context canceled" connIndex=0 event=0 ip=198.41.192.47
2026-08-24T07:07:43Z ERR failed to serve tunnel connection error="control stream encountered a failure while serving" connIndex=0 event=0 ip=198.41.192.47
2026-08-24T07:07:43Z ERR Serve tunnel error error="control stream encountered a failure while serving" connIndex=0 event=0 ip=198.41.192.47
2026-08-24T07:07:43Z INF Retrying connection in up to 1m4s connIndex=0 event=0 ip=198.41.192.47
2026-08-24T07:08:05Z INF Tunnel connection curve preferences: [X25519MLKEM768 CurveID(65074) CurveP256] connIndex=0 event=0 ip=198.41.192.47
2026-08-24T07:08:05Z ERR failed to run the datagram handler error="context canceled" connIndex=0 event=0 ip=198.41.192.47
2026-08-24T07:08:05Z ERR failed to serve tunnel connection error="control stream encountered a failure while serving" connIndex=0 event=0 ip=198.41.192.47
2026-08-24T07:08:05Z ERR Serve tunnel error error="control stream encountered a failure while serving" connIndex=0 event=0 ip=198.41.192.47
2026-08-24T07:08:05Z INF Retrying connection in up to 1m4s connIndex=0 event=0 ip=198.41.192.47
2026-08-24T07:08:05Z INF Tunnel connection curve preferences: [X25519MLKEM768 CurveID(65074) CurveP256] connIndex=0 event=0 ip=198.41.192.47
2026-08-24T07:08:05Z ERR failed to run the datagram handler error="context canceled" connIndex=0 event=0 ip=198.41.192.47
2026-08-24T07:08:05Z ERR failed to serve tunnel connection error="control stream encountered a failure while serving" connIndex=0 event=0 ip=198.41.192.47
2026-08-24T07:08:05Z ERR Serve tunnel error error="control stream encountered a failure while serving" connIndex=0 event=0 ip=198.41.192.47
2026-08-24T07:08:05Z INF Retrying connection in up to 1m4s connIndex=0 event=0 ip=198.41.192.47
2026-08-24T07:08:35Z INF Tunnel connection curve preferences: [X25519MLKEM768 CurveID(65074) CurveP256] connIndex=0 event=0 ip=198.41.192.47
2026-08-24T07:08:35Z ERR failed to run the datagram handler error="context canceled" connIndex=0 event=0 ip=198.41.192.47
2026-08-24T07:08:35Z ERR failed to serve tunnel connection error="control stream encountered a failure while serving" connIndex=0 event=0 ip=198.41.192.47
2026-08-24T07:08:35Z ERR Serve tunnel error error="control stream encountered a failure while serving" connIndex=0 event=0 ip=198.41.192.47
2026-08-24T07:08:35Z INF Retrying connection in up to 1m4s connIndex=0 event=0 ip=198.41.192.47
2026-08-24T07:08:43Z INF Tunnel connection curve preferences: [X25519MLKEM768 CurveID(65074) CurveP256] connIndex=0 event=0 ip=198.41.192.47
2026-08-24T07:08:43Z ERR failed to run the datagram handler error="context canceled" connIndex=0 event=0 ip=198.41.192.47
2026-08-24T07:08:43Z ERR failed to serve tunnel connection error="control stream encountered a failure while serving" connIndex=0 event=0 ip=198.41.192.47
2026-08-24T07:08:43Z ERR Serve tunnel error error="control stream encountered a failure while serving" connIndex=0 event=0 ip=198.41.192.47
2026-08-24T07:08:43Z INF Retrying connection in up to 1m4s connIndex=0 event=0 ip=198.41.192.47
2026-08-24T07:08:51Z INF Tunnel connection curve preferences: [X25519MLKEM768 CurveID(65074) CurveP256] connIndex=0 event=0 ip=198.41.192.47
2026-08-24T07:08:51Z ERR failed to run the datagram handler error="context canceled" connIndex=0 event=0 ip=198.41.192.47
2026-08-24T07:08:51Z ERR failed to serve tunnel connection error="control stream encountered a failure while serving" connIndex=0 event=0 ip=198.41.192.47
2026-08-24T07:08:51Z ERR Serve tunnel error error="control stream encountered a failure while serving" connIndex=0 event=0 ip=198.41.192.47
2026-08-24T07:08:51Z INF Retrying connection in up to 1m4s connIndex=0 event=0 ip=198.41.192.47
2026-08-24T07:09:17Z INF Tunnel connection curve preferences: [X25519MLKEM768 CurveID(65074) CurveP256] connIndex=0 event=0 ip=198.41.192.47
2026-08-24T07:09:17Z ERR failed to run the datagram handler error="context canceled" connIndex=0 event=0 ip=198.41.192.47
2026-08-24T07:09:17Z ERR failed to serve tunnel connection error="control stream encountered a failure while serving" connIndex=0 event=0 ip=198.41.192.47
2026-08-24T07:09:17Z ERR Serve tunnel error error="control stream encountered a failure while serving" connIndex=0 event=0 ip=198.41.192.47
2026-08-24T07:09:17Z INF Retrying connection in up to 1m4s connIndex=0 event=0 ip=198.41.192.47
2026-08-24T07:09:36Z INF Tunnel connection curve preferences: [X25519MLKEM768 CurveID(65074) CurveP256] connIndex=0 event=0 ip=198.41.192.47
2026-08-24T07:09:36Z ERR failed to run the datagram handler error="context canceled" connIndex=0 event=0 ip=198.41.192.47
2026-08-24T07:09:36Z ERR failed to serve tunnel connection error="control stream encountered a failure while serving" connIndex=0 event=0 ip=198.41.192.47
2026-08-24T07:09:36Z ERR Serve tunnel error error="control stream encountered a failure while serving" connIndex=0 event=0 ip=198.41.192.47
2026-08-24T07:09:36Z INF Retrying connection in up to 1m4s connIndex=0 event=0 ip=198.41.192.47
2026-08-24T07:09:49Z INF Tunnel connection curve preferences: [X25519MLKEM768 CurveID(65074) CurveP256] connIndex=0 event=0 ip=198.41.192.47
2026-08-24T07:09:49Z ERR failed to run the datagram handler error="context canceled" connIndex=0 event=0 ip=198.41.192.47
2026-08-24T07:09:49Z ERR failed to serve tunnel connection error="control stream encountered a failure while serving" connIndex=0 event=0 ip=198.41.192.47
2026-08-24T07:09:49Z ERR Serve tunnel error error="control stream encountered a failure while serving" connIndex=0 event=0 ip=198.41.192.47
2026-08-24T07:09:49Z INF Retrying connection in up to 1m4s connIndex=0 event=0 ip=198.41.192.47
2026-08-24T07:10:13Z INF Tunnel connection curve preferences: [X25519MLKEM768 CurveID(65074) CurveP256] connIndex=0 event=0 ip=198.41.192.47
2026-08-24T07:10:13Z ERR failed to run the datagram handler error="context canceled" connIndex=0 event=0 ip=198.41.192.47
2026-08-24T07:10:13Z ERR failed to serve tunnel connection error="control stream encountered a failure while serving" connIndex=0 event=0 ip=198.41.192.47
2026-08-24T07:10:13Z ERR Serve tunnel error error="control stream encountered a failure while serving" connIndex=0 event=0 ip=198.41.192.47
2026-08-24T07:10:13Z INF Retrying connection in up to 1m4s connIndex=0 event=0 ip=198.41.192.47
2026-08-24T07:10:21Z INF Tunnel connection curve preferences: [X25519MLKEM768 CurveID(65074) CurveP256] connIndex=0 event=0 ip=198.41.192.47
2026-08-24T07:10:21Z ERR failed to run the datagram handler error="context canceled" connIndex=0 event=0 ip=198.41.192.47
2026-08-24T07:10:21Z ERR failed to serve tunnel connection error="control stream encountered a failure while serving" connIndex=0 event=0 ip=198.41.192.47
2026-08-24T07:10:21Z ERR Serve tunnel error error="control stream encountered a failure while serving" connIndex=0 event=0 ip=198.41.192.47
2026-08-24T07:10:21Z INF Retrying connection in up to 1m4s connIndex=0 event=0 ip=198.41.192.47
2026-08-24T07:10:51Z INF Tunnel connection curve preferences: [X25519MLKEM768 CurveID(65074) CurveP256] connIndex=0 event=0 ip=198.41.192.47
2026-08-24T07:10:51Z ERR failed to run the datagram handler error="context canceled" connIndex=0 event=0 ip=198.41.192.47
2026-08-24T07:10:51Z ERR failed to serve tunnel connection error="control stream encountered a failure while serving" connIndex=0 event=0 ip=198.41.192.47
2026-08-24T07:10:51Z ERR Serve tunnel error error="control stream encountered a failure while serving" connIndex=0 event=0 ip=198.41.192.47
2026-08-24T07:10:51Z INF Retrying connection in up to 1m4s connIndex=0 event=0 ip=198.41.192.47
2026-08-24T07:11:22Z INF Tunnel connection curve preferences: [X25519MLKEM768 CurveID(65074) CurveP256] connIndex=0 event=0 ip=198.41.192.47
2026-08-24T07:11:22Z ERR failed to run the datagram handler error="context canceled" connIndex=0 event=0 ip=198.41.192.47
2026-08-24T07:11:22Z ERR failed to serve tunnel connection error="control stream encountered a failure while serving" connIndex=0 event=0 ip=198.41.192.47
2026-08-24T07:11:22Z ERR Serve tunnel error error="control stream encountered a failure while serving" connIndex=0 event=0 ip=198.41.192.47
2026-08-24T07:11:22Z INF Retrying connection in up to 1m4s connIndex=0 event=0 ip=198.41.192.47
2026-08-24T07:11:30Z INF Tunnel connection curve preferences: [X25519MLKEM768 CurveID(65074) CurveP256] connIndex=0 event=0 ip=198.41.192.47
2026-08-24T07:11:30Z ERR failed to run the datagram handler error="context canceled" connIndex=0 event=0 ip=198.41.192.47
2026-08-24T07:11:30Z ERR failed to serve tunnel connection error="control stream encountered a failure while serving" connIndex=0 event=0 ip=198.41.192.47
2026-08-24T07:11:30Z ERR Serve tunnel error error="control stream encountered a failure while serving" connIndex=0 event=0 ip=198.41.192.47
2026-08-24T07:11:30Z INF Retrying connection in up to 1m4s connIndex=0 event=0 ip=198.41.192.47
2026-08-24T07:11:48Z INF Tunnel connection curve preferences: [X25519MLKEM768 CurveID(65074) CurveP256] connIndex=0 event=0 ip=198.41.192.47
2026-08-24T07:11:48Z ERR failed to run the datagram handler error="context canceled" connIndex=0 event=0 ip=198.41.192.47
2026-08-24T07:11:48Z ERR failed to serve tunnel connection error="control stream encountered a failure while serving" connIndex=0 event=0 ip=198.41.192.47
2026-08-24T07:11:48Z ERR Serve tunnel error error="control stream encountered a failure while serving" connIndex=0 event=0 ip=198.41.192.47
2026-08-24T07:11:48Z INF Retrying connection in up to 1m4s connIndex=0 event=0 ip=198.41.192.47
2026-08-24T07:12:15Z INF Tunnel connection curve preferences: [X25519MLKEM768 CurveID(65074) CurveP256] connIndex=0 event=0 ip=198.41.192.47
2026-08-24T07:12:15Z ERR failed to run the datagram handler error="context canceled" connIndex=0 event=0 ip=198.41.192.47
2026-08-24T07:12:15Z ERR failed to serve tunnel connection error="control stream encountered a failure while serving" connIndex=0 event=0 ip=198.41.192.47
2026-08-24T07:12:15Z ERR Serve tunnel error error="control stream encountered a failure while serving" connIndex=0 event=0 ip=198.41.192.47
2026-08-24T07:12:15Z INF Retrying connection in up to 1m4s connIndex=0 event=0 ip=198.41.192.47
2026-08-24T07:12:31Z INF Tunnel connection curve preferences: [X25519MLKEM768 CurveID(65074) CurveP256] connIndex=0 event=0 ip=198.41.192.47
2026-08-24T07:12:31Z ERR failed to run the datagram handler error="context canceled" connIndex=0 event=0 ip=198.41.192.47
2026-08-24T07:12:31Z ERR failed to serve tunnel connection error="control stream encountered a failure while serving" connIndex=0 event=0 ip=198.41.192.47
2026-08-24T07:12:31Z ERR Serve tunnel error error="control stream encountered a failure while serving" connIndex=0 event=0 ip=198.41.192.47
2026-08-24T07:12:31Z INF Retrying connection in up to 1m4s connIndex=0 event=0 ip=198.41.192.47
2026-08-24T07:13:02Z INF Tunnel connection curve preferences: [X25519MLKEM768 CurveID(65074) CurveP256] connIndex=0 event=0 ip=198.41.192.47
2026-08-24T07:13:02Z ERR failed to run the datagram handler error="context canceled" connIndex=0 event=0 ip=198.41.192.47
2026-08-24T07:13:02Z ERR failed to serve tunnel connection error="control stream encountered a failure while serving" connIndex=0 event=0 ip=198.41.192.47
2026-08-24T07:13:02Z ERR Serve tunnel error error="control stream encountered a failure while serving" connIndex=0 event=0 ip=198.41.192.47
2026-08-24T07:13:02Z INF Retrying connection in up to 1m4s connIndex=0 event=0 ip=198.41.192.47
2026-08-24T07:13:19Z INF Tunnel connection curve preferences: [X25519MLKEM768 CurveID(65074) CurveP256] connIndex=0 event=0 ip=198.41.192.47
2026-08-24T07:13:19Z ERR failed to run the datagram handler error="context canceled" connIndex=0 event=0 ip=198.41.192.47
2026-08-24T07:13:19Z ERR failed to serve tunnel connection error="control stream encountered a failure while serving" connIndex=0 event=0 ip=198.41.192.47
2026-08-24T07:13:19Z ERR Serve tunnel error error="control stream encountered a failure while serving" connIndex=0 event=0 ip=198.41.192.47
2026-08-24T07:13:19Z INF Retrying connection in up to 1m4s connIndex=0 event=0 ip=198.41.192.47
2026-08-24T07:13:45Z INF Tunnel connection curve preferences: [X25519MLKEM768 CurveID(65074) CurveP256] connIndex=0 event=0 ip=198.41.192.47
2026-08-24T07:13:45Z ERR failed to run the datagram handler error="context canceled" connIndex=0 event=0 ip=198.41.192.47
2026-08-24T07:13:45Z ERR failed to serve tunnel connection error="control stream encountered a failure while serving" connIndex=0 event=0 ip=198.41.192.47
2026-08-24T07:13:45Z ERR Serve tunnel error error="control stream encountered a failure while serving" connIndex=0 event=0 ip=198.41.192.47
2026-08-24T07:13:45Z INF Retrying connection in up to 1m4s connIndex=0 event=0 ip=198.41.192.47
2026-08-24T07:14:12Z INF Tunnel connection curve preferences: [X25519MLKEM768 CurveID(65074) CurveP256] connIndex=0 event=0 ip=198.41.192.47
2026-08-24T07:14:12Z ERR failed to run the datagram handler error="context canceled" connIndex=0 event=0 ip=198.41.192.47
2026-08-24T07:14:12Z ERR failed to serve tunnel connection error="control stream encountered a failure while serving" connIndex=0 event=0 ip=198.41.192.47
2026-08-24T07:14:12Z ERR Serve tunnel error error="control stream encountered a failure while serving" connIndex=0 event=0 ip=198.41.192.47
2026-08-24T07:14:12Z INF Retrying connection in up to 1m4s connIndex=0 event=0 ip=198.41.192.47
2026-08-24T07:14:28Z INF Tunnel connection curve preferences: [X25519MLKEM768 CurveID(65074) CurveP256] connIndex=0 event=0 ip=198.41.192.47
2026-08-24T07:14:28Z ERR failed to run the datagram handler error="context canceled" connIndex=0 event=0 ip=198.41.192.47
2026-08-24T07:14:28Z ERR failed to serve tunnel connection error="control stream encountered a failure while serving" connIndex=0 event=0 ip=198.41.192.47
2026-08-24T07:14:28Z ERR Serve tunnel error error="control stream encountered a failure while serving" connIndex=0 event=0 ip=198.41.192.47
2026-08-24T07:14:28Z INF Retrying connection in up to 1m4s connIndex=0 event=0 ip=198.41.192.47
2026-08-24T07:14:45Z INF Tunnel connection curve preferences: [X25519MLKEM768 CurveID(65074) CurveP256] connIndex=0 event=0 ip=198.41.192.47
2026-08-24T07:14:45Z ERR failed to run the datagram handler error="context canceled" connIndex=0 event=0 ip=198.41.192.47
2026-08-24T07:14:45Z ERR failed to serve tunnel connection error="control stream encountered a failure while serving" connIndex=0 event=0 ip=198.41.192.47
2026-08-24T07:14:45Z ERR Serve tunnel error error="control stream encountered a failure while serving" connIndex=0 event=0 ip=198.41.192.47
2026-08-24T07:14:45Z INF Retrying connection in up to 1m4s connIndex=0 event=0 ip=198.41.192.47
2026-08-24T07:15:12Z INF Tunnel connection curve preferences: [X25519MLKEM768 CurveID(65074) CurveP256] connIndex=0 event=0 ip=198.41.192.47
2026-08-24T07:15:12Z ERR failed to run the datagram handler error="context canceled" connIndex=0 event=0 ip=198.41.192.47
2026-08-24T07:15:12Z ERR failed to serve tunnel connection error="control stream encountered a failure while serving" connIndex=0 event=0 ip=198.41.192.47
2026-08-24T07:15:12Z ERR Serve tunnel error error="control stream encountered a failure while serving" connIndex=0 event=0 ip=198.41.192.47
2026-08-24T07:15:12Z INF Retrying connection in up to 1m4s connIndex=0 event=0 ip=198.41.192.47
2026-08-24T07:15:26Z INF Tunnel connection curve preferences: [X25519MLKEM768 CurveID(65074) CurveP256] connIndex=0 event=0 ip=198.41.192.47
2026-08-24T07:15:26Z ERR failed to run the datagram handler error="context canceled" connIndex=0 event=0 ip=198.41.192.47
2026-08-24T07:15:26Z ERR failed to serve tunnel connection error="control stream encountered a failure while serving" connIndex=0 event=0 ip=198.41.192.47
2026-08-24T07:15:26Z ERR Serve tunnel error error="control stream encountered a failure while serving" connIndex=0 event=0 ip=198.41.192.47
2026-08-24T07:15:26Z INF Retrying connection in up to 1m4s connIndex=0 event=0 ip=198.41.192.47
2026-08-24T07:15:31Z INF Tunnel connection curve preferences: [X25519MLKEM768 CurveID(65074) CurveP256] connIndex=0 event=0 ip=198.41.192.47
2026-08-24T07:15:31Z ERR failed to run the datagram handler error="context canceled" connIndex=0 event=0 ip=198.41.192.47
2026-08-24T07:15:31Z ERR failed to serve tunnel connection error="control stream encountered a failure while serving" connIndex=0 event=0 ip=198.41.192.47
2026-08-24T07:15:31Z ERR Serve tunnel error error="control stream encountered a failure while serving" connIndex=0 event=0 ip=198.41.192.47
2026-08-24T07:15:31Z INF Retrying connection in up to 1m4s connIndex=0 event=0 ip=198.41.192.47
2026-08-24T07:15:53Z INF Tunnel connection curve preferences: [X25519MLKEM768 CurveID(65074) CurveP256] connIndex=0 event=0 ip=198.41.192.47
2026-08-24T07:15:53Z ERR failed to run the datagram handler error="context canceled" connIndex=0 event=0 ip=198.41.192.47
2026-08-24T07:15:53Z ERR failed to serve tunnel connection error="control stream encountered a failure while serving" connIndex=0 event=0 ip=198.41.192.47
2026-08-24T07:15:53Z ERR Serve tunnel error error="control stream encountered a failure while serving" connIndex=0 event=0 ip=198.41.192.47
2026-08-24T07:15:53Z INF Retrying connection in up to 1m4s connIndex=0 event=0 ip=198.41.192.47
2026-08-24T07:16:04Z INF Tunnel connection curve preferences: [X25519MLKEM768 CurveID(65074) CurveP256] connIndex=0 event=0 ip=198.41.192.47
2026-08-24T07:16:04Z ERR failed to run the datagram handler error="context canceled" connIndex=0 event=0 ip=198.41.192.47
2026-08-24T07:16:04Z ERR failed to serve tunnel connection error="control stream encountered a failure while serving" connIndex=0 event=0 ip=198.41.192.47
2026-08-24T07:16:04Z ERR Serve tunnel error error="control stream encountered a failure while serving" connIndex=0 event=0 ip=198.41.192.47
2026-08-24T07:16:04Z INF Retrying connection in up to 1m4s connIndex=0 event=0 ip=198.41.192.47
2026-08-24T07:16:27Z INF Tunnel connection curve preferences: [X25519MLKEM768 CurveID(65074) CurveP256] connIndex=0 event=0 ip=198.41.192.47
2026-08-24T07:16:27Z ERR failed to run the datagram handler error="context canceled" connIndex=0 event=0 ip=198.41.192.47
2026-08-24T07:16:27Z ERR failed to serve tunnel connection error="control stream encountered a failure while serving" connIndex=0 event=0 ip=198.41.192.47
2026-08-24T07:16:27Z ERR Serve tunnel error error="control stream encountered a failure while serving" connIndex=0 event=0 ip=198.41.192.47
2026-08-24T07:16:27Z INF Retrying connection in up to 1m4s connIndex=0 event=0 ip=198.41.192.47
2026-08-24T07:16:44Z INF Tunnel connection curve preferences: [X25519MLKEM768 CurveID(65074) CurveP256] connIndex=0 event=0 ip=198.41.192.47
2026-08-24T07:16:44Z ERR failed to run the datagram handler error="context canceled" connIndex=0 event=0 ip=198.41.192.47
2026-08-24T07:16:44Z ERR failed to serve tunnel connection error="control stream encountered a failure while serving" connIndex=0 event=0 ip=198.41.192.47
2026-08-24T07:16:44Z ERR Serve tunnel error error="control stream encountered a failure while serving" connIndex=0 event=0 ip=198.41.192.47
2026-08-24T07:16:44Z INF Retrying connection in up to 1m4s connIndex=0 event=0 ip=198.41.192.47
2026-08-24T07:16:49Z INF Tunnel connection curve preferences: [X25519MLKEM768 CurveID(65074) CurveP256] connIndex=0 event=0 ip=198.41.192.47
2026-08-24T07:16:49Z ERR failed to run the datagram handler error="context canceled" connIndex=0 event=0 ip=198.41.192.47
2026-08-24T07:16:49Z ERR failed to serve tunnel connection error="control stream encountered a failure while serving" connIndex=0 event=0 ip=198.41.192.47
2026-08-24T07:16:49Z ERR Serve tunnel error error="control stream encountered a failure while serving" connIndex=0 event=0 ip=198.41.192.47
2026-08-24T07:16:49Z INF Retrying connection in up to 1m4s connIndex=0 event=0 ip=198.41.192.47
2026-08-24T07:17:04Z INF Tunnel connection curve preferences: [X25519MLKEM768 CurveID(65074) CurveP256] connIndex=0 event=0 ip=198.41.192.47
2026-08-24T07:17:04Z ERR failed to run the datagram handler error="context canceled" connIndex=0 event=0 ip=198.41.192.47
2026-08-24T07:17:04Z ERR failed to serve tunnel connection error="control stream encountered a failure while serving" connIndex=0 event=0 ip=198.41.192.47
2026-08-24T07:17:04Z ERR Serve tunnel error error="control stream encountered a failure while serving" connIndex=0 event=0 ip=198.41.192.47
2026-08-24T07:17:04Z INF Retrying connection in up to 1m4s connIndex=0 event=0 ip=198.41.192.47
2026-08-24T07:17:13Z INF Tunnel connection curve preferences: [X25519MLKEM768 CurveID(65074) CurveP256] connIndex=0 event=0 ip=198.41.192.47
2026-08-24T07:17:13Z ERR failed to run the datagram handler error="context canceled" connIndex=0 event=0 ip=198.41.192.47
2026-08-24T07:17:13Z ERR failed to serve tunnel connection error="control stream encountered a failure while serving" connIndex=0 event=0 ip=198.41.192.47
2026-08-24T07:17:13Z ERR Serve tunnel error error="control stream encountered a failure while serving" connIndex=0 event=0 ip=198.41.192.47
2026-08-24T07:17:13Z INF Retrying connection in up to 1m4s connIndex=0 event=0 ip=198.41.192.47
2026-08-24T07:17:43Z INF Tunnel connection curve preferences: [X25519MLKEM768 CurveID(65074) CurveP256] connIndex=0 event=0 ip=198.41.192.47
2026-08-24T07:17:43Z ERR failed to run the datagram handler error="context canceled" connIndex=0 event=0 ip=198.41.192.47
2026-08-24T07:17:43Z ERR failed to serve tunnel connection error="control stream encountered a failure while serving" connIndex=0 event=0 ip=198.41.192.47
2026-08-24T07:17:43Z ERR Serve tunnel error error="control stream encountered a failure while serving" connIndex=0 event=0 ip=198.41.192.47
2026-08-24T07:17:43Z INF Retrying connection in up to 1m4s connIndex=0 event=0 ip=198.41.192.47
2026-08-24T07:17:55Z INF Tunnel connection curve preferences: [X25519MLKEM768 CurveID(65074) CurveP256] connIndex=0 event=0 ip=198.41.192.47
2026-08-24T07:17:55Z ERR failed to run the datagram handler error="context canceled" connIndex=0 event=0 ip=198.41.192.47
2026-08-24T07:17:55Z ERR failed to serve tunnel connection error="control stream encountered a failure while serving" connIndex=0 event=0 ip=198.41.192.47
2026-08-24T07:17:55Z ERR Serve tunnel error error="control stream encountered a failure while serving" connIndex=0 event=0 ip=198.41.192.47
2026-08-24T07:17:55Z INF Retrying connection in up to 1m4s connIndex=0 event=0 ip=198.41.192.47
2026-08-24T07:18:26Z INF Tunnel connection curve preferences: [X25519MLKEM768 CurveID(65074) CurveP256] connIndex=0 event=0 ip=198.41.192.47
2026-08-24T07:18:26Z ERR failed to run the datagram handler error="context canceled" connIndex=0 event=0 ip=198.41.192.47
2026-08-24T07:18:26Z ERR failed to serve tunnel connection error="control stream encountered a failure while serving" connIndex=0 event=0 ip=198.41.192.47
2026-08-24T07:18:26Z ERR Serve tunnel error error="control stream encountered a failure while serving" connIndex=0 event=0 ip=198.41.192.47
2026-08-24T07:18:26Z INF Retrying connection in up to 1m4s connIndex=0 event=0 ip=198.41.192.47
2026-08-24T07:18:56Z INF Tunnel connection curve preferences: [X25519MLKEM768 CurveID(65074) CurveP256] connIndex=0 event=0 ip=198.41.192.47
2026-08-24T07:18:56Z ERR failed to run the datagram handler error="context canceled" connIndex=0 event=0 ip=198.41.192.47
2026-08-24T07:18:56Z ERR failed to serve tunnel connection error="control stream encountered a failure while serving" connIndex=0 event=0 ip=198.41.192.47
2026-08-24T07:18:56Z ERR Serve tunnel error error="control stream encountered a failure while serving" connIndex=0 event=0 ip=198.41.192.47
2026-08-24T07:18:56Z INF Retrying connection in up to 1m4s connIndex=0 event=0 ip=198.41.192.47
2026-08-24T07:19:26Z INF Tunnel connection curve preferences: [X25519MLKEM768 CurveID(65074) CurveP256] connIndex=0 event=0 ip=198.41.192.47
2026-08-24T07:19:27Z ERR failed to run the datagram handler error="context canceled" connIndex=0 event=0 ip=198.41.192.47
2026-08-24T07:19:27Z ERR failed to serve tunnel connection error="control stream encountered a failure while serving" connIndex=0 event=0 ip=198.41.192.47
2026-08-24T07:19:27Z ERR Serve tunnel error error="control stream encountered a failure while serving" connIndex=0 event=0 ip=198.41.192.47
2026-08-24T07:19:27Z INF Retrying connection in up to 1m4s connIndex=0 event=0 ip=198.41.192.47
2026-08-24T07:19:57Z INF Tunnel connection curve preferences: [X25519MLKEM768 CurveID(65074) CurveP256] connIndex=0 event=0 ip=198.41.192.47
2026-08-24T07:19:58Z ERR failed to run the datagram handler error="context canceled" connIndex=0 event=0 ip=198.41.192.47
2026-08-24T07:19:58Z ERR failed to serve tunnel connection error="control stream encountered a failure while serving" connIndex=0 event=0 ip=198.41.192.47
2026-08-24T07:19:58Z ERR Serve tunnel error error="control stream encountered a failure while serving" connIndex=0 event=0 ip=198.41.192.47
2026-08-24T07:19:58Z INF Retrying connection in up to 1m4s connIndex=0 event=0 ip=198.41.192.47
2026-08-24T07:20:23Z INF Tunnel connection curve preferences: [X25519MLKEM768 CurveID(65074) CurveP256] connIndex=0 event=0 ip=198.41.192.47
2026-08-24T07:20:23Z ERR failed to run the datagram handler error="context canceled" connIndex=0 event=0 ip=198.41.192.47
2026-08-24T07:20:23Z ERR failed to serve tunnel connection error="control stream encountered a failure while serving" connIndex=0 event=0 ip=198.41.192.47
2026-08-24T07:20:23Z ERR Serve tunnel error error="control stream encountered a failure while serving" connIndex=0 event=0 ip=198.41.192.47
2026-08-24T07:20:23Z INF Retrying connection in up to 1m4s connIndex=0 event=0 ip=198.41.192.47
2026-08-24T07:20:42Z INF Tunnel connection curve preferences: [X25519MLKEM768 CurveID(65074) CurveP256] connIndex=0 event=0 ip=198.41.192.47
2026-08-24T07:20:43Z ERR failed to run the datagram handler error="context canceled" connIndex=0 event=0 ip=198.41.192.47
2026-08-24T07:20:43Z ERR failed to serve tunnel connection error="control stream encountered a failure while serving" connIndex=0 event=0 ip=198.41.192.47
2026-08-24T07:20:43Z ERR Serve tunnel error error="control stream encountered a failure while serving" connIndex=0 event=0 ip=198.41.192.47
2026-08-24T07:20:43Z INF Retrying connection in up to 1m4s connIndex=0 event=0 ip=198.41.192.47
2026-08-24T07:20:43Z INF Tunnel connection curve preferences: [X25519MLKEM768 CurveID(65074) CurveP256] connIndex=0 event=0 ip=198.41.192.47
2026-08-24T07:20:43Z ERR failed to run the datagram handler error="context canceled" connIndex=0 event=0 ip=198.41.192.47
2026-08-24T07:20:43Z ERR failed to serve tunnel connection error="control stream encountered a failure while serving" connIndex=0 event=0 ip=198.41.192.47
2026-08-24T07:20:43Z ERR Serve tunnel error error="control stream encountered a failure while serving" connIndex=0 event=0 ip=198.41.192.47
2026-08-24T07:20:43Z INF Retrying connection in up to 1m4s connIndex=0 event=0 ip=198.41.192.47
2026-08-24T07:21:02Z INF Tunnel connection curve preferences: [X25519MLKEM768 CurveID(65074) CurveP256] connIndex=0 event=0 ip=198.41.192.47
2026-08-24T07:21:02Z ERR failed to run the datagram handler error="context canceled" connIndex=0 event=0 ip=198.41.192.47
2026-08-24T07:21:02Z ERR failed to serve tunnel connection error="control stream encountered a failure while serving" connIndex=0 event=0 ip=198.41.192.47
2026-08-24T07:21:02Z ERR Serve tunnel error error="control stream encountered a failure while serving" connIndex=0 event=0 ip=198.41.192.47
2026-08-24T07:21:02Z INF Retrying connection in up to 1m4s connIndex=0 event=0 ip=198.41.192.47
2026-08-24T07:21:21Z INF Tunnel connection curve preferences: [X25519MLKEM768 CurveID(65074) CurveP256] connIndex=0 event=0 ip=198.41.192.47
2026-08-24T07:21:21Z ERR failed to run the datagram handler error="context canceled" connIndex=0 event=0 ip=198.41.192.47
2026-08-24T07:21:21Z ERR failed to serve tunnel connection error="control stream encountered a failure while serving" connIndex=0 event=0 ip=198.41.192.47
2026-08-24T07:21:21Z ERR Serve tunnel error error="control stream encountered a failure while serving" connIndex=0 event=0 ip=198.41.192.47
2026-08-24T07:21:21Z INF Retrying connection in up to 1m4s connIndex=0 event=0 ip=198.41.192.47
2026-08-24T07:21:26Z INF Tunnel connection curve preferences: [X25519MLKEM768 CurveID(65074) CurveP256] connIndex=0 event=0 ip=198.41.192.47
2026-08-24T07:21:26Z ERR failed to run the datagram handler error="context canceled" connIndex=0 event=0 ip=198.41.192.47
2026-08-24T07:21:26Z ERR failed to serve tunnel connection error="control stream encountered a failure while serving" connIndex=0 event=0 ip=198.41.192.47
2026-08-24T07:21:26Z ERR Serve tunnel error error="control stream encountered a failure while serving" connIndex=0 event=0 ip=198.41.192.47
2026-08-24T07:21:26Z INF Retrying connection in up to 1m4s connIndex=0 event=0 ip=198.41.192.47
2026-08-24T07:21:30Z INF Tunnel connection curve preferences: [X25519MLKEM768 CurveID(65074) CurveP256] connIndex=0 event=0 ip=198.41.192.47
2026-08-24T07:21:30Z ERR failed to run the datagram handler error="context canceled" connIndex=0 event=0 ip=198.41.192.47
2026-08-24T07:21:30Z ERR failed to serve tunnel connection error="control stream encountered a failure while serving" connIndex=0 event=0 ip=198.41.192.47
2026-08-24T07:21:30Z ERR Serve tunnel error error="control stream encountered a failure while serving" connIndex=0 event=0 ip=198.41.192.47
2026-08-24T07:21:30Z INF Retrying connection in up to 1m4s connIndex=0 event=0 ip=198.41.192.47
2026-08-24T07:21:42Z INF Tunnel connection curve preferences: [X25519MLKEM768 CurveID(65074) CurveP256] connIndex=0 event=0 ip=198.41.192.47
2026-08-24T07:21:43Z ERR failed to run the datagram handler error="context canceled" connIndex=0 event=0 ip=198.41.192.47
2026-08-24T07:21:43Z ERR failed to serve tunnel connection error="control stream encountered a failure while serving" connIndex=0 event=0 ip=198.41.192.47
2026-08-24T07:21:43Z ERR Serve tunnel error error="control stream encountered a failure while serving" connIndex=0 event=0 ip=198.41.192.47
2026-08-24T07:21:43Z INF Retrying connection in up to 1m4s connIndex=0 event=0 ip=198.41.192.47
2026-08-24T07:22:05Z INF Tunnel connection curve preferences: [X25519MLKEM768 CurveID(65074) CurveP256] connIndex=0 event=0 ip=198.41.192.47
2026-08-24T07:22:05Z ERR failed to run the datagram handler error="context canceled" connIndex=0 event=0 ip=198.41.192.47
2026-08-24T07:22:05Z ERR failed to serve tunnel connection error="control stream encountered a failure while serving" connIndex=0 event=0 ip=198.41.192.47
2026-08-24T07:22:05Z ERR Serve tunnel error error="control stream encountered a failure while serving" connIndex=0 event=0 ip=198.41.192.47
2026-08-24T07:22:05Z INF Retrying connection in up to 1m4s connIndex=0 event=0 ip=198.41.192.47
2026-08-24T07:22:17Z INF Tunnel connection curve preferences: [X25519MLKEM768 CurveID(65074) CurveP256] connIndex=0 event=0 ip=198.41.192.47
2026-08-24T07:22:17Z ERR failed to run the datagram handler error="context canceled" connIndex=0 event=0 ip=198.41.192.47
2026-08-24T07:22:17Z ERR failed to serve tunnel connection error="control stream encountered a failure while serving" connIndex=0 event=0 ip=198.41.192.47
2026-08-24T07:22:17Z ERR Serve tunnel error error="control stream encountered a failure while serving" connIndex=0 event=0 ip=198.41.192.47
2026-08-24T07:22:17Z INF Retrying connection in up to 1m4s connIndex=0 event=0 ip=198.41.192.47
2026-08-24T07:22:34Z INF Tunnel connection curve preferences: [X25519MLKEM768 CurveID(65074) CurveP256] connIndex=0 event=0 ip=198.41.192.47
2026-08-24T07:22:34Z ERR failed to run the datagram handler error="context canceled" connIndex=0 event=0 ip=198.41.192.47
2026-08-24T07:22:34Z ERR failed to serve tunnel connection error="control stream encountered a failure while serving" connIndex=0 event=0 ip=198.41.192.47
2026-08-24T07:22:34Z ERR Serve tunnel error error="control stream encountered a failure while serving" connIndex=0 event=0 ip=198.41.192.47
2026-08-24T07:22:34Z INF Retrying connection in up to 1m4s connIndex=0 event=0 ip=198.41.192.47
2026-08-24T07:22:44Z INF Tunnel connection curve preferences: [X25519MLKEM768 CurveID(65074) CurveP256] connIndex=0 event=0 ip=198.41.192.47
2026-08-24T07:22:44Z ERR failed to run the datagram handler error="context canceled" connIndex=0 event=0 ip=198.41.192.47
2026-08-24T07:22:44Z ERR failed to serve tunnel connection error="control stream encountered a failure while serving" connIndex=0 event=0 ip=198.41.192.47
2026-08-24T07:22:44Z ERR Serve tunnel error error="control stream encountered a failure while serving" connIndex=0 event=0 ip=198.41.192.47
2026-08-24T07:22:44Z INF Retrying connection in up to 1m4s connIndex=0 event=0 ip=198.41.192.47
2026-08-24T07:23:00Z INF Tunnel connection curve preferences: [X25519MLKEM768 CurveID(65074) CurveP256] connIndex=0 event=0 ip=198.41.192.47
2026-08-24T07:23:00Z ERR failed to run the datagram handler error="context canceled" connIndex=0 event=0 ip=198.41.192.47
2026-08-24T07:23:00Z ERR failed to serve tunnel connection error="control stream encountered a failure while serving" connIndex=0 event=0 ip=198.41.192.47
2026-08-24T07:23:00Z ERR Serve tunnel error error="control stream encountered a failure while serving" connIndex=0 event=0 ip=198.41.192.47
2026-08-24T07:23:00Z INF Retrying connection in up to 1m4s connIndex=0 event=0 ip=198.41.192.47
2026-08-24T07:23:13Z INF Tunnel connection curve preferences: [X25519MLKEM768 CurveID(65074) CurveP256] connIndex=0 event=0 ip=198.41.192.47
2026-08-24T07:23:13Z ERR failed to run the datagram handler error="context canceled" connIndex=0 event=0 ip=198.41.192.47
2026-08-24T07:23:13Z ERR failed to serve tunnel connection error="control stream encountered a failure while serving" connIndex=0 event=0 ip=198.41.192.47
2026-08-24T07:23:13Z ERR Serve tunnel error error="control stream encountered a failure while serving" connIndex=0 event=0 ip=198.41.192.47
2026-08-24T07:23:13Z INF Retrying connection in up to 1m4s connIndex=0 event=0 ip=198.41.192.47
2026-08-24T07:23:34Z INF Tunnel connection curve preferences: [X25519MLKEM768 CurveID(65074) CurveP256] connIndex=0 event=0 ip=198.41.192.47
2026-08-24T07:23:35Z ERR failed to run the datagram handler error="context canceled" connIndex=0 event=0 ip=198.41.192.47
2026-08-24T07:23:35Z ERR failed to serve tunnel connection error="control stream encountered a failure while serving" connIndex=0 event=0 ip=198.41.192.47
2026-08-24T07:23:35Z ERR Serve tunnel error error="control stream encountered a failure while serving" connIndex=0 event=0 ip=198.41.192.47
2026-08-24T07:23:35Z INF Retrying connection in up to 1m4s connIndex=0 event=0 ip=198.41.192.47
2026-08-24T07:23:52Z INF Tunnel connection curve preferences: [X25519MLKEM768 CurveID(65074) CurveP256] connIndex=0 event=0 ip=198.41.192.47
2026-08-24T07:23:52Z ERR failed to run the datagram handler error="context canceled" connIndex=0 event=0 ip=198.41.192.47
2026-08-24T07:23:52Z ERR failed to serve tunnel connection error="control stream encountered a failure while serving" connIndex=0 event=0 ip=198.41.192.47
2026-08-24T07:23:52Z ERR Serve tunnel error error="control stream encountered a failure while serving" connIndex=0 event=0 ip=198.41.192.47
2026-08-24T07:23:52Z INF Retrying connection in up to 1m4s connIndex=0 event=0 ip=198.41.192.47
2026-08-24T07:23:59Z INF Tunnel connection curve preferences: [X25519MLKEM768 CurveID(65074) CurveP256] connIndex=0 event=0 ip=198.41.192.47
2026-08-24T07:24:00Z ERR failed to run the datagram handler error="context canceled" connIndex=0 event=0 ip=198.41.192.47
2026-08-24T07:24:00Z ERR failed to serve tunnel connection error="control stream encountered a failure while serving" connIndex=0 event=0 ip=198.41.192.47
2026-08-24T07:24:00Z ERR Serve tunnel error error="control stream encountered a failure while serving" connIndex=0 event=0 ip=198.41.192.47
2026-08-24T07:24:00Z INF Retrying connection in up to 1m4s connIndex=0 event=0 ip=198.41.192.47
2026-08-24T07:24:21Z INF Tunnel connection curve preferences: [X25519MLKEM768 CurveID(65074) CurveP256] connIndex=0 event=0 ip=198.41.192.47
2026-08-24T07:24:21Z ERR failed to run the datagram handler error="context canceled" connIndex=0 event=0 ip=198.41.192.47
2026-08-24T07:24:21Z ERR failed to serve tunnel connection error="control stream encountered a failure while serving" connIndex=0 event=0 ip=198.41.192.47
2026-08-24T07:24:21Z ERR Serve tunnel error error="control stream encountered a failure while serving" connIndex=0 event=0 ip=198.41.192.47
2026-08-24T07:24:21Z INF Retrying connection in up to 1m4s connIndex=0 event=0 ip=198.41.192.47
2026-08-24T07:24:29Z INF Tunnel connection curve preferences: [X25519MLKEM768 CurveID(65074) CurveP256] connIndex=0 event=0 ip=198.41.192.47
2026-08-24T07:24:29Z ERR failed to run the datagram handler error="context canceled" connIndex=0 event=0 ip=198.41.192.47
2026-08-24T07:24:29Z ERR failed to serve tunnel connection error="control stream encountered a failure while serving" connIndex=0 event=0 ip=198.41.192.47
2026-08-24T07:24:29Z ERR Serve tunnel error error="control stream encountered a failure while serving" connIndex=0 event=0 ip=198.41.192.47
2026-08-24T07:24:29Z INF Retrying connection in up to 1m4s connIndex=0 event=0 ip=198.41.192.47
2026-08-24T07:24:56Z INF Tunnel connection curve preferences: [X25519MLKEM768 CurveID(65074) CurveP256] connIndex=0 event=0 ip=198.41.192.47
2026-08-24T07:24:57Z ERR failed to run the datagram handler error="context canceled" connIndex=0 event=0 ip=198.41.192.47
2026-08-24T07:24:57Z ERR failed to serve tunnel connection error="control stream encountered a failure while serving" connIndex=0 event=0 ip=198.41.192.47
2026-08-24T07:24:57Z ERR Serve tunnel error error="control stream encountered a failure while serving" connIndex=0 event=0 ip=198.41.192.47
2026-08-24T07:24:57Z INF Retrying connection in up to 1m4s connIndex=0 event=0 ip=198.41.192.47
2026-08-24T07:25:57Z INF Tunnel connection curve preferences: [X25519MLKEM768 CurveID(65074) CurveP256] connIndex=0 event=0 ip=198.41.192.47
2026-08-24T07:25:57Z ERR failed to run the datagram handler error="context canceled" connIndex=0 event=0 ip=198.41.192.47
2026-08-24T07:25:57Z ERR failed to serve tunnel connection error="control stream encountered a failure while serving" connIndex=0 event=0 ip=198.41.192.47
2026-08-24T07:25:57Z ERR Serve tunnel error error="control stream encountered a failure while serving" connIndex=0 event=0 ip=198.41.192.47
2026-08-24T07:25:57Z INF Retrying connection in up to 1m4s connIndex=0 event=0 ip=198.41.192.47
2026-08-24T07:26:14Z INF Tunnel connection curve preferences: [X25519MLKEM768 CurveID(65074) CurveP256] connIndex=0 event=0 ip=198.41.192.47
2026-08-24T07:26:15Z ERR failed to run the datagram handler error="context canceled" connIndex=0 event=0 ip=198.41.192.47
2026-08-24T07:26:15Z ERR failed to serve tunnel connection error="control stream encountered a failure while serving" connIndex=0 event=0 ip=198.41.192.47
2026-08-24T07:26:15Z ERR Serve tunnel error error="control stream encountered a failure while serving" connIndex=0 event=0 ip=198.41.192.47
2026-08-24T07:26:15Z INF Retrying connection in up to 1m4s connIndex=0 event=0 ip=198.41.192.47
2026-08-24T07:26:32Z INF Tunnel connection curve preferences: [X25519MLKEM768 CurveID(65074) CurveP256] connIndex=0 event=0 ip=198.41.192.47
2026-08-24T07:26:32Z ERR failed to run the datagram handler error="context canceled" connIndex=0 event=0 ip=198.41.192.47
2026-08-24T07:26:32Z ERR failed to serve tunnel connection error="control stream encountered a failure while serving" connIndex=0 event=0 ip=198.41.192.47
2026-08-24T07:26:32Z ERR Serve tunnel error error="control stream encountered a failure while serving" connIndex=0 event=0 ip=198.41.192.47
2026-08-24T07:26:32Z INF Retrying connection in up to 1m4s connIndex=0 event=0 ip=198.41.192.47
2026-08-24T07:27:01Z INF Tunnel connection curve preferences: [X25519MLKEM768 CurveID(65074) CurveP256] connIndex=0 event=0 ip=198.41.192.47
2026-08-24T07:27:01Z ERR failed to run the datagram handler error="context canceled" connIndex=0 event=0 ip=198.41.192.47
2026-08-24T07:27:01Z ERR failed to serve tunnel connection error="control stream encountered a failure while serving" connIndex=0 event=0 ip=198.41.192.47
2026-08-24T07:27:01Z ERR Serve tunnel error error="control stream encountered a failure while serving" connIndex=0 event=0 ip=198.41.192.47
2026-08-24T07:27:01Z INF Retrying connection in up to 1m4s connIndex=0 event=0 ip=198.41.192.47
2026-08-24T07:27:05Z INF Tunnel connection curve preferences: [X25519MLKEM768 CurveID(65074) CurveP256] connIndex=0 event=0 ip=198.41.192.47
2026-08-24T07:27:05Z ERR failed to run the datagram handler error="context canceled" connIndex=0 event=0 ip=198.41.192.47
2026-08-24T07:27:05Z ERR failed to serve tunnel connection error="control stream encountered a failure while serving" connIndex=0 event=0 ip=198.41.192.47
2026-08-24T07:27:05Z ERR Serve tunnel error error="control stream encountered a failure while serving" connIndex=0 event=0 ip=198.41.192.47
2026-08-24T07:27:05Z INF Retrying connection in up to 1m4s connIndex=0 event=0 ip=198.41.192.47
2026-08-24T07:27:11Z INF Tunnel connection curve preferences: [X25519MLKEM768 CurveID(65074) CurveP256] connIndex=0 event=0 ip=198.41.192.47
2026-08-24T07:27:11Z ERR failed to run the datagram handler error="context canceled" connIndex=0 event=0 ip=198.41.192.47
2026-08-24T07:27:11Z ERR failed to serve tunnel connection error="control stream encountered a failure while serving" connIndex=0 event=0 ip=198.41.192.47
2026-08-24T07:27:11Z ERR Serve tunnel error error="control stream encountered a failure while serving" connIndex=0 event=0 ip=198.41.192.47
2026-08-24T07:27:11Z INF Retrying connection in up to 1m4s connIndex=0 event=0 ip=198.41.192.47
2026-08-24T07:27:20Z INF Tunnel connection curve preferences: [X25519MLKEM768 CurveID(65074) CurveP256] connIndex=0 event=0 ip=198.41.192.47
2026-08-24T07:27:20Z ERR failed to run the datagram handler error="context canceled" connIndex=0 event=0 ip=198.41.192.47
2026-08-24T07:27:20Z ERR failed to serve tunnel connection error="control stream encountered a failure while serving" connIndex=0 event=0 ip=198.41.192.47
2026-08-24T07:27:20Z ERR Serve tunnel error error="control stream encountered a failure while serving" connIndex=0 event=0 ip=198.41.192.47
2026-08-24T07:27:20Z INF Retrying connection in up to 1m4s connIndex=0 event=0 ip=198.41.192.47
2026-08-24T07:27:39Z INF Tunnel connection curve preferences: [X25519MLKEM768 CurveID(65074) CurveP256] connIndex=0 event=0 ip=198.41.192.47
2026-08-24T07:27:39Z ERR failed to run the datagram handler error="context canceled" connIndex=0 event=0 ip=198.41.192.47
2026-08-24T07:27:39Z ERR failed to serve tunnel connection error="control stream encountered a failure while serving" connIndex=0 event=0 ip=198.41.192.47
2026-08-24T07:27:39Z ERR Serve tunnel error error="control stream encountered a failure while serving" connIndex=0 event=0 ip=198.41.192.47
2026-08-24T07:27:39Z INF Retrying connection in up to 1m4s connIndex=0 event=0 ip=198.41.192.47
2026-08-24T07:28:01Z INF Tunnel connection curve preferences: [X25519MLKEM768 CurveID(65074) CurveP256] connIndex=0 event=0 ip=198.41.192.47
2026-08-24T07:28:02Z ERR failed to run the datagram handler error="context canceled" connIndex=0 event=0 ip=198.41.192.47
2026-08-24T07:28:02Z ERR failed to serve tunnel connection error="control stream encountered a failure while serving" connIndex=0 event=0 ip=198.41.192.47
2026-08-24T07:28:02Z ERR Serve tunnel error error="control stream encountered a failure while serving" connIndex=0 event=0 ip=198.41.192.47
2026-08-24T07:28:02Z INF Retrying connection in up to 1m4s connIndex=0 event=0 ip=198.41.192.47
2026-08-24T07:28:05Z INF Tunnel connection curve preferences: [X25519MLKEM768 CurveID(65074) CurveP256] connIndex=0 event=0 ip=198.41.192.47
2026-08-24T07:28:05Z ERR failed to run the datagram handler error="context canceled" connIndex=0 event=0 ip=198.41.192.47
2026-08-24T07:28:05Z ERR failed to serve tunnel connection error="control stream encountered a failure while serving" connIndex=0 event=0 ip=198.41.192.47
2026-08-24T07:28:05Z ERR Serve tunnel error error="control stream encountered a failure while serving" connIndex=0 event=0 ip=198.41.192.47
2026-08-24T07:28:05Z INF Retrying connection in up to 1m4s connIndex=0 event=0 ip=198.41.192.47
2026-08-24T07:28:08Z INF Tunnel connection curve preferences: [X25519MLKEM768 CurveID(65074) CurveP256] connIndex=0 event=0 ip=198.41.192.47
2026-08-24T07:28:08Z ERR failed to run the datagram handler error="context canceled" connIndex=0 event=0 ip=198.41.192.47
2026-08-24T07:28:08Z ERR failed to serve tunnel connection error="control stream encountered a failure while serving" connIndex=0 event=0 ip=198.41.192.47
2026-08-24T07:28:08Z ERR Serve tunnel error error="control stream encountered a failure while serving" connIndex=0 event=0 ip=198.41.192.47
2026-08-24T07:28:08Z INF Retrying connection in up to 1m4s connIndex=0 event=0 ip=198.41.192.47
2026-08-24T07:28:17Z INF Tunnel connection curve preferences: [X25519MLKEM768 CurveID(65074) CurveP256] connIndex=0 event=0 ip=198.41.192.47
2026-08-24T07:28:18Z ERR failed to run the datagram handler error="context canceled" connIndex=0 event=0 ip=198.41.192.47
2026-08-24T07:28:18Z ERR failed to serve tunnel connection error="control stream encountered a failure while serving" connIndex=0 event=0 ip=198.41.192.47
2026-08-24T07:28:18Z ERR Serve tunnel error error="control stream encountered a failure while serving" connIndex=0 event=0 ip=198.41.192.47
2026-08-24T07:28:18Z INF Retrying connection in up to 1m4s connIndex=0 event=0 ip=198.41.192.47
2026-08-24T07:28:28Z INF Tunnel connection curve preferences: [X25519MLKEM768 CurveID(65074) CurveP256] connIndex=0 event=0 ip=198.41.192.47
2026-08-24T07:28:29Z ERR failed to run the datagram handler error="context canceled" connIndex=0 event=0 ip=198.41.192.47
2026-08-24T07:28:29Z ERR failed to serve tunnel connection error="control stream encountered a failure while serving" connIndex=0 event=0 ip=198.41.192.47
2026-08-24T07:28:29Z ERR Serve tunnel error error="control stream encountered a failure while serving" connIndex=0 event=0 ip=198.41.192.47
2026-08-24T07:28:29Z INF Retrying connection in up to 1m4s connIndex=0 event=0 ip=198.41.192.47
2026-08-24T07:28:42Z INF Tunnel connection curve preferences: [X25519MLKEM768 CurveID(65074) CurveP256] connIndex=0 event=0 ip=198.41.192.47
2026-08-24T07:28:42Z ERR failed to run the datagram handler error="context canceled" connIndex=0 event=0 ip=198.41.192.47
2026-08-24T07:28:42Z ERR failed to serve tunnel connection error="control stream encountered a failure while serving" connIndex=0 event=0 ip=198.41.192.47
2026-08-24T07:28:42Z ERR Serve tunnel error error="control stream encountered a failure while serving" connIndex=0 event=0 ip=198.41.192.47
2026-08-24T07:28:42Z INF Retrying connection in up to 1m4s connIndex=0 event=0 ip=198.41.192.47
2026-08-24T07:29:11Z INF Tunnel connection curve preferences: [X25519MLKEM768 CurveID(65074) CurveP256] connIndex=0 event=0 ip=198.41.192.47
2026-08-24T07:29:11Z ERR failed to run the datagram handler error="context canceled" connIndex=0 event=0 ip=198.41.192.47
2026-08-24T07:29:11Z ERR failed to serve tunnel connection error="control stream encountered a failure while serving" connIndex=0 event=0 ip=198.41.192.47
2026-08-24T07:29:11Z ERR Serve tunnel error error="control stream encountered a failure while serving" connIndex=0 event=0 ip=198.41.192.47
2026-08-24T07:29:11Z INF Retrying connection in up to 1m4s connIndex=0 event=0 ip=198.41.192.47
2026-08-24T07:29:16Z INF Tunnel connection curve preferences: [X25519MLKEM768 CurveID(65074) CurveP256] connIndex=0 event=0 ip=198.41.192.47
2026-08-24T07:29:16Z ERR failed to run the datagram handler error="context canceled" connIndex=0 event=0 ip=198.41.192.47
2026-08-24T07:29:16Z ERR failed to serve tunnel connection error="control stream encountered a failure while serving" connIndex=0 event=0 ip=198.41.192.47
2026-08-24T07:29:16Z ERR Serve tunnel error error="control stream encountered a failure while serving" connIndex=0 event=0 ip=198.41.192.47
2026-08-24T07:29:16Z INF Retrying connection in up to 1m4s connIndex=0 event=0 ip=198.41.192.47
2026-08-24T07:29:25Z INF Tunnel connection curve preferences: [X25519MLKEM768 CurveID(65074) CurveP256] connIndex=0 event=0 ip=198.41.192.47
2026-08-24T07:29:25Z ERR failed to run the datagram handler error="context canceled" connIndex=0 event=0 ip=198.41.192.47
2026-08-24T07:29:25Z ERR failed to serve tunnel connection error="control stream encountered a failure while serving" connIndex=0 event=0 ip=198.41.192.47
2026-08-24T07:29:25Z ERR Serve tunnel error error="control stream encountered a failure while serving" connIndex=0 event=0 ip=198.41.192.47
2026-08-24T07:29:25Z INF Retrying connection in up to 1m4s connIndex=0 event=0 ip=198.41.192.47
2026-08-24T07:29:26Z INF Tunnel connection curve preferences: [X25519MLKEM768 CurveID(65074) CurveP256] connIndex=0 event=0 ip=198.41.192.47
2026-08-24T07:29:26Z ERR failed to run the datagram handler error="context canceled" connIndex=0 event=0 ip=198.41.192.47
2026-08-24T07:29:26Z ERR failed to serve tunnel connection error="control stream encountered a failure while serving" connIndex=0 event=0 ip=198.41.192.47
2026-08-24T07:29:26Z ERR Serve tunnel error error="control stream encountered a failure while serving" connIndex=0 event=0 ip=198.41.192.47
2026-08-24T07:29:26Z INF Retrying connection in up to 1m4s connIndex=0 event=0 ip=198.41.192.47
2026-08-24T07:29:38Z INF Tunnel connection curve preferences: [X25519MLKEM768 CurveID(65074) CurveP256] connIndex=0 event=0 ip=198.41.192.47
2026-08-24T07:29:38Z ERR failed to run the datagram handler error="context canceled" connIndex=0 event=0 ip=198.41.192.47
2026-08-24T07:29:38Z ERR failed to serve tunnel connection error="control stream encountered a failure while serving" connIndex=0 event=0 ip=198.41.192.47
2026-08-24T07:29:38Z ERR Serve tunnel error error="control stream encountered a failure while serving" connIndex=0 event=0 ip=198.41.192.47
2026-08-24T07:29:38Z INF Retrying connection in up to 1m4s connIndex=0 event=0 ip=198.41.192.47
2026-08-24T07:30:03Z INF Tunnel connection curve preferences: [X25519MLKEM768 CurveID(65074) CurveP256] connIndex=0 event=0 ip=198.41.192.47
2026-08-24T07:30:03Z ERR failed to run the datagram handler error="context canceled" connIndex=0 event=0 ip=198.41.192.47
2026-08-24T07:30:03Z ERR failed to serve tunnel connection error="control stream encountered a failure while serving" connIndex=0 event=0 ip=198.41.192.47
2026-08-24T07:30:03Z ERR Serve tunnel error error="control stream encountered a failure while serving" connIndex=0 event=0 ip=198.41.192.47
2026-08-24T07:30:03Z INF Retrying connection in up to 1m4s connIndex=0 event=0 ip=198.41.192.47
2026-08-24T07:30:06Z INF Tunnel connection curve preferences: [X25519MLKEM768 CurveID(65074) CurveP256] connIndex=0 event=0 ip=198.41.192.47
2026-08-24T07:30:06Z ERR failed to run the datagram handler error="context canceled" connIndex=0 event=0 ip=198.41.192.47
2026-08-24T07:30:06Z ERR failed to serve tunnel connection error="control stream encountered a failure while serving" connIndex=0 event=0 ip=198.41.192.47
2026-08-24T07:30:06Z ERR Serve tunnel error error="control stream encountered a failure while serving" connIndex=0 event=0 ip=198.41.192.47
2026-08-24T07:30:06Z INF Retrying connection in up to 1m4s connIndex=0 event=0 ip=198.41.192.47
2026-08-24T07:30:37Z INF Tunnel connection curve preferences: [X25519MLKEM768 CurveID(65074) CurveP256] connIndex=0 event=0 ip=198.41.192.47
2026-08-24T07:30:37Z ERR failed to run the datagram handler error="context canceled" connIndex=0 event=0 ip=198.41.192.47
2026-08-24T07:30:37Z ERR failed to serve tunnel connection error="control stream encountered a failure while serving" connIndex=0 event=0 ip=198.41.192.47
2026-08-24T07:30:37Z ERR Serve tunnel error error="control stream encountered a failure while serving" connIndex=0 event=0 ip=198.41.192.47
2026-08-24T07:30:37Z INF Retrying connection in up to 1m4s connIndex=0 event=0 ip=198.41.192.47
2026-08-24T07:31:02Z INF Tunnel connection curve preferences: [X25519MLKEM768 CurveID(65074) CurveP256] connIndex=0 event=0 ip=198.41.192.47
2026-08-24T07:31:02Z ERR failed to run the datagram handler error="context canceled" connIndex=0 event=0 ip=198.41.192.47
2026-08-24T07:31:02Z ERR failed to serve tunnel connection error="control stream encountered a failure while serving" connIndex=0 event=0 ip=198.41.192.47
2026-08-24T07:31:02Z ERR Serve tunnel error error="control stream encountered a failure while serving" connIndex=0 event=0 ip=198.41.192.47
2026-08-24T07:31:02Z INF Retrying connection in up to 1m4s connIndex=0 event=0 ip=198.41.192.47
2026-08-24T07:31:18Z INF Tunnel connection curve preferences: [X25519MLKEM768 CurveID(65074) CurveP256] connIndex=0 event=0 ip=198.41.192.47
2026-08-24T07:31:18Z ERR failed to run the datagram handler error="context canceled" connIndex=0 event=0 ip=198.41.192.47
2026-08-24T07:31:18Z ERR failed to serve tunnel connection error="control stream encountered a failure while serving" connIndex=0 event=0 ip=198.41.192.47
2026-08-24T07:31:18Z ERR Serve tunnel error error="control stream encountered a failure while serving" connIndex=0 event=0 ip=198.41.192.47
2026-08-24T07:31:18Z INF Retrying connection in up to 1m4s connIndex=0 event=0 ip=198.41.192.47
2026-08-24T07:31:45Z INF Tunnel connection curve preferences: [X25519MLKEM768 CurveID(65074) CurveP256] connIndex=0 event=0 ip=198.41.192.47
2026-08-24T07:31:45Z ERR failed to run the datagram handler error="context canceled" connIndex=0 event=0 ip=198.41.192.47
2026-08-24T07:31:45Z ERR failed to serve tunnel connection error="control stream encountered a failure while serving" connIndex=0 event=0 ip=198.41.192.47
2026-08-24T07:31:45Z ERR Serve tunnel error error="control stream encountered a failure while serving" connIndex=0 event=0 ip=198.41.192.47
2026-08-24T07:31:45Z INF Retrying connection in up to 1m4s connIndex=0 event=0 ip=198.41.192.47
2026-08-24T07:31:58Z INF Tunnel connection curve preferences: [X25519MLKEM768 CurveID(65074) CurveP256] connIndex=0 event=0 ip=198.41.192.47
2026-08-24T07:31:58Z ERR failed to run the datagram handler error="context canceled" connIndex=0 event=0 ip=198.41.192.47
2026-08-24T07:31:58Z ERR failed to serve tunnel connection error="control stream encountered a failure while serving" connIndex=0 event=0 ip=198.41.192.47
2026-08-24T07:31:58Z ERR Serve tunnel error error="control stream encountered a failure while serving" connIndex=0 event=0 ip=198.41.192.47
2026-08-24T07:31:58Z INF Retrying connection in up to 1m4s connIndex=0 event=0 ip=198.41.192.47
2026-08-24T07:32:09Z INF Tunnel connection curve preferences: [X25519MLKEM768 CurveID(65074) CurveP256] connIndex=0 event=0 ip=198.41.192.47
2026-08-24T07:32:09Z ERR failed to run the datagram handler error="context canceled" connIndex=0 event=0 ip=198.41.192.47
2026-08-24T07:32:09Z ERR failed to serve tunnel connection error="control stream encountered a failure while serving" connIndex=0 event=0 ip=198.41.192.47
2026-08-24T07:32:09Z ERR Serve tunnel error error="control stream encountered a failure while serving" connIndex=0 event=0 ip=198.41.192.47
2026-08-24T07:32:09Z INF Retrying connection in up to 1m4s connIndex=0 event=0 ip=198.41.192.47
2026-08-24T07:32:18Z INF Tunnel connection curve preferences: [X25519MLKEM768 CurveID(65074) CurveP256] connIndex=0 event=0 ip=198.41.192.47
2026-08-24T07:32:18Z ERR failed to run the datagram handler error="context canceled" connIndex=0 event=0 ip=198.41.192.47
2026-08-24T07:32:18Z ERR failed to serve tunnel connection error="control stream encountered a failure while serving" connIndex=0 event=0 ip=198.41.192.47
2026-08-24T07:32:18Z ERR Serve tunnel error error="control stream encountered a failure while serving" connIndex=0 event=0 ip=198.41.192.47
2026-08-24T07:32:18Z INF Retrying connection in up to 1m4s connIndex=0 event=0 ip=198.41.192.47
2026-08-24T07:32:37Z INF Tunnel connection curve preferences: [X25519MLKEM768 CurveID(65074) CurveP256] connIndex=0 event=0 ip=198.41.192.47
2026-08-24T07:32:37Z ERR failed to run the datagram handler error="context canceled" connIndex=0 event=0 ip=198.41.192.47
2026-08-24T07:32:37Z ERR failed to serve tunnel connection error="control stream encountered a failure while serving" connIndex=0 event=0 ip=198.41.192.47
2026-08-24T07:32:37Z ERR Serve tunnel error error="control stream encountered a failure while serving" connIndex=0 event=0 ip=198.41.192.47
2026-08-24T07:32:37Z INF Retrying connection in up to 1m4s connIndex=0 event=0 ip=198.41.192.47
2026-08-24T07:32:40Z INF Tunnel connection curve preferences: [X25519MLKEM768 CurveID(65074) CurveP256] connIndex=0 event=0 ip=198.41.192.47
2026-08-24T07:32:40Z ERR failed to run the datagram handler error="context canceled" connIndex=0 event=0 ip=198.41.192.47
2026-08-24T07:32:40Z ERR failed to serve tunnel connection error="control stream encountered a failure while serving" connIndex=0 event=0 ip=198.41.192.47
2026-08-24T07:32:40Z ERR Serve tunnel error error="control stream encountered a failure while serving" connIndex=0 event=0 ip=198.41.192.47
2026-08-24T07:32:40Z INF Retrying connection in up to 1m4s connIndex=0 event=0 ip=198.41.192.47
2026-08-24T07:32:56Z INF Tunnel connection curve preferences: [X25519MLKEM768 CurveID(65074) CurveP256] connIndex=0 event=0 ip=198.41.192.47
2026-08-24T07:32:57Z ERR failed to run the datagram handler error="context canceled" connIndex=0 event=0 ip=198.41.192.47
2026-08-24T07:32:57Z ERR failed to serve tunnel connection error="control stream encountered a failure while serving" connIndex=0 event=0 ip=198.41.192.47
2026-08-24T07:32:57Z ERR Serve tunnel error error="control stream encountered a failure while serving" connIndex=0 event=0 ip=198.41.192.47
2026-08-24T07:32:57Z INF Retrying connection in up to 1m4s connIndex=0 event=0 ip=198.41.192.47
2026-08-24T07:33:26Z INF Tunnel connection curve preferences: [X25519MLKEM768 CurveID(65074) CurveP256] connIndex=0 event=0 ip=198.41.192.47
2026-08-24T07:33:27Z ERR failed to run the datagram handler error="context canceled" connIndex=0 event=0 ip=198.41.192.47
2026-08-24T07:33:27Z ERR failed to serve tunnel connection error="control stream encountered a failure while serving" connIndex=0 event=0 ip=198.41.192.47
2026-08-24T07:33:27Z ERR Serve tunnel error error="control stream encountered a failure while serving" connIndex=0 event=0 ip=198.41.192.47
2026-08-24T07:33:27Z INF Retrying connection in up to 1m4s connIndex=0 event=0 ip=198.41.192.47
2026-08-24T07:35:31Z INF Tunnel connection curve preferences: [X25519MLKEM768 CurveID(65074) CurveP256] connIndex=0 event=0 ip=198.41.192.47
2026-08-24T07:35:32Z ERR failed to run the datagram handler error="context canceled" connIndex=0 event=0 ip=198.41.192.47
2026-08-24T07:35:32Z ERR failed to serve tunnel connection error="control stream encountered a failure while serving" connIndex=0 event=0 ip=198.41.192.47
2026-08-24T07:35:32Z ERR Serve tunnel error error="control stream encountered a failure while serving" connIndex=0 event=0 ip=198.41.192.47
2026-08-24T07:35:32Z INF Retrying connection in up to 1m4s connIndex=0 event=0 ip=198.41.192.47
2026-08-24T07:35:38Z INF Tunnel connection curve preferences: [X25519MLKEM768 CurveID(65074) CurveP256] connIndex=0 event=0 ip=198.41.192.47
2026-08-24T07:35:46Z ERR failed to run the datagram handler error="context canceled" connIndex=0 event=0 ip=198.41.192.47
2026-08-24T07:35:46Z ERR failed to serve tunnel connection error="control stream encountered a failure while serving" connIndex=0 event=0 ip=198.41.192.47
2026-08-24T07:35:46Z ERR Serve tunnel error error="control stream encountered a failure while serving" connIndex=0 event=0 ip=198.41.192.47
2026-08-24T07:35:46Z INF Retrying connection in up to 1m4s connIndex=0 event=0 ip=198.41.192.47
2026-08-24T07:36:09Z INF Tunnel connection curve preferences: [X25519MLKEM768 CurveID(65074) CurveP256] connIndex=0 event=0 ip=198.41.192.47
2026-08-24T07:36:10Z ERR failed to run the datagram handler error="context canceled" connIndex=0 event=0 ip=198.41.192.47
2026-08-24T07:36:10Z ERR failed to serve tunnel connection error="control stream encountered a failure while serving" connIndex=0 event=0 ip=198.41.192.47
2026-08-24T07:36:10Z ERR Serve tunnel error error="control stream encountered a failure while serving" connIndex=0 event=0 ip=198.41.192.47
2026-08-24T07:36:10Z INF Retrying connection in up to 1m4s connIndex=0 event=0 ip=198.41.192.47
2026-08-24T07:36:11Z INF Tunnel connection curve preferences: [X25519MLKEM768 CurveID(65074) CurveP256] connIndex=0 event=0 ip=198.41.192.47
2026-08-24T07:36:12Z ERR failed to run the datagram handler error="context canceled" connIndex=0 event=0 ip=198.41.192.47
2026-08-24T07:36:12Z ERR failed to serve tunnel connection error="control stream encountered a failure while serving" connIndex=0 event=0 ip=198.41.192.47
2026-08-24T07:36:12Z ERR Serve tunnel error error="control stream encountered a failure while serving" connIndex=0 event=0 ip=198.41.192.47
2026-08-24T07:36:12Z INF Retrying connection in up to 1m4s connIndex=0 event=0 ip=198.41.192.47
2026-08-24T07:36:30Z INF Tunnel connection curve preferences: [X25519MLKEM768 CurveID(65074) CurveP256] connIndex=0 event=0 ip=198.41.192.47
2026-08-24T07:36:30Z ERR failed to run the datagram handler error="context canceled" connIndex=0 event=0 ip=198.41.192.47
2026-08-24T07:36:30Z ERR failed to serve tunnel connection error="control stream encountered a failure while serving" connIndex=0 event=0 ip=198.41.192.47
2026-08-24T07:36:30Z ERR Serve tunnel error error="control stream encountered a failure while serving" connIndex=0 event=0 ip=198.41.192.47
2026-08-24T07:36:30Z INF Retrying connection in up to 1m4s connIndex=0 event=0 ip=198.41.192.47
2026-08-24T07:36:40Z INF Tunnel connection curve preferences: [X25519MLKEM768 CurveID(65074) CurveP256] connIndex=0 event=0 ip=198.41.192.47
2026-08-24T07:36:41Z ERR failed to run the datagram handler error="context canceled" connIndex=0 event=0 ip=198.41.192.47
2026-08-24T07:36:41Z ERR failed to serve tunnel connection error="control stream encountered a failure while serving" connIndex=0 event=0 ip=198.41.192.47
2026-08-24T07:36:41Z ERR Serve tunnel error error="control stream encountered a failure while serving" connIndex=0 event=0 ip=198.41.192.47
2026-08-24T07:36:41Z INF Retrying connection in up to 1m4s connIndex=0 event=0 ip=198.41.192.47
2026-08-24T07:37:02Z INF Tunnel connection curve preferences: [X25519MLKEM768 CurveID(65074) CurveP256] connIndex=0 event=0 ip=198.41.192.47
2026-08-24T07:37:02Z ERR failed to run the datagram handler error="context canceled" connIndex=0 event=0 ip=198.41.192.47
2026-08-24T07:37:02Z ERR failed to serve tunnel connection error="control stream encountered a failure while serving" connIndex=0 event=0 ip=198.41.192.47
2026-08-24T07:37:02Z ERR Serve tunnel error error="control stream encountered a failure while serving" connIndex=0 event=0 ip=198.41.192.47
2026-08-24T07:37:02Z INF Retrying connection in up to 1m4s connIndex=0 event=0 ip=198.41.192.47
2026-08-24T07:37:27Z INF Tunnel connection curve preferences: [X25519MLKEM768 CurveID(65074) CurveP256] connIndex=0 event=0 ip=198.41.192.47
2026-08-24T07:37:27Z ERR failed to run the datagram handler error="context canceled" connIndex=0 event=0 ip=198.41.192.47
2026-08-24T07:37:27Z ERR failed to serve tunnel connection error="control stream encountered a failure while serving" connIndex=0 event=0 ip=198.41.192.47
2026-08-24T07:37:27Z ERR Serve tunnel error error="control stream encountered a failure while serving" connIndex=0 event=0 ip=198.41.192.47
2026-08-24T07:37:27Z INF Retrying connection in up to 1m4s connIndex=0 event=0 ip=198.41.192.47
2026-08-24T07:37:44Z INF Tunnel connection curve preferences: [X25519MLKEM768 CurveID(65074) CurveP256] connIndex=0 event=0 ip=198.41.192.47
2026-08-24T07:37:45Z ERR failed to run the datagram handler error="context canceled" connIndex=0 event=0 ip=198.41.192.47
2026-08-24T07:37:45Z ERR failed to serve tunnel connection error="control stream encountered a failure while serving" connIndex=0 event=0 ip=198.41.192.47
2026-08-24T07:37:45Z ERR Serve tunnel error error="control stream encountered a failure while serving" connIndex=0 event=0 ip=198.41.192.47
2026-08-24T07:37:45Z INF Retrying connection in up to 1m4s connIndex=0 event=0 ip=198.41.192.47
2026-08-24T07:37:58Z INF Tunnel connection curve preferences: [X25519MLKEM768 CurveID(65074) CurveP256] connIndex=0 event=0 ip=198.41.192.47
2026-08-24T07:37:59Z ERR failed to run the datagram handler error="context canceled" connIndex=0 event=0 ip=198.41.192.47
2026-08-24T07:37:59Z ERR failed to serve tunnel connection error="control stream encountered a failure while serving" connIndex=0 event=0 ip=198.41.192.47
2026-08-24T07:37:59Z ERR Serve tunnel error error="control stream encountered a failure while serving" connIndex=0 event=0 ip=198.41.192.47
2026-08-24T07:37:59Z INF Retrying connection in up to 1m4s connIndex=0 event=0 ip=198.41.192.47
2026-08-24T07:38:02Z INF Tunnel connection curve preferences: [X25519MLKEM768 CurveID(65074) CurveP256] connIndex=0 event=0 ip=198.41.192.47
2026-08-24T07:38:03Z ERR failed to run the datagram handler error="context canceled" connIndex=0 event=0 ip=198.41.192.47
2026-08-24T07:38:03Z ERR failed to serve tunnel connection error="control stream encountered a failure while serving" connIndex=0 event=0 ip=198.41.192.47
2026-08-24T07:38:03Z ERR Serve tunnel error error="control stream encountered a failure while serving" connIndex=0 event=0 ip=198.41.192.47
2026-08-24T07:38:03Z INF Retrying connection in up to 1m4s connIndex=0 event=0 ip=198.41.192.47
2026-08-24T07:38:24Z INF Tunnel connection curve preferences: [X25519MLKEM768 CurveID(65074) CurveP256] connIndex=0 event=0 ip=198.41.192.47
2026-08-24T07:38:24Z ERR failed to run the datagram handler error="context canceled" connIndex=0 event=0 ip=198.41.192.47
2026-08-24T07:38:24Z ERR failed to serve tunnel connection error="control stream encountered a failure while serving" connIndex=0 event=0 ip=198.41.192.47
2026-08-24T07:38:24Z ERR Serve tunnel error error="control stream encountered a failure while serving" connIndex=0 event=0 ip=198.41.192.47
2026-08-24T07:38:24Z INF Retrying connection in up to 1m4s connIndex=0 event=0 ip=198.41.192.47
2026-08-24T07:38:44Z INF Tunnel connection curve preferences: [X25519MLKEM768 CurveID(65074) CurveP256] connIndex=0 event=0 ip=198.41.192.47
2026-08-24T07:38:44Z ERR failed to run the datagram handler error="context canceled" connIndex=0 event=0 ip=198.41.192.47
2026-08-24T07:38:44Z ERR failed to serve tunnel connection error="control stream encountered a failure while serving" connIndex=0 event=0 ip=198.41.192.47
2026-08-24T07:38:44Z ERR Serve tunnel error error="control stream encountered a failure while serving" connIndex=0 event=0 ip=198.41.192.47
2026-08-24T07:38:44Z INF Retrying connection in up to 1m4s connIndex=0 event=0 ip=198.41.192.47
2026-08-24T07:39:11Z INF Tunnel connection curve preferences: [X25519MLKEM768 CurveID(65074) CurveP256] connIndex=0 event=0 ip=198.41.192.47
2026-08-24T07:39:12Z ERR failed to run the datagram handler error="context canceled" connIndex=0 event=0 ip=198.41.192.47
2026-08-24T07:39:12Z ERR failed to serve tunnel connection error="control stream encountered a failure while serving" connIndex=0 event=0 ip=198.41.192.47
2026-08-24T07:39:12Z ERR Serve tunnel error error="control stream encountered a failure while serving" connIndex=0 event=0 ip=198.41.192.47
2026-08-24T07:39:12Z INF Retrying connection in up to 1m4s connIndex=0 event=0 ip=198.41.192.47
2026-08-24T07:39:22Z INF Tunnel connection curve preferences: [X25519MLKEM768 CurveID(65074) CurveP256] connIndex=0 event=0 ip=198.41.192.47
2026-08-24T07:39:23Z ERR failed to run the datagram handler error="context canceled" connIndex=0 event=0 ip=198.41.192.47
2026-08-24T07:39:23Z ERR failed to serve tunnel connection error="control stream encountered a failure while serving" connIndex=0 event=0 ip=198.41.192.47
2026-08-24T07:39:23Z ERR Serve tunnel error error="control stream encountered a failure while serving" connIndex=0 event=0 ip=198.41.192.47
2026-08-24T07:39:23Z INF Retrying connection in up to 1m4s connIndex=0 event=0 ip=198.41.192.47
2026-08-24T07:39:24Z INF Tunnel connection curve preferences: [X25519MLKEM768 CurveID(65074) CurveP256] connIndex=0 event=0 ip=198.41.192.47
2026-08-24T07:39:24Z ERR failed to run the datagram handler error="context canceled" connIndex=0 event=0 ip=198.41.192.47
2026-08-24T07:39:24Z ERR failed to serve tunnel connection error="control stream encountered a failure while serving" connIndex=0 event=0 ip=198.41.192.47
2026-08-24T07:39:24Z ERR Serve tunnel error error="control stream encountered a failure while serving" connIndex=0 event=0 ip=198.41.192.47
2026-08-24T07:39:24Z INF Retrying connection in up to 1m4s connIndex=0 event=0 ip=198.41.192.47
2026-08-24T07:39:26Z INF Tunnel connection curve preferences: [X25519MLKEM768 CurveID(65074) CurveP256] connIndex=0 event=0 ip=198.41.192.47
2026-08-24T07:39:27Z ERR failed to run the datagram handler error="context canceled" connIndex=0 event=0 ip=198.41.192.47
2026-08-24T07:39:27Z ERR failed to serve tunnel connection error="control stream encountered a failure while serving" connIndex=0 event=0 ip=198.41.192.47
2026-08-24T07:39:27Z ERR Serve tunnel error error="control stream encountered a failure while serving" connIndex=0 event=0 ip=198.41.192.47
2026-08-24T07:39:27Z INF Retrying connection in up to 1m4s connIndex=0 event=0 ip=198.41.192.47
2026-08-24T07:39:48Z INF Tunnel connection curve preferences: [X25519MLKEM768 CurveID(65074) CurveP256] connIndex=0 event=0 ip=198.41.192.47
2026-08-24T07:39:49Z ERR failed to run the datagram handler error="context canceled" connIndex=0 event=0 ip=198.41.192.47
2026-08-24T07:39:49Z ERR failed to serve tunnel connection error="control stream encountered a failure while serving" connIndex=0 event=0 ip=198.41.192.47
2026-08-24T07:39:49Z ERR Serve tunnel error error="control stream encountered a failure while serving" connIndex=0 event=0 ip=198.41.192.47
2026-08-24T07:39:49Z INF Retrying connection in up to 1m4s connIndex=0 event=0 ip=198.41.192.47
2026-08-24T07:44:37Z INF Tunnel connection curve preferences: [X25519MLKEM768 CurveID(65074) CurveP256] connIndex=0 event=0 ip=198.41.192.47
2026-08-24T07:44:38Z ERR failed to run the datagram handler error="context canceled" connIndex=0 event=0 ip=198.41.192.47
2026-08-24T07:44:38Z ERR failed to serve tunnel connection error="control stream encountered a failure while serving" connIndex=0 event=0 ip=198.41.192.47
2026-08-24T07:44:38Z ERR Serve tunnel error error="control stream encountered a failure while serving" connIndex=0 event=0 ip=198.41.192.47
2026-08-24T07:44:38Z INF Retrying connection in up to 1m4s connIndex=0 event=0 ip=198.41.192.47
2026-08-24T07:44:44Z INF Tunnel connection curve preferences: [X25519MLKEM768 CurveID(65074) CurveP256] connIndex=0 event=0 ip=198.41.192.47
2026-08-24T07:44:46Z ERR failed to run the datagram handler error="context canceled" connIndex=0 event=0 ip=198.41.192.47
2026-08-24T07:44:46Z ERR failed to serve tunnel connection error="control stream encountered a failure while serving" connIndex=0 event=0 ip=198.41.192.47
2026-08-24T07:44:46Z ERR Serve tunnel error error="control stream encountered a failure while serving" connIndex=0 event=0 ip=198.41.192.47
2026-08-24T07:44:46Z INF Retrying connection in up to 1m4s connIndex=0 event=0 ip=198.41.192.47
2026-08-24T07:45:07Z INF Tunnel connection curve preferences: [X25519MLKEM768 CurveID(65074) CurveP256] connIndex=0 event=0 ip=198.41.192.47
2026-08-24T07:45:07Z ERR failed to run the datagram handler error="context canceled" connIndex=0 event=0 ip=198.41.192.47
2026-08-24T07:45:07Z ERR failed to serve tunnel connection error="control stream encountered a failure while serving" connIndex=0 event=0 ip=198.41.192.47
2026-08-24T07:45:07Z ERR Serve tunnel error error="control stream encountered a failure while serving" connIndex=0 event=0 ip=198.41.192.47
2026-08-24T07:45:07Z INF Retrying connection in up to 1m4s connIndex=0 event=0 ip=198.41.192.47
2026-08-24T07:45:16Z INF Tunnel connection curve preferences: [X25519MLKEM768 CurveID(65074) CurveP256] connIndex=0 event=0 ip=198.41.192.47
2026-08-24T07:45:16Z ERR failed to run the datagram handler error="context canceled" connIndex=0 event=0 ip=198.41.192.47
2026-08-24T07:45:16Z ERR failed to serve tunnel connection error="control stream encountered a failure while serving" connIndex=0 event=0 ip=198.41.192.47
2026-08-24T07:45:16Z ERR Serve tunnel error error="control stream encountered a failure while serving" connIndex=0 event=0 ip=198.41.192.47
2026-08-24T07:45:16Z INF Retrying connection in up to 1m4s connIndex=0 event=0 ip=198.41.192.47
2026-08-24T07:45:26Z INF Tunnel connection curve preferences: [X25519MLKEM768 CurveID(65074) CurveP256] connIndex=0 event=0 ip=198.41.192.47
2026-08-24T07:45:26Z ERR failed to run the datagram handler error="context canceled" connIndex=0 event=0 ip=198.41.192.47
2026-08-24T07:45:26Z ERR failed to serve tunnel connection error="control stream encountered a failure while serving" connIndex=0 event=0 ip=198.41.192.47
2026-08-24T07:45:26Z ERR Serve tunnel error error="control stream encountered a failure while serving" connIndex=0 event=0 ip=198.41.192.47
2026-08-24T07:45:26Z INF Retrying connection in up to 1m4s connIndex=0 event=0 ip=198.41.192.47
2026-08-24T07:45:57Z INF Tunnel connection curve preferences: [X25519MLKEM768 CurveID(65074) CurveP256] connIndex=0 event=0 ip=198.41.192.47
2026-08-24T07:45:58Z ERR failed to run the datagram handler error="context canceled" connIndex=0 event=0 ip=198.41.192.47
2026-08-24T07:45:58Z ERR failed to serve tunnel connection error="control stream encountered a failure while serving" connIndex=0 event=0 ip=198.41.192.47
2026-08-24T07:45:58Z ERR Serve tunnel error error="control stream encountered a failure while serving" connIndex=0 event=0 ip=198.41.192.47
2026-08-24T07:45:58Z INF Retrying connection in up to 1m4s connIndex=0 event=0 ip=198.41.192.47
2026-08-24T07:46:02Z INF Tunnel connection curve preferences: [X25519MLKEM768 CurveID(65074) CurveP256] connIndex=0 event=0 ip=198.41.192.47
2026-08-24T07:46:02Z ERR failed to run the datagram handler error="context canceled" connIndex=0 event=0 ip=198.41.192.47
2026-08-24T07:46:02Z ERR failed to serve tunnel connection error="control stream encountered a failure while serving" connIndex=0 event=0 ip=198.41.192.47
2026-08-24T07:46:02Z ERR Serve tunnel error error="control stream encountered a failure while serving" connIndex=0 event=0 ip=198.41.192.47
2026-08-24T07:46:02Z INF Retrying connection in up to 1m4s connIndex=0 event=0 ip=198.41.192.47
2026-08-24T07:46:23Z INF Tunnel connection curve preferences: [X25519MLKEM768 CurveID(65074) CurveP256] connIndex=0 event=0 ip=198.41.192.47
2026-08-24T07:46:23Z ERR failed to run the datagram handler error="context canceled" connIndex=0 event=0 ip=198.41.192.47
2026-08-24T07:46:23Z ERR failed to serve tunnel connection error="control stream encountered a failure while serving" connIndex=0 event=0 ip=198.41.192.47
2026-08-24T07:46:23Z ERR Serve tunnel error error="control stream encountered a failure while serving" connIndex=0 event=0 ip=198.41.192.47
2026-08-24T07:46:23Z INF Retrying connection in up to 1m4s connIndex=0 event=0 ip=198.41.192.47
2026-08-24T07:46:53Z INF Tunnel connection curve preferences: [X25519MLKEM768 CurveID(65074) CurveP256] connIndex=0 event=0 ip=198.41.192.47
2026-08-24T07:46:53Z ERR failed to run the datagram handler error="context canceled" connIndex=0 event=0 ip=198.41.192.47
2026-08-24T07:46:53Z ERR failed to serve tunnel connection error="control stream encountered a failure while serving" connIndex=0 event=0 ip=198.41.192.47
2026-08-24T07:46:53Z ERR Serve tunnel error error="control stream encountered a failure while serving" connIndex=0 event=0 ip=198.41.192.47
2026-08-24T07:46:53Z INF Retrying connection in up to 1m4s connIndex=0 event=0 ip=198.41.192.47
2026-08-24T07:46:58Z INF Tunnel connection curve preferences: [X25519MLKEM768 CurveID(65074) CurveP256] connIndex=0 event=0 ip=198.41.192.47
2026-08-24T07:46:58Z ERR failed to run the datagram handler error="context canceled" connIndex=0 event=0 ip=198.41.192.47
2026-08-24T07:46:58Z ERR failed to serve tunnel connection error="control stream encountered a failure while serving" connIndex=0 event=0 ip=198.41.192.47
2026-08-24T07:46:58Z ERR Serve tunnel error error="control stream encountered a failure while serving" connIndex=0 event=0 ip=198.41.192.47
2026-08-24T07:46:58Z INF Retrying connection in up to 1m4s connIndex=0 event=0 ip=198.41.192.47
2026-08-24T07:47:29Z INF Tunnel connection curve preferences: [X25519MLKEM768 CurveID(65074) CurveP256] connIndex=0 event=0 ip=198.41.192.47
2026-08-24T07:47:29Z ERR failed to run the datagram handler error="context canceled" connIndex=0 event=0 ip=198.41.192.47
2026-08-24T07:47:29Z ERR failed to serve tunnel connection error="control stream encountered a failure while serving" connIndex=0 event=0 ip=198.41.192.47
2026-08-24T07:47:29Z ERR Serve tunnel error error="control stream encountered a failure while serving" connIndex=0 event=0 ip=198.41.192.47
2026-08-24T07:47:29Z INF Retrying connection in up to 1m4s connIndex=0 event=0 ip=198.41.192.47
2026-08-24T07:47:36Z INF Tunnel connection curve preferences: [X25519MLKEM768 CurveID(65074) CurveP256] connIndex=0 event=0 ip=198.41.192.47
2026-08-24T07:47:37Z ERR failed to run the datagram handler error="context canceled" connIndex=0 event=0 ip=198.41.192.47
2026-08-24T07:47:37Z ERR failed to serve tunnel connection error="control stream encountered a failure while serving" connIndex=0 event=0 ip=198.41.192.47
2026-08-24T07:47:37Z ERR Serve tunnel error error="control stream encountered a failure while serving" connIndex=0 event=0 ip=198.41.192.47
2026-08-24T07:47:37Z INF Retrying connection in up to 1m4s connIndex=0 event=0 ip=198.41.192.47
2026-08-24T07:48:06Z INF Tunnel connection curve preferences: [X25519MLKEM768 CurveID(65074) CurveP256] connIndex=0 event=0 ip=198.41.192.47
2026-08-24T07:48:06Z ERR failed to run the datagram handler error="context canceled" connIndex=0 event=0 ip=198.41.192.47
2026-08-24T07:48:06Z ERR failed to serve tunnel connection error="control stream encountered a failure while serving" connIndex=0 event=0 ip=198.41.192.47
2026-08-24T07:48:06Z ERR Serve tunnel error error="control stream encountered a failure while serving" connIndex=0 event=0 ip=198.41.192.47
2026-08-24T07:48:06Z INF Retrying connection in up to 1m4s connIndex=0 event=0 ip=198.41.192.47
2026-08-24T07:48:24Z INF Tunnel connection curve preferences: [X25519MLKEM768 CurveID(65074) CurveP256] connIndex=0 event=0 ip=198.41.192.47
2026-08-24T07:48:24Z ERR failed to run the datagram handler error="context canceled" connIndex=0 event=0 ip=198.41.192.47
2026-08-24T07:48:25Z ERR failed to serve tunnel connection error="control stream encountered a failure while serving" connIndex=0 event=0 ip=198.41.192.47
2026-08-24T07:48:25Z ERR Serve tunnel error error="control stream encountered a failure while serving" connIndex=0 event=0 ip=198.41.192.47
2026-08-24T07:48:25Z INF Retrying connection in up to 1m4s connIndex=0 event=0 ip=198.41.192.47
2026-08-24T07:48:54Z INF Tunnel connection curve preferences: [X25519MLKEM768 CurveID(65074) CurveP256] connIndex=0 event=0 ip=198.41.192.47
2026-08-24T07:48:56Z ERR failed to run the datagram handler error="context canceled" connIndex=0 event=0 ip=198.41.192.47
2026-08-24T07:48:56Z ERR failed to serve tunnel connection error="control stream encountered a failure while serving" connIndex=0 event=0 ip=198.41.192.47
2026-08-24T07:48:56Z ERR Serve tunnel error error="control stream encountered a failure while serving" connIndex=0 event=0 ip=198.41.192.47
2026-08-24T07:48:56Z INF Retrying connection in up to 1m4s connIndex=0 event=0 ip=198.41.192.47
2026-08-24T07:49:03Z INF Tunnel connection curve preferences: [X25519MLKEM768 CurveID(65074) CurveP256] connIndex=0 event=0 ip=198.41.192.47
2026-08-24T07:49:03Z ERR failed to run the datagram handler error="context canceled" connIndex=0 event=0 ip=198.41.192.47
2026-08-24T07:49:03Z ERR failed to serve tunnel connection error="control stream encountered a failure while serving" connIndex=0 event=0 ip=198.41.192.47
2026-08-24T07:49:03Z ERR Serve tunnel error error="control stream encountered a failure while serving" connIndex=0 event=0 ip=198.41.192.47
2026-08-24T07:49:03Z INF Retrying connection in up to 1m4s connIndex=0 event=0 ip=198.41.192.47
2026-08-24T07:49:11Z INF Tunnel connection curve preferences: [X25519MLKEM768 CurveID(65074) CurveP256] connIndex=0 event=0 ip=198.41.192.47
2026-08-24T07:49:12Z ERR failed to run the datagram handler error="context canceled" connIndex=0 event=0 ip=198.41.192.47
2026-08-24T07:49:12Z ERR failed to serve tunnel connection error="control stream encountered a failure while serving" connIndex=0 event=0 ip=198.41.192.47
2026-08-24T07:49:12Z ERR Serve tunnel error error="control stream encountered a failure while serving" connIndex=0 event=0 ip=198.41.192.47
2026-08-24T07:49:12Z INF Retrying connection in up to 1m4s connIndex=0 event=0 ip=198.41.192.47
2026-08-24T07:49:24Z INF Tunnel connection curve preferences: [X25519MLKEM768 CurveID(65074) CurveP256] connIndex=0 event=0 ip=198.41.192.47
2026-08-24T07:49:24Z ERR failed to run the datagram handler error="context canceled" connIndex=0 event=0 ip=198.41.192.47
2026-08-24T07:49:24Z ERR failed to serve tunnel connection error="control stream encountered a failure while serving" connIndex=0 event=0 ip=198.41.192.47
2026-08-24T07:49:24Z ERR Serve tunnel error error="control stream encountered a failure while serving" connIndex=0 event=0 ip=198.41.192.47
2026-08-24T07:49:24Z INF Retrying connection in up to 1m4s connIndex=0 event=0 ip=198.41.192.47
2026-08-24T07:49:36Z INF Tunnel connection curve preferences: [X25519MLKEM768 CurveID(65074) CurveP256] connIndex=0 event=0 ip=198.41.192.47
2026-08-24T07:49:37Z ERR failed to run the datagram handler error="context canceled" connIndex=0 event=0 ip=198.41.192.47
2026-08-24T07:49:37Z ERR failed to serve tunnel connection error="control stream encountered a failure while serving" connIndex=0 event=0 ip=198.41.192.47
2026-08-24T07:49:37Z ERR Serve tunnel error error="control stream encountered a failure while serving" connIndex=0 event=0 ip=198.41.192.47
2026-08-24T07:49:37Z INF Retrying connection in up to 1m4s connIndex=0 event=0 ip=198.41.192.47
2026-08-24T07:49:40Z INF Tunnel connection curve preferences: [X25519MLKEM768 CurveID(65074) CurveP256] connIndex=0 event=0 ip=198.41.192.47
2026-08-24T07:49:40Z ERR failed to run the datagram handler error="context canceled" connIndex=0 event=0 ip=198.41.192.47
2026-08-24T07:49:40Z ERR failed to serve tunnel connection error="control stream encountered a failure while serving" connIndex=0 event=0 ip=198.41.192.47
2026-08-24T07:49:40Z ERR Serve tunnel error error="control stream encountered a failure while serving" connIndex=0 event=0 ip=198.41.192.47
2026-08-24T07:49:40Z INF Retrying connection in up to 1m4s connIndex=0 event=0 ip=198.41.192.47
2026-08-24T07:50:11Z INF Tunnel connection curve preferences: [X25519MLKEM768 CurveID(65074) CurveP256] connIndex=0 event=0 ip=198.41.192.47
2026-08-24T07:50:11Z ERR failed to run the datagram handler error="context canceled" connIndex=0 event=0 ip=198.41.192.47
2026-08-24T07:50:11Z ERR failed to serve tunnel connection error="control stream encountered a failure while serving" connIndex=0 event=0 ip=198.41.192.47
2026-08-24T07:50:11Z ERR Serve tunnel error error="control stream encountered a failure while serving" connIndex=0 event=0 ip=198.41.192.47
2026-08-24T07:50:11Z INF Retrying connection in up to 1m4s connIndex=0 event=0 ip=198.41.192.47
2026-08-24T07:50:39Z INF Tunnel connection curve preferences: [X25519MLKEM768 CurveID(65074) CurveP256] connIndex=0 event=0 ip=198.41.192.47
2026-08-24T07:50:39Z ERR failed to run the datagram handler error="context canceled" connIndex=0 event=0 ip=198.41.192.47
2026-08-24T07:50:39Z ERR failed to serve tunnel connection error="control stream encountered a failure while serving" connIndex=0 event=0 ip=198.41.192.47
2026-08-24T07:50:39Z ERR Serve tunnel error error="control stream encountered a failure while serving" connIndex=0 event=0 ip=198.41.192.47
2026-08-24T07:50:39Z INF Retrying connection in up to 1m4s connIndex=0 event=0 ip=198.41.192.47
2026-08-24T07:50:58Z INF Tunnel connection curve preferences: [X25519MLKEM768 CurveID(65074) CurveP256] connIndex=0 event=0 ip=198.41.192.47
2026-08-24T07:50:58Z ERR failed to run the datagram handler error="context canceled" connIndex=0 event=0 ip=198.41.192.47
2026-08-24T07:50:58Z ERR failed to serve tunnel connection error="control stream encountered a failure while serving" connIndex=0 event=0 ip=198.41.192.47
2026-08-24T07:50:58Z ERR Serve tunnel error error="control stream encountered a failure while serving" connIndex=0 event=0 ip=198.41.192.47
2026-08-24T07:50:58Z INF Retrying connection in up to 1m4s connIndex=0 event=0 ip=198.41.192.47
2026-08-24T07:51:07Z INF Tunnel connection curve preferences: [X25519MLKEM768 CurveID(65074) CurveP256] connIndex=0 event=0 ip=198.41.192.47
2026-08-24T07:51:07Z ERR failed to run the datagram handler error="context canceled" connIndex=0 event=0 ip=198.41.192.47
2026-08-24T07:51:07Z ERR failed to serve tunnel connection error="control stream encountered a failure while serving" connIndex=0 event=0 ip=198.41.192.47
2026-08-24T07:51:07Z ERR Serve tunnel error error="control stream encountered a failure while serving" connIndex=0 event=0 ip=198.41.192.47
2026-08-24T07:51:07Z INF Retrying connection in up to 1m4s connIndex=0 event=0 ip=198.41.192.47
2026-08-24T07:51:12Z INF Tunnel connection curve preferences: [X25519MLKEM768 CurveID(65074) CurveP256] connIndex=0 event=0 ip=198.41.192.47
2026-08-24T07:51:12Z ERR failed to run the datagram handler error="context canceled" connIndex=0 event=0 ip=198.41.192.47
2026-08-24T07:51:12Z ERR failed to serve tunnel connection error="control stream encountered a failure while serving" connIndex=0 event=0 ip=198.41.192.47
2026-08-24T07:51:12Z ERR Serve tunnel error error="control stream encountered a failure while serving" connIndex=0 event=0 ip=198.41.192.47
2026-08-24T07:51:12Z INF Retrying connection in up to 1m4s connIndex=0 event=0 ip=198.41.192.47
2026-08-24T07:51:43Z INF Tunnel connection curve preferences: [X25519MLKEM768 CurveID(65074) CurveP256] connIndex=0 event=0 ip=198.41.192.47
2026-08-24T07:51:43Z ERR failed to run the datagram handler error="context canceled" connIndex=0 event=0 ip=198.41.192.47
2026-08-24T07:51:43Z ERR failed to serve tunnel connection error="control stream encountered a failure while serving" connIndex=0 event=0 ip=198.41.192.47
2026-08-24T07:51:43Z ERR Serve tunnel error error="control stream encountered a failure while serving" connIndex=0 event=0 ip=198.41.192.47
2026-08-24T07:51:43Z INF Retrying connection in up to 1m4s connIndex=0 event=0 ip=198.41.192.47
2026-08-24T07:52:07Z INF Tunnel connection curve preferences: [X25519MLKEM768 CurveID(65074) CurveP256] connIndex=0 event=0 ip=198.41.192.47
2026-08-24T07:52:07Z ERR failed to run the datagram handler error="context canceled" connIndex=0 event=0 ip=198.41.192.47
2026-08-24T07:52:07Z ERR failed to serve tunnel connection error="control stream encountered a failure while serving" connIndex=0 event=0 ip=198.41.192.47
2026-08-24T07:52:07Z ERR Serve tunnel error error="control stream encountered a failure while serving" connIndex=0 event=0 ip=198.41.192.47
2026-08-24T07:52:07Z INF Retrying connection in up to 1m4s connIndex=0 event=0 ip=198.41.192.47
2026-08-24T07:52:22Z INF Tunnel connection curve preferences: [X25519MLKEM768 CurveID(65074) CurveP256] connIndex=0 event=0 ip=198.41.192.47
2026-08-24T07:52:22Z ERR failed to run the datagram handler error="context canceled" connIndex=0 event=0 ip=198.41.192.47
2026-08-24T07:52:22Z ERR failed to serve tunnel connection error="control stream encountered a failure while serving" connIndex=0 event=0 ip=198.41.192.47
2026-08-24T07:52:22Z ERR Serve tunnel error error="control stream encountered a failure while serving" connIndex=0 event=0 ip=198.41.192.47
2026-08-24T07:52:22Z INF Retrying connection in up to 1m4s connIndex=0 event=0 ip=198.41.192.47
2026-08-24T07:52:47Z INF Tunnel connection curve preferences: [X25519MLKEM768 CurveID(65074) CurveP256] connIndex=0 event=0 ip=198.41.192.47
2026-08-24T07:52:47Z ERR failed to run the datagram handler error="context canceled" connIndex=0 event=0 ip=198.41.192.47
2026-08-24T07:52:47Z ERR failed to serve tunnel connection error="control stream encountered a failure while serving" connIndex=0 event=0 ip=198.41.192.47
2026-08-24T07:52:47Z ERR Serve tunnel error error="control stream encountered a failure while serving" connIndex=0 event=0 ip=198.41.192.47
2026-08-24T07:52:47Z INF Retrying connection in up to 1m4s connIndex=0 event=0 ip=198.41.192.47
2026-08-24T07:53:04Z INF Tunnel connection curve preferences: [X25519MLKEM768 CurveID(65074) CurveP256] connIndex=0 event=0 ip=198.41.192.47
2026-08-24T07:53:04Z ERR failed to run the datagram handler error="context canceled" connIndex=0 event=0 ip=198.41.192.47
2026-08-24T07:53:04Z ERR failed to serve tunnel connection error="control stream encountered a failure while serving" connIndex=0 event=0 ip=198.41.192.47
2026-08-24T07:53:04Z ERR Serve tunnel error error="control stream encountered a failure while serving" connIndex=0 event=0 ip=198.41.192.47
2026-08-24T07:53:04Z INF Retrying connection in up to 1m4s connIndex=0 event=0 ip=198.41.192.47
2026-08-24T07:54:37Z INF Tunnel connection curve preferences: [X25519MLKEM768 CurveID(65074) CurveP256] connIndex=0 event=0 ip=198.41.192.47
2026-08-24T07:54:39Z ERR failed to run the datagram handler error="context canceled" connIndex=0 event=0 ip=198.41.192.47
2026-08-24T07:54:39Z ERR failed to serve tunnel connection error="control stream encountered a failure while serving" connIndex=0 event=0 ip=198.41.192.47
2026-08-24T07:54:39Z ERR Serve tunnel error error="control stream encountered a failure while serving" connIndex=0 event=0 ip=198.41.192.47
2026-08-24T07:54:39Z INF Retrying connection in up to 1m4s connIndex=0 event=0 ip=198.41.192.47
2026-08-24T07:55:07Z INF Tunnel connection curve preferences: [X25519MLKEM768 CurveID(65074) CurveP256] connIndex=0 event=0 ip=198.41.192.47
2026-08-24T07:55:08Z ERR failed to run the datagram handler error="context canceled" connIndex=0 event=0 ip=198.41.192.47
2026-08-24T07:55:08Z ERR failed to serve tunnel connection error="control stream encountered a failure while serving" connIndex=0 event=0 ip=198.41.192.47
2026-08-24T07:55:08Z ERR Serve tunnel error error="control stream encountered a failure while serving" connIndex=0 event=0 ip=198.41.192.47
2026-08-24T07:55:08Z INF Retrying connection in up to 1m4s connIndex=0 event=0 ip=198.41.192.47
2026-08-24T07:55:28Z INF Tunnel connection curve preferences: [X25519MLKEM768 CurveID(65074) CurveP256] connIndex=0 event=0 ip=198.41.192.47
2026-08-24T07:55:31Z ERR failed to run the datagram handler error="context canceled" connIndex=0 event=0 ip=198.41.192.47
2026-08-24T07:55:31Z ERR failed to serve tunnel connection error="control stream encountered a failure while serving" connIndex=0 event=0 ip=198.41.192.47
2026-08-24T07:55:31Z ERR Serve tunnel error error="control stream encountered a failure while serving" connIndex=0 event=0 ip=198.41.192.47
2026-08-24T07:55:31Z INF Retrying connection in up to 1m4s connIndex=0 event=0 ip=198.41.192.47
2026-08-24T07:56:07Z INF Tunnel connection curve preferences: [X25519MLKEM768 CurveID(65074) CurveP256] connIndex=0 event=0 ip=198.41.192.47
2026-08-24T07:56:07Z ERR failed to run the datagram handler error="context canceled" connIndex=0 event=0 ip=198.41.192.47
2026-08-24T07:56:07Z ERR failed to serve tunnel connection error="control stream encountered a failure while serving" connIndex=0 event=0 ip=198.41.192.47
2026-08-24T07:56:07Z ERR Serve tunnel error error="control stream encountered a failure while serving" connIndex=0 event=0 ip=198.41.192.47
2026-08-24T07:56:07Z INF Retrying connection in up to 1m4s connIndex=0 event=0 ip=198.41.192.47
2026-08-24T07:56:30Z INF Tunnel connection curve preferences: [X25519MLKEM768 CurveID(65074) CurveP256] connIndex=0 event=0 ip=198.41.192.47
2026-08-24T07:56:30Z ERR failed to run the datagram handler error="context canceled" connIndex=0 event=0 ip=198.41.192.47
2026-08-24T07:56:30Z ERR failed to serve tunnel connection error="control stream encountered a failure while serving" connIndex=0 event=0 ip=198.41.192.47
2026-08-24T07:56:30Z ERR Serve tunnel error error="control stream encountered a failure while serving" connIndex=0 event=0 ip=198.41.192.47
2026-08-24T07:56:30Z INF Retrying connection in up to 1m4s connIndex=0 event=0 ip=198.41.192.47
2026-08-24T08:01:39Z INF Tunnel connection curve preferences: [X25519MLKEM768 CurveID(65074) CurveP256] connIndex=0 event=0 ip=198.41.192.47
2026-08-24T08:01:39Z ERR failed to run the datagram handler error="context canceled" connIndex=0 event=0 ip=198.41.192.47
2026-08-24T08:01:39Z ERR failed to serve tunnel connection error="control stream encountered a failure while serving" connIndex=0 event=0 ip=198.41.192.47
2026-08-24T08:01:39Z ERR Serve tunnel error error="control stream encountered a failure while serving" connIndex=0 event=0 ip=198.41.192.47
2026-08-24T08:01:39Z INF Retrying connection in up to 1m4s connIndex=0 event=0 ip=198.41.192.47
2026-08-24T08:01:46Z INF Tunnel connection curve preferences: [X25519MLKEM768 CurveID(65074) CurveP256] connIndex=0 event=0 ip=198.41.192.47
2026-08-24T08:01:46Z ERR failed to run the datagram handler error="context canceled" connIndex=0 event=0 ip=198.41.192.47
2026-08-24T08:01:46Z ERR failed to serve tunnel connection error="control stream encountered a failure while serving" connIndex=0 event=0 ip=198.41.192.47
2026-08-24T08:01:46Z ERR Serve tunnel error error="control stream encountered a failure while serving" connIndex=0 event=0 ip=198.41.192.47
2026-08-24T08:01:46Z INF Retrying connection in up to 1m4s connIndex=0 event=0 ip=198.41.192.47
2026-08-24T08:11:48Z INF Tunnel connection curve preferences: [X25519MLKEM768 CurveID(65074) CurveP256] connIndex=0 event=0 ip=198.41.192.47
2026-08-24T08:11:49Z ERR failed to run the datagram handler error="context canceled" connIndex=0 event=0 ip=198.41.192.47
2026-08-24T08:11:49Z ERR failed to serve tunnel connection error="control stream encountered a failure while serving" connIndex=0 event=0 ip=198.41.192.47
2026-08-24T08:11:49Z ERR Serve tunnel error error="control stream encountered a failure while serving" connIndex=0 event=0 ip=198.41.192.47
2026-08-24T08:11:49Z INF Retrying connection in up to 1m4s connIndex=0 event=0 ip=198.41.192.47
2026-08-24T08:11:50Z INF Tunnel connection curve preferences: [X25519MLKEM768 CurveID(65074) CurveP256] connIndex=0 event=0 ip=198.41.192.47
2026-08-24T08:11:50Z ERR failed to run the datagram handler error="context canceled" connIndex=0 event=0 ip=198.41.192.47
2026-08-24T08:11:50Z ERR failed to serve tunnel connection error="control stream encountered a failure while serving" connIndex=0 event=0 ip=198.41.192.47
2026-08-24T08:11:50Z ERR Serve tunnel error error="control stream encountered a failure while serving" connIndex=0 event=0 ip=198.41.192.47
2026-08-24T08:11:50Z INF Retrying connection in up to 1m4s connIndex=0 event=0 ip=198.41.192.47
2026-08-24T08:12:05Z INF Tunnel connection curve preferences: [X25519MLKEM768 CurveID(65074) CurveP256] connIndex=0 event=0 ip=198.41.192.47
2026-08-24T08:12:05Z ERR failed to run the datagram handler error="context canceled" connIndex=0 event=0 ip=198.41.192.47
2026-08-24T08:12:05Z ERR failed to serve tunnel connection error="control stream encountered a failure while serving" connIndex=0 event=0 ip=198.41.192.47
2026-08-24T08:12:05Z ERR Serve tunnel error error="control stream encountered a failure while serving" connIndex=0 event=0 ip=198.41.192.47
2026-08-24T08:12:05Z INF Retrying connection in up to 1m4s connIndex=0 event=0 ip=198.41.192.47
2026-08-24T08:12:24Z INF Tunnel connection curve preferences: [X25519MLKEM768 CurveID(65074) CurveP256] connIndex=0 event=0 ip=198.41.192.47
2026-08-24T08:12:24Z ERR failed to run the datagram handler error="context canceled" connIndex=0 event=0 ip=198.41.192.47
2026-08-24T08:12:24Z ERR failed to serve tunnel connection error="control stream encountered a failure while serving" connIndex=0 event=0 ip=198.41.192.47
2026-08-24T08:12:24Z ERR Serve tunnel error error="control stream encountered a failure while serving" connIndex=0 event=0 ip=198.41.192.47
2026-08-24T08:12:24Z INF Retrying connection in up to 1m4s connIndex=0 event=0 ip=198.41.192.47
2026-08-24T08:12:51Z INF Tunnel connection curve preferences: [X25519MLKEM768 CurveID(65074) CurveP256] connIndex=0 event=0 ip=198.41.192.47
2026-08-24T08:12:51Z ERR failed to run the datagram handler error="context canceled" connIndex=0 event=0 ip=198.41.192.47
2026-08-24T08:12:51Z ERR failed to serve tunnel connection error="control stream encountered a failure while serving" connIndex=0 event=0 ip=198.41.192.47
2026-08-24T08:12:51Z ERR Serve tunnel error error="control stream encountered a failure while serving" connIndex=0 event=0 ip=198.41.192.47
2026-08-24T08:12:51Z INF Retrying connection in up to 1m4s connIndex=0 event=0 ip=198.41.192.47
2026-08-24T08:13:03Z INF Tunnel connection curve preferences: [X25519MLKEM768 CurveID(65074) CurveP256] connIndex=0 event=0 ip=198.41.192.47
2026-08-24T08:13:03Z ERR failed to run the datagram handler error="context canceled" connIndex=0 event=0 ip=198.41.192.47
2026-08-24T08:13:03Z ERR failed to serve tunnel connection error="control stream encountered a failure while serving" connIndex=0 event=0 ip=198.41.192.47
2026-08-24T08:13:03Z ERR Serve tunnel error error="control stream encountered a failure while serving" connIndex=0 event=0 ip=198.41.192.47
2026-08-24T08:13:03Z INF Retrying connection in up to 1m4s connIndex=0 event=0 ip=198.41.192.47
2026-08-24T08:13:21Z INF Tunnel connection curve preferences: [X25519MLKEM768 CurveID(65074) CurveP256] connIndex=0 event=0 ip=198.41.192.47
2026-08-24T08:13:21Z ERR failed to run the datagram handler error="context canceled" connIndex=0 event=0 ip=198.41.192.47
2026-08-24T08:13:21Z ERR failed to serve tunnel connection error="control stream encountered a failure while serving" connIndex=0 event=0 ip=198.41.192.47
2026-08-24T08:13:21Z ERR Serve tunnel error error="control stream encountered a failure while serving" connIndex=0 event=0 ip=198.41.192.47
2026-08-24T08:13:21Z INF Retrying connection in up to 1m4s connIndex=0 event=0 ip=198.41.192.47
2026-08-24T08:13:29Z INF Tunnel connection curve preferences: [X25519MLKEM768 CurveID(65074) CurveP256] connIndex=0 event=0 ip=198.41.192.47
2026-08-24T08:13:29Z ERR failed to run the datagram handler error="context canceled" connIndex=0 event=0 ip=198.41.192.47
2026-08-24T08:13:29Z ERR failed to serve tunnel connection error="control stream encountered a failure while serving" connIndex=0 event=0 ip=198.41.192.47
2026-08-24T08:13:29Z ERR Serve tunnel error error="control stream encountered a failure while serving" connIndex=0 event=0 ip=198.41.192.47
2026-08-24T08:13:29Z INF Retrying connection in up to 1m4s connIndex=0 event=0 ip=198.41.192.47
2026-08-24T08:13:50Z INF Tunnel connection curve preferences: [X25519MLKEM768 CurveID(65074) CurveP256] connIndex=0 event=0 ip=198.41.192.47
2026-08-24T08:13:50Z ERR failed to run the datagram handler error="context canceled" connIndex=0 event=0 ip=198.41.192.47
2026-08-24T08:13:50Z ERR failed to serve tunnel connection error="control stream encountered a failure while serving" connIndex=0 event=0 ip=198.41.192.47
2026-08-24T08:13:50Z ERR Serve tunnel error error="control stream encountered a failure while serving" connIndex=0 event=0 ip=198.41.192.47
2026-08-24T08:13:50Z INF Retrying connection in up to 1m4s connIndex=0 event=0 ip=198.41.192.47
2026-08-24T08:14:22Z INF Tunnel connection curve preferences: [X25519MLKEM768 CurveID(65074) CurveP256] connIndex=0 event=0 ip=198.41.192.47
2026-08-24T08:14:22Z ERR failed to run the datagram handler error="context canceled" connIndex=0 event=0 ip=198.41.192.47
2026-08-24T08:14:22Z ERR failed to serve tunnel connection error="control stream encountered a failure while serving" connIndex=0 event=0 ip=198.41.192.47
2026-08-24T08:14:22Z ERR Serve tunnel error error="control stream encountered a failure while serving" connIndex=0 event=0 ip=198.41.192.47
2026-08-24T08:14:22Z INF Retrying connection in up to 1m4s connIndex=0 event=0 ip=198.41.192.47
2026-08-24T08:14:45Z INF Tunnel connection curve preferences: [X25519MLKEM768 CurveID(65074) CurveP256] connIndex=0 event=0 ip=198.41.192.47
2026-08-24T08:14:45Z ERR failed to run the datagram handler error="context canceled" connIndex=0 event=0 ip=198.41.192.47
2026-08-24T08:14:45Z ERR failed to serve tunnel connection error="control stream encountered a failure while serving" connIndex=0 event=0 ip=198.41.192.47
2026-08-24T08:14:45Z ERR Serve tunnel error error="control stream encountered a failure while serving" connIndex=0 event=0 ip=198.41.192.47
2026-08-24T08:14:45Z INF Retrying connection in up to 1m4s connIndex=0 event=0 ip=198.41.192.47
2026-08-24T08:14:59Z INF Tunnel connection curve preferences: [X25519MLKEM768 CurveID(65074) CurveP256] connIndex=0 event=0 ip=198.41.192.47
2026-08-24T08:14:59Z ERR failed to run the datagram handler error="context canceled" connIndex=0 event=0 ip=198.41.192.47
2026-08-24T08:14:59Z ERR failed to serve tunnel connection error="control stream encountered a failure while serving" connIndex=0 event=0 ip=198.41.192.47
2026-08-24T08:14:59Z ERR Serve tunnel error error="control stream encountered a failure while serving" connIndex=0 event=0 ip=198.41.192.47
2026-08-24T08:14:59Z INF Retrying connection in up to 1m4s connIndex=0 event=0 ip=198.41.192.47
2026-08-24T08:15:11Z INF Tunnel connection curve preferences: [X25519MLKEM768 CurveID(65074) CurveP256] connIndex=0 event=0 ip=198.41.192.47
2026-08-24T08:15:11Z ERR failed to run the datagram handler error="context canceled" connIndex=0 event=0 ip=198.41.192.47
2026-08-24T08:15:11Z ERR failed to serve tunnel connection error="control stream encountered a failure while serving" connIndex=0 event=0 ip=198.41.192.47
2026-08-24T08:15:11Z ERR Serve tunnel error error="control stream encountered a failure while serving" connIndex=0 event=0 ip=198.41.192.47
2026-08-24T08:15:11Z INF Retrying connection in up to 1m4s connIndex=0 event=0 ip=198.41.192.47
2026-08-24T08:15:26Z INF Tunnel connection curve preferences: [X25519MLKEM768 CurveID(65074) CurveP256] connIndex=0 event=0 ip=198.41.192.47
2026-08-24T08:15:26Z ERR failed to run the datagram handler error="context canceled" connIndex=0 event=0 ip=198.41.192.47
2026-08-24T08:15:26Z ERR failed to serve tunnel connection error="control stream encountered a failure while serving" connIndex=0 event=0 ip=198.41.192.47
2026-08-24T08:15:26Z ERR Serve tunnel error error="control stream encountered a failure while serving" connIndex=0 event=0 ip=198.41.192.47
2026-08-24T08:15:26Z INF Retrying connection in up to 1m4s connIndex=0 event=0 ip=198.41.192.47
2026-08-24T08:15:28Z INF Tunnel connection curve preferences: [X25519MLKEM768 CurveID(65074) CurveP256] connIndex=0 event=0 ip=198.41.192.47
2026-08-24T08:15:28Z ERR failed to run the datagram handler error="context canceled" connIndex=0 event=0 ip=198.41.192.47
2026-08-24T08:15:28Z ERR failed to serve tunnel connection error="control stream encountered a failure while serving" connIndex=0 event=0 ip=198.41.192.47
2026-08-24T08:15:28Z ERR Serve tunnel error error="control stream encountered a failure while serving" connIndex=0 event=0 ip=198.41.192.47
2026-08-24T08:15:28Z INF Retrying connection in up to 1m4s connIndex=0 event=0 ip=198.41.192.47
2026-08-24T08:15:51Z INF Tunnel connection curve preferences: [X25519MLKEM768 CurveID(65074) CurveP256] connIndex=0 event=0 ip=198.41.192.47
2026-08-24T08:15:51Z ERR failed to run the datagram handler error="context canceled" connIndex=0 event=0 ip=198.41.192.47
2026-08-24T08:15:51Z ERR failed to serve tunnel connection error="control stream encountered a failure while serving" connIndex=0 event=0 ip=198.41.192.47
2026-08-24T08:15:51Z ERR Serve tunnel error error="control stream encountered a failure while serving" connIndex=0 event=0 ip=198.41.192.47
2026-08-24T08:15:51Z INF Retrying connection in up to 1m4s connIndex=0 event=0 ip=198.41.192.47
2026-08-24T08:15:52Z INF Tunnel connection curve preferences: [X25519MLKEM768 CurveID(65074) CurveP256] connIndex=0 event=0 ip=198.41.192.47
2026-08-24T08:15:52Z ERR failed to run the datagram handler error="context canceled" connIndex=0 event=0 ip=198.41.192.47
2026-08-24T08:15:52Z ERR failed to serve tunnel connection error="control stream encountered a failure while serving" connIndex=0 event=0 ip=198.41.192.47
2026-08-24T08:15:52Z ERR Serve tunnel error error="control stream encountered a failure while serving" connIndex=0 event=0 ip=198.41.192.47
2026-08-24T08:15:52Z INF Retrying connection in up to 1m4s connIndex=0 event=0 ip=198.41.192.47
2026-08-24T08:16:02Z INF Tunnel connection curve preferences: [X25519MLKEM768 CurveID(65074) CurveP256] connIndex=0 event=0 ip=198.41.192.47
2026-08-24T08:16:03Z ERR failed to run the datagram handler error="context canceled" connIndex=0 event=0 ip=198.41.192.47
2026-08-24T08:16:03Z ERR failed to serve tunnel connection error="control stream encountered a failure while serving" connIndex=0 event=0 ip=198.41.192.47
2026-08-24T08:16:03Z ERR Serve tunnel error error="control stream encountered a failure while serving" connIndex=0 event=0 ip=198.41.192.47
2026-08-24T08:16:03Z INF Retrying connection in up to 1m4s connIndex=0 event=0 ip=198.41.192.47
2026-08-24T08:16:14Z INF Tunnel connection curve preferences: [X25519MLKEM768 CurveID(65074) CurveP256] connIndex=0 event=0 ip=198.41.192.47
2026-08-24T08:16:14Z ERR failed to run the datagram handler error="context canceled" connIndex=0 event=0 ip=198.41.192.47
2026-08-24T08:16:14Z ERR failed to serve tunnel connection error="control stream encountered a failure while serving" connIndex=0 event=0 ip=198.41.192.47
2026-08-24T08:16:14Z ERR Serve tunnel error error="control stream encountered a failure while serving" connIndex=0 event=0 ip=198.41.192.47
2026-08-24T08:16:14Z INF Retrying connection in up to 1m4s connIndex=0 event=0 ip=198.41.192.47
2026-08-24T08:16:29Z INF Tunnel connection curve preferences: [X25519MLKEM768 CurveID(65074) CurveP256] connIndex=0 event=0 ip=198.41.192.47
2026-08-24T08:16:29Z ERR failed to run the datagram handler error="context canceled" connIndex=0 event=0 ip=198.41.192.47
2026-08-24T08:16:29Z ERR failed to serve tunnel connection error="control stream encountered a failure while serving" connIndex=0 event=0 ip=198.41.192.47
2026-08-24T08:16:29Z ERR Serve tunnel error error="control stream encountered a failure while serving" connIndex=0 event=0 ip=198.41.192.47
2026-08-24T08:16:29Z INF Retrying connection in up to 1m4s connIndex=0 event=0 ip=198.41.192.47
2026-08-24T08:16:45Z INF Tunnel connection curve preferences: [X25519MLKEM768 CurveID(65074) CurveP256] connIndex=0 event=0 ip=198.41.192.47
2026-08-24T08:16:45Z ERR failed to run the datagram handler error="context canceled" connIndex=0 event=0 ip=198.41.192.47
2026-08-24T08:16:45Z ERR failed to serve tunnel connection error="control stream encountered a failure while serving" connIndex=0 event=0 ip=198.41.192.47
2026-08-24T08:16:45Z ERR Serve tunnel error error="control stream encountered a failure while serving" connIndex=0 event=0 ip=198.41.192.47
2026-08-24T08:16:45Z INF Retrying connection in up to 1m4s connIndex=0 event=0 ip=198.41.192.47
2026-08-24T08:16:54Z INF Tunnel connection curve preferences: [X25519MLKEM768 CurveID(65074) CurveP256] connIndex=0 event=0 ip=198.41.192.47
2026-08-24T08:16:54Z ERR failed to run the datagram handler error="context canceled" connIndex=0 event=0 ip=198.41.192.47
2026-08-24T08:16:54Z ERR failed to serve tunnel connection error="control stream encountered a failure while serving" connIndex=0 event=0 ip=198.41.192.47
2026-08-24T08:16:54Z ERR Serve tunnel error error="control stream encountered a failure while serving" connIndex=0 event=0 ip=198.41.192.47
2026-08-24T08:16:54Z INF Retrying connection in up to 1m4s connIndex=0 event=0 ip=198.41.192.47
2026-08-24T08:17:11Z INF Tunnel connection curve preferences: [X25519MLKEM768 CurveID(65074) CurveP256] connIndex=0 event=0 ip=198.41.192.47
2026-08-24T08:17:11Z ERR failed to run the datagram handler error="context canceled" connIndex=0 event=0 ip=198.41.192.47
2026-08-24T08:17:11Z ERR failed to serve tunnel connection error="control stream encountered a failure while serving" connIndex=0 event=0 ip=198.41.192.47
2026-08-24T08:17:11Z ERR Serve tunnel error error="control stream encountered a failure while serving" connIndex=0 event=0 ip=198.41.192.47
2026-08-24T08:17:11Z INF Retrying connection in up to 1m4s connIndex=0 event=0 ip=198.41.192.47
2026-08-24T08:20:17Z INF Tunnel connection curve preferences: [X25519MLKEM768 CurveID(65074) CurveP256] connIndex=0 event=0 ip=198.41.192.47
2026-08-24T08:20:17Z ERR failed to run the datagram handler error="context canceled" connIndex=0 event=0 ip=198.41.192.47
2026-08-24T08:20:17Z ERR failed to serve tunnel connection error="control stream encountered a failure while serving" connIndex=0 event=0 ip=198.41.192.47
2026-08-24T08:20:17Z ERR Serve tunnel error error="control stream encountered a failure while serving" connIndex=0 event=0 ip=198.41.192.47
2026-08-24T08:20:17Z INF Retrying connection in up to 1m4s connIndex=0 event=0 ip=198.41.192.47
2026-08-24T08:26:45Z INF Tunnel connection curve preferences: [X25519MLKEM768 CurveID(65074) CurveP256] connIndex=0 event=0 ip=198.41.192.47
2026-08-24T08:26:46Z ERR failed to run the datagram handler error="context canceled" connIndex=0 event=0 ip=198.41.192.47
2026-08-24T08:26:46Z ERR failed to serve tunnel connection error="control stream encountered a failure while serving" connIndex=0 event=0 ip=198.41.192.47
2026-08-24T08:26:46Z ERR Serve tunnel error error="control stream encountered a failure while serving" connIndex=0 event=0 ip=198.41.192.47
2026-08-24T08:26:46Z INF Retrying connection in up to 1m4s connIndex=0 event=0 ip=198.41.192.47
2026-08-24T08:26:54Z INF Tunnel connection curve preferences: [X25519MLKEM768 CurveID(65074) CurveP256] connIndex=0 event=0 ip=198.41.192.47
2026-08-24T08:26:55Z ERR failed to run the datagram handler error="context canceled" connIndex=0 event=0 ip=198.41.192.47
2026-08-24T08:26:55Z ERR failed to serve tunnel connection error="control stream encountered a failure while serving" connIndex=0 event=0 ip=198.41.192.47
2026-08-24T08:26:55Z ERR Serve tunnel error error="control stream encountered a failure while serving" connIndex=0 event=0 ip=198.41.192.47
2026-08-24T08:26:55Z INF Retrying connection in up to 1m4s connIndex=0 event=0 ip=198.41.192.47
2026-08-24T08:31:14Z INF Tunnel connection curve preferences: [X25519MLKEM768 CurveID(65074) CurveP256] connIndex=0 event=0 ip=198.41.192.47
2026-08-24T08:31:14Z ERR failed to run the datagram handler error="context canceled" connIndex=0 event=0 ip=198.41.192.47
2026-08-24T08:31:14Z ERR failed to serve tunnel connection error="control stream encountered a failure while serving" connIndex=0 event=0 ip=198.41.192.47
2026-08-24T08:31:14Z ERR Serve tunnel error error="control stream encountered a failure while serving" connIndex=0 event=0 ip=198.41.192.47
2026-08-24T08:31:14Z INF Retrying connection in up to 1m4s connIndex=0 event=0 ip=198.41.192.47
2026-08-24T08:31:17Z INF Tunnel connection curve preferences: [X25519MLKEM768 CurveID(65074) CurveP256] connIndex=0 event=0 ip=198.41.192.47
2026-08-24T08:31:23Z ERR Failed to dial a quic connection error="failed to dial to edge with quic: timeout: no recent network activity" connIndex=0 event=0 ip=198.41.192.47
2026-08-24T08:31:23Z INF Retrying connection in up to 1m4s connIndex=0 event=0 ip=198.41.192.47
2026-08-24T08:44:06Z INF Tunnel connection curve preferences: [X25519MLKEM768 CurveID(65074) CurveP256] connIndex=0 event=0 ip=198.41.200.13
2026-08-24T08:44:06Z ERR failed to run the datagram handler error="context canceled" connIndex=0 event=0 ip=198.41.200.13
2026-08-24T08:44:06Z ERR failed to serve tunnel connection error="control stream encountered a failure while serving" connIndex=0 event=0 ip=198.41.200.13
2026-08-24T08:44:06Z ERR Serve tunnel error error="control stream encountered a failure while serving" connIndex=0 event=0 ip=198.41.200.13
2026-08-24T08:44:06Z INF Retrying connection in up to 1m4s connIndex=0 event=0 ip=198.41.200.13
2026-08-24T08:44:08Z INF Tunnel connection curve preferences: [X25519MLKEM768 CurveID(65074) CurveP256] connIndex=0 event=0 ip=198.41.200.13
2026-08-24T08:44:08Z ERR failed to run the datagram handler error="context canceled" connIndex=0 event=0 ip=198.41.200.13
2026-08-24T08:44:08Z ERR failed to serve tunnel connection error="control stream encountered a failure while serving" connIndex=0 event=0 ip=198.41.200.13
2026-08-24T08:44:08Z ERR Serve tunnel error error="control stream encountered a failure while serving" connIndex=0 event=0 ip=198.41.200.13
2026-08-24T08:44:08Z INF Retrying connection in up to 1m4s connIndex=0 event=0 ip=198.41.200.13
2026-08-24T08:44:29Z INF Tunnel connection curve preferences: [X25519MLKEM768 CurveID(65074) CurveP256] connIndex=0 event=0 ip=198.41.200.13
2026-08-24T08:44:30Z ERR failed to run the datagram handler error="context canceled" connIndex=0 event=0 ip=198.41.200.13
2026-08-24T08:44:30Z ERR failed to serve tunnel connection error="control stream encountered a failure while serving" connIndex=0 event=0 ip=198.41.200.13
2026-08-24T08:44:30Z ERR Serve tunnel error error="control stream encountered a failure while serving" connIndex=0 event=0 ip=198.41.200.13
2026-08-24T08:44:30Z INF Retrying connection in up to 1m4s connIndex=0 event=0 ip=198.41.200.13
2026-08-24T08:45:00Z INF Tunnel connection curve preferences: [X25519MLKEM768 CurveID(65074) CurveP256] connIndex=0 event=0 ip=198.41.200.13
2026-08-24T08:45:00Z ERR failed to run the datagram handler error="context canceled" connIndex=0 event=0 ip=198.41.200.13
2026-08-24T08:45:00Z ERR failed to serve tunnel connection error="control stream encountered a failure while serving" connIndex=0 event=0 ip=198.41.200.13
2026-08-24T08:45:00Z ERR Serve tunnel error error="control stream encountered a failure while serving" connIndex=0 event=0 ip=198.41.200.13
2026-08-24T08:45:00Z INF Retrying connection in up to 1m4s connIndex=0 event=0 ip=198.41.200.13
2026-08-24T08:47:04Z INF Tunnel connection curve preferences: [X25519MLKEM768 CurveID(65074) CurveP256] connIndex=0 event=0 ip=198.41.200.13
2026-08-24T08:47:05Z ERR failed to run the datagram handler error="context canceled" connIndex=0 event=0 ip=198.41.200.13
2026-08-24T08:47:05Z ERR failed to serve tunnel connection error="control stream encountered a failure while serving" connIndex=0 event=0 ip=198.41.200.13
2026-08-24T08:47:05Z ERR Serve tunnel error error="control stream encountered a failure while serving" connIndex=0 event=0 ip=198.41.200.13
2026-08-24T08:47:05Z INF Retrying connection in up to 1m4s connIndex=0 event=0 ip=198.41.200.13
2026-08-24T08:49:41Z INF Tunnel connection curve preferences: [X25519MLKEM768 CurveID(65074) CurveP256] connIndex=0 event=0 ip=198.41.200.13
2026-08-24T08:49:42Z ERR failed to run the datagram handler error="context canceled" connIndex=0 event=0 ip=198.41.200.13
2026-08-24T08:49:42Z ERR failed to serve tunnel connection error="control stream encountered a failure while serving" connIndex=0 event=0 ip=198.41.200.13
2026-08-24T08:49:42Z ERR Serve tunnel error error="control stream encountered a failure while serving" connIndex=0 event=0 ip=198.41.200.13
2026-08-24T08:49:42Z INF Retrying connection in up to 1m4s connIndex=0 event=0 ip=198.41.200.13
2026-08-24T08:50:11Z INF Tunnel connection curve preferences: [X25519MLKEM768 CurveID(65074) CurveP256] connIndex=0 event=0 ip=198.41.200.13
2026-08-24T08:50:11Z ERR failed to run the datagram handler error="context canceled" connIndex=0 event=0 ip=198.41.200.13
2026-08-24T08:50:11Z ERR failed to serve tunnel connection error="control stream encountered a failure while serving" connIndex=0 event=0 ip=198.41.200.13
2026-08-24T08:50:11Z ERR Serve tunnel error error="control stream encountered a failure while serving" connIndex=0 event=0 ip=198.41.200.13
2026-08-24T08:50:11Z INF Retrying connection in up to 1m4s connIndex=0 event=0 ip=198.41.200.13
2026-08-24T08:50:24Z INF Tunnel connection curve preferences: [X25519MLKEM768 CurveID(65074) CurveP256] connIndex=0 event=0 ip=198.41.200.13
2026-08-24T08:50:24Z ERR failed to run the datagram handler error="context canceled" connIndex=0 event=0 ip=198.41.200.13
2026-08-24T08:50:24Z ERR failed to serve tunnel connection error="control stream encountered a failure while serving" connIndex=0 event=0 ip=198.41.200.13
2026-08-24T08:50:24Z ERR Serve tunnel error error="control stream encountered a failure while serving" connIndex=0 event=0 ip=198.41.200.13
2026-08-24T08:50:24Z INF Retrying connection in up to 1m4s connIndex=0 event=0 ip=198.41.200.13
2026-08-24T08:54:12Z INF Tunnel connection curve preferences: [X25519MLKEM768 CurveID(65074) CurveP256] connIndex=0 event=0 ip=198.41.200.13
2026-08-24T08:54:13Z ERR failed to run the datagram handler error="context canceled" connIndex=0 event=0 ip=198.41.200.13
2026-08-24T08:54:13Z ERR failed to serve tunnel connection error="control stream encountered a failure while serving" connIndex=0 event=0 ip=198.41.200.13
2026-08-24T08:54:13Z ERR Serve tunnel error error="control stream encountered a failure while serving" connIndex=0 event=0 ip=198.41.200.13
2026-08-24T08:54:13Z INF Retrying connection in up to 1m4s connIndex=0 event=0 ip=198.41.200.13
2026-08-24T08:54:40Z INF Tunnel connection curve preferences: [X25519MLKEM768 CurveID(65074) CurveP256] connIndex=0 event=0 ip=198.41.200.13
2026-08-24T08:54:40Z ERR failed to run the datagram handler error="context canceled" connIndex=0 event=0 ip=198.41.200.13
2026-08-24T08:54:40Z ERR failed to serve tunnel connection error="control stream encountered a failure while serving" connIndex=0 event=0 ip=198.41.200.13
2026-08-24T08:54:40Z ERR Serve tunnel error error="control stream encountered a failure while serving" connIndex=0 event=0 ip=198.41.200.13
2026-08-24T08:54:40Z INF Retrying connection in up to 1m4s connIndex=0 event=0 ip=198.41.200.13
2026-08-24T08:55:07Z INF Tunnel connection curve preferences: [X25519MLKEM768 CurveID(65074) CurveP256] connIndex=0 event=0 ip=198.41.200.13
2026-08-24T08:55:07Z ERR failed to run the datagram handler error="context canceled" connIndex=0 event=0 ip=198.41.200.13
2026-08-24T08:55:07Z ERR failed to serve tunnel connection error="control stream encountered a failure while serving" connIndex=0 event=0 ip=198.41.200.13
2026-08-24T08:55:07Z ERR Serve tunnel error error="control stream encountered a failure while serving" connIndex=0 event=0 ip=198.41.200.13
2026-08-24T08:55:07Z INF Retrying connection in up to 1m4s connIndex=0 event=0 ip=198.41.200.13
2026-08-24T08:55:20Z INF Tunnel connection curve preferences: [X25519MLKEM768 CurveID(65074) CurveP256] connIndex=0 event=0 ip=198.41.200.13
2026-08-24T08:55:21Z ERR failed to run the datagram handler error="context canceled" connIndex=0 event=0 ip=198.41.200.13
2026-08-24T08:55:21Z ERR failed to serve tunnel connection error="control stream encountered a failure while serving" connIndex=0 event=0 ip=198.41.200.13
2026-08-24T08:55:21Z ERR Serve tunnel error error="control stream encountered a failure while serving" connIndex=0 event=0 ip=198.41.200.13
2026-08-24T08:55:21Z INF Retrying connection in up to 1m4s connIndex=0 event=0 ip=198.41.200.13
2026-08-24T08:55:37Z INF Tunnel connection curve preferences: [X25519MLKEM768 CurveID(65074) CurveP256] connIndex=0 event=0 ip=198.41.200.13
2026-08-24T08:55:38Z ERR failed to run the datagram handler error="context canceled" connIndex=0 event=0 ip=198.41.200.13
2026-08-24T08:55:38Z ERR failed to serve tunnel connection error="control stream encountered a failure while serving" connIndex=0 event=0 ip=198.41.200.13
2026-08-24T08:55:38Z ERR Serve tunnel error error="control stream encountered a failure while serving" connIndex=0 event=0 ip=198.41.200.13
2026-08-24T08:55:38Z INF Retrying connection in up to 1m4s connIndex=0 event=0 ip=198.41.200.13
2026-08-24T08:56:01Z INF Tunnel connection curve preferences: [X25519MLKEM768 CurveID(65074) CurveP256] connIndex=0 event=0 ip=198.41.200.13
2026-08-24T08:56:02Z ERR failed to run the datagram handler error="context canceled" connIndex=0 event=0 ip=198.41.200.13
2026-08-24T08:56:02Z ERR failed to serve tunnel connection error="control stream encountered a failure while serving" connIndex=0 event=0 ip=198.41.200.13
2026-08-24T08:56:02Z ERR Serve tunnel error error="control stream encountered a failure while serving" connIndex=0 event=0 ip=198.41.200.13
2026-08-24T08:56:02Z INF Retrying connection in up to 1m4s connIndex=0 event=0 ip=198.41.200.13
2026-08-24T08:56:03Z INF Tunnel connection curve preferences: [X25519MLKEM768 CurveID(65074) CurveP256] connIndex=0 event=0 ip=198.41.200.13
2026-08-24T08:56:03Z ERR failed to run the datagram handler error="context canceled" connIndex=0 event=0 ip=198.41.200.13
2026-08-24T08:56:03Z ERR failed to serve tunnel connection error="control stream encountered a failure while serving" connIndex=0 event=0 ip=198.41.200.13
2026-08-24T08:56:03Z ERR Serve tunnel error error="control stream encountered a failure while serving" connIndex=0 event=0 ip=198.41.200.13
2026-08-24T08:56:03Z INF Retrying connection in up to 1m4s connIndex=0 event=0 ip=198.41.200.13
2026-08-24T08:56:29Z INF Tunnel connection curve preferences: [X25519MLKEM768 CurveID(65074) CurveP256] connIndex=0 event=0 ip=198.41.200.13
2026-08-24T08:56:29Z ERR failed to run the datagram handler error="context canceled" connIndex=0 event=0 ip=198.41.200.13
2026-08-24T08:56:29Z ERR failed to serve tunnel connection error="control stream encountered a failure while serving" connIndex=0 event=0 ip=198.41.200.13
2026-08-24T08:56:29Z ERR Serve tunnel error error="control stream encountered a failure while serving" connIndex=0 event=0 ip=198.41.200.13
2026-08-24T08:56:29Z INF Retrying connection in up to 1m4s connIndex=0 event=0 ip=198.41.200.13
2026-08-24T08:56:34Z INF Tunnel connection curve preferences: [X25519MLKEM768 CurveID(65074) CurveP256] connIndex=0 event=0 ip=198.41.200.13
2026-08-24T08:56:34Z ERR failed to run the datagram handler error="context canceled" connIndex=0 event=0 ip=198.41.200.13
2026-08-24T08:56:34Z ERR failed to serve tunnel connection error="control stream encountered a failure while serving" connIndex=0 event=0 ip=198.41.200.13
2026-08-24T08:56:34Z ERR Serve tunnel error error="control stream encountered a failure while serving" connIndex=0 event=0 ip=198.41.200.13
2026-08-24T08:56:34Z INF Retrying connection in up to 1m4s connIndex=0 event=0 ip=198.41.200.13
2026-08-24T08:56:40Z INF Tunnel connection curve preferences: [X25519MLKEM768 CurveID(65074) CurveP256] connIndex=0 event=0 ip=198.41.200.13
2026-08-24T08:56:40Z ERR failed to run the datagram handler error="context canceled" connIndex=0 event=0 ip=198.41.200.13
2026-08-24T08:56:40Z ERR failed to serve tunnel connection error="control stream encountered a failure while serving" connIndex=0 event=0 ip=198.41.200.13
2026-08-24T08:56:40Z ERR Serve tunnel error error="control stream encountered a failure while serving" connIndex=0 event=0 ip=198.41.200.13
2026-08-24T08:56:40Z INF Retrying connection in up to 1m4s connIndex=0 event=0 ip=198.41.200.13
2026-08-24T08:56:42Z INF Tunnel connection curve preferences: [X25519MLKEM768 CurveID(65074) CurveP256] connIndex=0 event=0 ip=198.41.200.13
2026-08-24T08:56:42Z ERR failed to run the datagram handler error="context canceled" connIndex=0 event=0 ip=198.41.200.13
2026-08-24T08:56:42Z ERR failed to serve tunnel connection error="control stream encountered a failure while serving" connIndex=0 event=0 ip=198.41.200.13
2026-08-24T08:56:42Z ERR Serve tunnel error error="control stream encountered a failure while serving" connIndex=0 event=0 ip=198.41.200.13
2026-08-24T08:56:42Z INF Retrying connection in up to 1m4s connIndex=0 event=0 ip=198.41.200.13
2026-08-24T08:57:02Z INF Tunnel connection curve preferences: [X25519MLKEM768 CurveID(65074) CurveP256] connIndex=0 event=0 ip=198.41.200.13
2026-08-24T08:57:02Z ERR failed to run the datagram handler error="context canceled" connIndex=0 event=0 ip=198.41.200.13
2026-08-24T08:57:02Z ERR failed to serve tunnel connection error="control stream encountered a failure while serving" connIndex=0 event=0 ip=198.41.200.13
2026-08-24T08:57:02Z ERR Serve tunnel error error="control stream encountered a failure while serving" connIndex=0 event=0 ip=198.41.200.13
2026-08-24T08:57:02Z INF Retrying connection in up to 1m4s connIndex=0 event=0 ip=198.41.200.13
2026-08-24T08:57:11Z INF Tunnel connection curve preferences: [X25519MLKEM768 CurveID(65074) CurveP256] connIndex=0 event=0 ip=198.41.200.13
2026-08-24T08:57:11Z ERR failed to run the datagram handler error="context canceled" connIndex=0 event=0 ip=198.41.200.13
2026-08-24T08:57:11Z ERR failed to serve tunnel connection error="control stream encountered a failure while serving" connIndex=0 event=0 ip=198.41.200.13
2026-08-24T08:57:11Z ERR Serve tunnel error error="control stream encountered a failure while serving" connIndex=0 event=0 ip=198.41.200.13
2026-08-24T08:57:11Z INF Retrying connection in up to 1m4s connIndex=0 event=0 ip=198.41.200.13
2026-08-24T08:57:15Z INF Tunnel connection curve preferences: [X25519MLKEM768 CurveID(65074) CurveP256] connIndex=0 event=0 ip=198.41.200.13
2026-08-24T08:57:15Z ERR failed to run the datagram handler error="context canceled" connIndex=0 event=0 ip=198.41.200.13
2026-08-24T08:57:15Z ERR failed to serve tunnel connection error="control stream encountered a failure while serving" connIndex=0 event=0 ip=198.41.200.13
2026-08-24T08:57:15Z ERR Serve tunnel error error="control stream encountered a failure while serving" connIndex=0 event=0 ip=198.41.200.13
2026-08-24T08:57:15Z INF Retrying connection in up to 1m4s connIndex=0 event=0 ip=198.41.200.13
2026-08-24T08:57:45Z INF Tunnel connection curve preferences: [X25519MLKEM768 CurveID(65074) CurveP256] connIndex=0 event=0 ip=198.41.200.13
2026-08-24T08:57:46Z ERR failed to run the datagram handler error="context canceled" connIndex=0 event=0 ip=198.41.200.13
2026-08-24T08:57:46Z ERR failed to serve tunnel connection error="control stream encountered a failure while serving" connIndex=0 event=0 ip=198.41.200.13
2026-08-24T08:57:46Z ERR Serve tunnel error error="control stream encountered a failure while serving" connIndex=0 event=0 ip=198.41.200.13
2026-08-24T08:57:46Z INF Retrying connection in up to 1m4s connIndex=0 event=0 ip=198.41.200.13
2026-08-24T08:57:53Z INF Tunnel connection curve preferences: [X25519MLKEM768 CurveID(65074) CurveP256] connIndex=0 event=0 ip=198.41.200.13
2026-08-24T08:57:54Z ERR failed to run the datagram handler error="context canceled" connIndex=0 event=0 ip=198.41.200.13
2026-08-24T08:57:54Z ERR failed to serve tunnel connection error="control stream encountered a failure while serving" connIndex=0 event=0 ip=198.41.200.13
2026-08-24T08:57:54Z ERR Serve tunnel error error="control stream encountered a failure while serving" connIndex=0 event=0 ip=198.41.200.13
2026-08-24T08:57:54Z INF Retrying connection in up to 1m4s connIndex=0 event=0 ip=198.41.200.13
2026-08-24T08:58:10Z INF Tunnel connection curve preferences: [X25519MLKEM768 CurveID(65074) CurveP256] connIndex=0 event=0 ip=198.41.200.13
2026-08-24T08:58:10Z ERR failed to run the datagram handler error="context canceled" connIndex=0 event=0 ip=198.41.200.13
2026-08-24T08:58:10Z ERR failed to serve tunnel connection error="control stream encountered a failure while serving" connIndex=0 event=0 ip=198.41.200.13
2026-08-24T08:58:10Z ERR Serve tunnel error error="control stream encountered a failure while serving" connIndex=0 event=0 ip=198.41.200.13
2026-08-24T08:58:10Z INF Retrying connection in up to 1m4s connIndex=0 event=0 ip=198.41.200.13
2026-08-24T08:58:17Z INF Tunnel connection curve preferences: [X25519MLKEM768 CurveID(65074) CurveP256] connIndex=0 event=0 ip=198.41.200.13
2026-08-24T08:58:18Z ERR failed to run the datagram handler error="context canceled" connIndex=0 event=0 ip=198.41.200.13
2026-08-24T08:58:18Z ERR failed to serve tunnel connection error="control stream encountered a failure while serving" connIndex=0 event=0 ip=198.41.200.13
2026-08-24T08:58:18Z ERR Serve tunnel error error="control stream encountered a failure while serving" connIndex=0 event=0 ip=198.41.200.13
2026-08-24T08:58:18Z INF Retrying connection in up to 1m4s connIndex=0 event=0 ip=198.41.200.13
2026-08-24T08:58:37Z INF Tunnel connection curve preferences: [X25519MLKEM768 CurveID(65074) CurveP256] connIndex=0 event=0 ip=198.41.200.13
2026-08-24T08:58:37Z ERR failed to run the datagram handler error="context canceled" connIndex=0 event=0 ip=198.41.200.13
2026-08-24T08:58:37Z ERR failed to serve tunnel connection error="control stream encountered a failure while serving" connIndex=0 event=0 ip=198.41.200.13
2026-08-24T08:58:37Z ERR Serve tunnel error error="control stream encountered a failure while serving" connIndex=0 event=0 ip=198.41.200.13
2026-08-24T08:58:37Z INF Retrying connection in up to 1m4s connIndex=0 event=0 ip=198.41.200.13
2026-08-24T08:59:06Z INF Tunnel connection curve preferences: [X25519MLKEM768 CurveID(65074) CurveP256] connIndex=0 event=0 ip=198.41.200.13
2026-08-24T08:59:06Z ERR failed to run the datagram handler error="context canceled" connIndex=0 event=0 ip=198.41.200.13
2026-08-24T08:59:06Z ERR failed to serve tunnel connection error="control stream encountered a failure while serving" connIndex=0 event=0 ip=198.41.200.13
2026-08-24T08:59:07Z ERR Serve tunnel error error="control stream encountered a failure while serving" connIndex=0 event=0 ip=198.41.200.13
2026-08-24T08:59:07Z INF Retrying connection in up to 1m4s connIndex=0 event=0 ip=198.41.200.13
2026-08-24T08:59:18Z INF Tunnel connection curve preferences: [X25519MLKEM768 CurveID(65074) CurveP256] connIndex=0 event=0 ip=198.41.200.13
2026-08-24T08:59:18Z ERR failed to run the datagram handler error="context canceled" connIndex=0 event=0 ip=198.41.200.13
2026-08-24T08:59:18Z ERR failed to serve tunnel connection error="control stream encountered a failure while serving" connIndex=0 event=0 ip=198.41.200.13
2026-08-24T08:59:18Z ERR Serve tunnel error error="control stream encountered a failure while serving" connIndex=0 event=0 ip=198.41.200.13
2026-08-24T08:59:18Z INF Retrying connection in up to 1m4s connIndex=0 event=0 ip=198.41.200.13
2026-08-24T08:59:20Z INF Tunnel connection curve preferences: [X25519MLKEM768 CurveID(65074) CurveP256] connIndex=0 event=0 ip=198.41.200.13
2026-08-24T08:59:20Z ERR failed to run the datagram handler error="context canceled" connIndex=0 event=0 ip=198.41.200.13
2026-08-24T08:59:20Z ERR failed to serve tunnel connection error="control stream encountered a failure while serving" connIndex=0 event=0 ip=198.41.200.13
2026-08-24T08:59:20Z ERR Serve tunnel error error="control stream encountered a failure while serving" connIndex=0 event=0 ip=198.41.200.13
2026-08-24T08:59:20Z INF Retrying connection in up to 1m4s connIndex=0 event=0 ip=198.41.200.13
2026-08-24T08:59:52Z INF Tunnel connection curve preferences: [X25519MLKEM768 CurveID(65074) CurveP256] connIndex=0 event=0 ip=198.41.200.13
2026-08-24T08:59:52Z ERR failed to run the datagram handler error="context canceled" connIndex=0 event=0 ip=198.41.200.13
2026-08-24T08:59:52Z ERR failed to serve tunnel connection error="control stream encountered a failure while serving" connIndex=0 event=0 ip=198.41.200.13
2026-08-24T08:59:52Z ERR Serve tunnel error error="control stream encountered a failure while serving" connIndex=0 event=0 ip=198.41.200.13
2026-08-24T08:59:52Z INF Retrying connection in up to 1m4s connIndex=0 event=0 ip=198.41.200.13
2026-08-24T09:00:11Z INF Tunnel connection curve preferences: [X25519MLKEM768 CurveID(65074) CurveP256] connIndex=0 event=0 ip=198.41.200.13
2026-08-24T09:00:12Z ERR failed to run the datagram handler error="context canceled" connIndex=0 event=0 ip=198.41.200.13
2026-08-24T09:00:12Z ERR failed to serve tunnel connection error="control stream encountered a failure while serving" connIndex=0 event=0 ip=198.41.200.13
2026-08-24T09:00:12Z ERR Serve tunnel error error="control stream encountered a failure while serving" connIndex=0 event=0 ip=198.41.200.13
2026-08-24T09:00:12Z INF Retrying connection in up to 1m4s connIndex=0 event=0 ip=198.41.200.13
2026-08-24T09:00:34Z INF Tunnel connection curve preferences: [X25519MLKEM768 CurveID(65074) CurveP256] connIndex=0 event=0 ip=198.41.200.13
2026-08-24T09:00:34Z ERR failed to run the datagram handler error="context canceled" connIndex=0 event=0 ip=198.41.200.13
2026-08-24T09:00:34Z ERR failed to serve tunnel connection error="control stream encountered a failure while serving" connIndex=0 event=0 ip=198.41.200.13
2026-08-24T09:00:34Z ERR Serve tunnel error error="control stream encountered a failure while serving" connIndex=0 event=0 ip=198.41.200.13
2026-08-24T09:00:34Z INF Retrying connection in up to 1m4s connIndex=0 event=0 ip=198.41.200.13
2026-08-24T09:00:51Z INF Tunnel connection curve preferences: [X25519MLKEM768 CurveID(65074) CurveP256] connIndex=0 event=0 ip=198.41.200.13
2026-08-24T09:00:51Z ERR failed to run the datagram handler error="context canceled" connIndex=0 event=0 ip=198.41.200.13
2026-08-24T09:00:51Z ERR failed to serve tunnel connection error="control stream encountered a failure while serving" connIndex=0 event=0 ip=198.41.200.13
2026-08-24T09:00:51Z ERR Serve tunnel error error="control stream encountered a failure while serving" connIndex=0 event=0 ip=198.41.200.13
2026-08-24T09:00:51Z INF Retrying connection in up to 1m4s connIndex=0 event=0 ip=198.41.200.13
2026-08-24T09:00:55Z INF Tunnel connection curve preferences: [X25519MLKEM768 CurveID(65074) CurveP256] connIndex=0 event=0 ip=198.41.200.13
2026-08-24T09:00:55Z ERR failed to run the datagram handler error="context canceled" connIndex=0 event=0 ip=198.41.200.13
2026-08-24T09:00:55Z ERR failed to serve tunnel connection error="control stream encountered a failure while serving" connIndex=0 event=0 ip=198.41.200.13
2026-08-24T09:00:55Z ERR Serve tunnel error error="control stream encountered a failure while serving" connIndex=0 event=0 ip=198.41.200.13
2026-08-24T09:00:55Z INF Retrying connection in up to 1m4s connIndex=0 event=0 ip=198.41.200.13
2026-08-24T09:01:18Z INF Tunnel connection curve preferences: [X25519MLKEM768 CurveID(65074) CurveP256] connIndex=0 event=0 ip=198.41.200.13
2026-08-24T09:01:18Z ERR failed to run the datagram handler error="context canceled" connIndex=0 event=0 ip=198.41.200.13
2026-08-24T09:01:18Z ERR failed to serve tunnel connection error="control stream encountered a failure while serving" connIndex=0 event=0 ip=198.41.200.13
2026-08-24T09:01:18Z ERR Serve tunnel error error="control stream encountered a failure while serving" connIndex=0 event=0 ip=198.41.200.13
2026-08-24T09:01:18Z INF Retrying connection in up to 1m4s connIndex=0 event=0 ip=198.41.200.13
2026-08-24T09:01:32Z INF Tunnel connection curve preferences: [X25519MLKEM768 CurveID(65074) CurveP256] connIndex=0 event=0 ip=198.41.200.13
2026-08-24T09:01:32Z ERR failed to run the datagram handler error="context canceled" connIndex=0 event=0 ip=198.41.200.13
2026-08-24T09:01:32Z ERR failed to serve tunnel connection error="control stream encountered a failure while serving" connIndex=0 event=0 ip=198.41.200.13
2026-08-24T09:01:32Z ERR Serve tunnel error error="control stream encountered a failure while serving" connIndex=0 event=0 ip=198.41.200.13
2026-08-24T09:01:32Z INF Retrying connection in up to 1m4s connIndex=0 event=0 ip=198.41.200.13
2026-08-24T09:02:04Z INF Tunnel connection curve preferences: [X25519MLKEM768 CurveID(65074) CurveP256] connIndex=0 event=0 ip=198.41.200.13
2026-08-24T09:02:04Z ERR failed to run the datagram handler error="context canceled" connIndex=0 event=0 ip=198.41.200.13
2026-08-24T09:02:04Z ERR failed to serve tunnel connection error="control stream encountered a failure while serving" connIndex=0 event=0 ip=198.41.200.13
2026-08-24T09:02:04Z ERR Serve tunnel error error="control stream encountered a failure while serving" connIndex=0 event=0 ip=198.41.200.13
2026-08-24T09:02:04Z INF Retrying connection in up to 1m4s connIndex=0 event=0 ip=198.41.200.13
2026-08-24T09:02:16Z INF Tunnel connection curve preferences: [X25519MLKEM768 CurveID(65074) CurveP256] connIndex=0 event=0 ip=198.41.200.13
2026-08-24T09:02:16Z ERR failed to run the datagram handler error="context canceled" connIndex=0 event=0 ip=198.41.200.13
2026-08-24T09:02:16Z ERR failed to serve tunnel connection error="control stream encountered a failure while serving" connIndex=0 event=0 ip=198.41.200.13
2026-08-24T09:02:16Z ERR Serve tunnel error error="control stream encountered a failure while serving" connIndex=0 event=0 ip=198.41.200.13
2026-08-24T09:02:16Z INF Retrying connection in up to 1m4s connIndex=0 event=0 ip=198.41.200.13
2026-08-24T09:02:25Z INF Tunnel connection curve preferences: [X25519MLKEM768 CurveID(65074) CurveP256] connIndex=0 event=0 ip=198.41.200.13
2026-08-24T09:02:25Z ERR failed to run the datagram handler error="context canceled" connIndex=0 event=0 ip=198.41.200.13
2026-08-24T09:02:25Z ERR failed to serve tunnel connection error="control stream encountered a failure while serving" connIndex=0 event=0 ip=198.41.200.13
2026-08-24T09:02:25Z ERR Serve tunnel error error="control stream encountered a failure while serving" connIndex=0 event=0 ip=198.41.200.13
2026-08-24T09:02:25Z INF Retrying connection in up to 1m4s connIndex=0 event=0 ip=198.41.200.13
2026-08-24T09:02:35Z INF Tunnel connection curve preferences: [X25519MLKEM768 CurveID(65074) CurveP256] connIndex=0 event=0 ip=198.41.200.13
2026-08-24T09:02:35Z ERR failed to run the datagram handler error="context canceled" connIndex=0 event=0 ip=198.41.200.13
2026-08-24T09:02:35Z ERR failed to serve tunnel connection error="control stream encountered a failure while serving" connIndex=0 event=0 ip=198.41.200.13
2026-08-24T09:02:35Z ERR Serve tunnel error error="control stream encountered a failure while serving" connIndex=0 event=0 ip=198.41.200.13
2026-08-24T09:02:35Z INF Retrying connection in up to 1m4s connIndex=0 event=0 ip=198.41.200.13
2026-08-24T09:02:37Z INF Tunnel connection curve preferences: [X25519MLKEM768 CurveID(65074) CurveP256] connIndex=0 event=0 ip=198.41.200.13
2026-08-24T09:02:37Z ERR failed to run the datagram handler error="context canceled" connIndex=0 event=0 ip=198.41.200.13
2026-08-24T09:02:37Z ERR failed to serve tunnel connection error="control stream encountered a failure while serving" connIndex=0 event=0 ip=198.41.200.13
2026-08-24T09:02:37Z ERR Serve tunnel error error="control stream encountered a failure while serving" connIndex=0 event=0 ip=198.41.200.13
2026-08-24T09:02:37Z INF Retrying connection in up to 1m4s connIndex=0 event=0 ip=198.41.200.13
2026-08-24T09:02:52Z INF Tunnel connection curve preferences: [X25519MLKEM768 CurveID(65074) CurveP256] connIndex=0 event=0 ip=198.41.200.13
2026-08-24T09:02:53Z ERR failed to run the datagram handler error="context canceled" connIndex=0 event=0 ip=198.41.200.13
2026-08-24T09:02:53Z ERR failed to serve tunnel connection error="control stream encountered a failure while serving" connIndex=0 event=0 ip=198.41.200.13
2026-08-24T09:02:53Z ERR Serve tunnel error error="control stream encountered a failure while serving" connIndex=0 event=0 ip=198.41.200.13
2026-08-24T09:02:53Z INF Retrying connection in up to 1m4s connIndex=0 event=0 ip=198.41.200.13
2026-08-24T09:02:59Z INF Tunnel connection curve preferences: [X25519MLKEM768 CurveID(65074) CurveP256] connIndex=0 event=0 ip=198.41.200.13
2026-08-24T09:02:59Z ERR failed to run the datagram handler error="context canceled" connIndex=0 event=0 ip=198.41.200.13
2026-08-24T09:02:59Z ERR failed to serve tunnel connection error="control stream encountered a failure while serving" connIndex=0 event=0 ip=198.41.200.13
2026-08-24T09:02:59Z ERR Serve tunnel error error="control stream encountered a failure while serving" connIndex=0 event=0 ip=198.41.200.13
2026-08-24T09:02:59Z INF Retrying connection in up to 1m4s connIndex=0 event=0 ip=198.41.200.13
2026-08-24T09:02:59Z INF Tunnel connection curve preferences: [X25519MLKEM768 CurveID(65074) CurveP256] connIndex=0 event=0 ip=198.41.200.13
2026-08-24T09:02:59Z ERR failed to run the datagram handler error="context canceled" connIndex=0 event=0 ip=198.41.200.13
2026-08-24T09:02:59Z ERR failed to serve tunnel connection error="control stream encountered a failure while serving" connIndex=0 event=0 ip=198.41.200.13
2026-08-24T09:02:59Z ERR Serve tunnel error error="control stream encountered a failure while serving" connIndex=0 event=0 ip=198.41.200.13
2026-08-24T09:02:59Z INF Retrying connection in up to 1m4s connIndex=0 event=0 ip=198.41.200.13
2026-08-24T09:03:13Z INF Tunnel connection curve preferences: [X25519MLKEM768 CurveID(65074) CurveP256] connIndex=0 event=0 ip=198.41.200.13
2026-08-24T09:03:13Z ERR failed to run the datagram handler error="context canceled" connIndex=0 event=0 ip=198.41.200.13
2026-08-24T09:03:13Z ERR failed to serve tunnel connection error="control stream encountered a failure while serving" connIndex=0 event=0 ip=198.41.200.13
2026-08-24T09:03:13Z ERR Serve tunnel error error="control stream encountered a failure while serving" connIndex=0 event=0 ip=198.41.200.13
2026-08-24T09:03:13Z INF Retrying connection in up to 1m4s connIndex=0 event=0 ip=198.41.200.13
2026-08-24T09:03:43Z INF Tunnel connection curve preferences: [X25519MLKEM768 CurveID(65074) CurveP256] connIndex=0 event=0 ip=198.41.200.13
2026-08-24T09:03:43Z ERR failed to run the datagram handler error="context canceled" connIndex=0 event=0 ip=198.41.200.13
2026-08-24T09:03:43Z ERR failed to serve tunnel connection error="control stream encountered a failure while serving" connIndex=0 event=0 ip=198.41.200.13
2026-08-24T09:03:43Z ERR Serve tunnel error error="control stream encountered a failure while serving" connIndex=0 event=0 ip=198.41.200.13
2026-08-24T09:03:43Z INF Retrying connection in up to 1m4s connIndex=0 event=0 ip=198.41.200.13
2026-08-24T09:03:48Z INF Tunnel connection curve preferences: [X25519MLKEM768 CurveID(65074) CurveP256] connIndex=0 event=0 ip=198.41.200.13
2026-08-24T09:03:48Z ERR failed to run the datagram handler error="context canceled" connIndex=0 event=0 ip=198.41.200.13
2026-08-24T09:03:48Z ERR failed to serve tunnel connection error="control stream encountered a failure while serving" connIndex=0 event=0 ip=198.41.200.13
2026-08-24T09:03:48Z ERR Serve tunnel error error="control stream encountered a failure while serving" connIndex=0 event=0 ip=198.41.200.13
2026-08-24T09:03:48Z INF Retrying connection in up to 1m4s connIndex=0 event=0 ip=198.41.200.13
2026-08-24T09:03:53Z INF Tunnel connection curve preferences: [X25519MLKEM768 CurveID(65074) CurveP256] connIndex=0 event=0 ip=198.41.200.13
2026-08-24T09:03:53Z ERR failed to run the datagram handler error="context canceled" connIndex=0 event=0 ip=198.41.200.13
2026-08-24T09:03:53Z ERR failed to serve tunnel connection error="control stream encountered a failure while serving" connIndex=0 event=0 ip=198.41.200.13
2026-08-24T09:03:53Z ERR Serve tunnel error error="control stream encountered a failure while serving" connIndex=0 event=0 ip=198.41.200.13
2026-08-24T09:03:53Z INF Retrying connection in up to 1m4s connIndex=0 event=0 ip=198.41.200.13
2026-08-24T09:04:24Z INF Tunnel connection curve preferences: [X25519MLKEM768 CurveID(65074) CurveP256] connIndex=0 event=0 ip=198.41.200.13
2026-08-24T09:04:24Z ERR failed to run the datagram handler error="context canceled" connIndex=0 event=0 ip=198.41.200.13
2026-08-24T09:04:24Z ERR failed to serve tunnel connection error="control stream encountered a failure while serving" connIndex=0 event=0 ip=198.41.200.13
2026-08-24T09:04:24Z ERR Serve tunnel error error="control stream encountered a failure while serving" connIndex=0 event=0 ip=198.41.200.13
2026-08-24T09:04:24Z INF Retrying connection in up to 1m4s connIndex=0 event=0 ip=198.41.200.13
2026-08-24T09:04:37Z INF Tunnel connection curve preferences: [X25519MLKEM768 CurveID(65074) CurveP256] connIndex=0 event=0 ip=198.41.200.13
2026-08-24T09:04:37Z ERR failed to run the datagram handler error="context canceled" connIndex=0 event=0 ip=198.41.200.13
2026-08-24T09:04:37Z ERR failed to serve tunnel connection error="control stream encountered a failure while serving" connIndex=0 event=0 ip=198.41.200.13
2026-08-24T09:04:37Z ERR Serve tunnel error error="control stream encountered a failure while serving" connIndex=0 event=0 ip=198.41.200.13
2026-08-24T09:04:37Z INF Retrying connection in up to 1m4s connIndex=0 event=0 ip=198.41.200.13
2026-08-24T09:05:05Z INF Tunnel connection curve preferences: [X25519MLKEM768 CurveID(65074) CurveP256] connIndex=0 event=0 ip=198.41.200.13
2026-08-24T09:05:05Z ERR failed to run the datagram handler error="context canceled" connIndex=0 event=0 ip=198.41.200.13
2026-08-24T09:05:05Z ERR failed to serve tunnel connection error="control stream encountered a failure while serving" connIndex=0 event=0 ip=198.41.200.13
2026-08-24T09:05:05Z ERR Serve tunnel error error="control stream encountered a failure while serving" connIndex=0 event=0 ip=198.41.200.13
2026-08-24T09:05:05Z INF Retrying connection in up to 1m4s connIndex=0 event=0 ip=198.41.200.13
2026-08-24T09:05:13Z INF Tunnel connection curve preferences: [X25519MLKEM768 CurveID(65074) CurveP256] connIndex=0 event=0 ip=198.41.200.13
2026-08-24T09:05:14Z ERR failed to run the datagram handler error="context canceled" connIndex=0 event=0 ip=198.41.200.13
2026-08-24T09:05:14Z ERR failed to serve tunnel connection error="control stream encountered a failure while serving" connIndex=0 event=0 ip=198.41.200.13
2026-08-24T09:05:14Z ERR Serve tunnel error error="control stream encountered a failure while serving" connIndex=0 event=0 ip=198.41.200.13
2026-08-24T09:05:14Z INF Retrying connection in up to 1m4s connIndex=0 event=0 ip=198.41.200.13
2026-08-24T09:05:22Z INF Tunnel connection curve preferences: [X25519MLKEM768 CurveID(65074) CurveP256] connIndex=0 event=0 ip=198.41.200.13
2026-08-24T09:05:22Z ERR failed to run the datagram handler error="context canceled" connIndex=0 event=0 ip=198.41.200.13
2026-08-24T09:05:22Z ERR failed to serve tunnel connection error="control stream encountered a failure while serving" connIndex=0 event=0 ip=198.41.200.13
2026-08-24T09:05:22Z ERR Serve tunnel error error="control stream encountered a failure while serving" connIndex=0 event=0 ip=198.41.200.13
2026-08-24T09:05:22Z INF Retrying connection in up to 1m4s connIndex=0 event=0 ip=198.41.200.13
2026-08-24T09:05:49Z INF Tunnel connection curve preferences: [X25519MLKEM768 CurveID(65074) CurveP256] connIndex=0 event=0 ip=198.41.200.13
2026-08-24T09:05:49Z ERR failed to run the datagram handler error="context canceled" connIndex=0 event=0 ip=198.41.200.13
2026-08-24T09:05:49Z ERR failed to serve tunnel connection error="control stream encountered a failure while serving" connIndex=0 event=0 ip=198.41.200.13
2026-08-24T09:05:49Z ERR Serve tunnel error error="control stream encountered a failure while serving" connIndex=0 event=0 ip=198.41.200.13
2026-08-24T09:05:49Z INF Retrying connection in up to 1m4s connIndex=0 event=0 ip=198.41.200.13
2026-08-24T09:06:09Z INF Tunnel connection curve preferences: [X25519MLKEM768 CurveID(65074) CurveP256] connIndex=0 event=0 ip=198.41.200.13
2026-08-24T09:06:09Z ERR failed to run the datagram handler error="context canceled" connIndex=0 event=0 ip=198.41.200.13
2026-08-24T09:06:09Z ERR failed to serve tunnel connection error="control stream encountered a failure while serving" connIndex=0 event=0 ip=198.41.200.13
2026-08-24T09:06:09Z ERR Serve tunnel error error="control stream encountered a failure while serving" connIndex=0 event=0 ip=198.41.200.13
2026-08-24T09:06:09Z INF Retrying connection in up to 1m4s connIndex=0 event=0 ip=198.41.200.13
2026-08-24T09:06:26Z INF Tunnel connection curve preferences: [X25519MLKEM768 CurveID(65074) CurveP256] connIndex=0 event=0 ip=198.41.200.13
2026-08-24T09:06:26Z ERR failed to run the datagram handler error="context canceled" connIndex=0 event=0 ip=198.41.200.13
2026-08-24T09:06:26Z ERR failed to serve tunnel connection error="control stream encountered a failure while serving" connIndex=0 event=0 ip=198.41.200.13
2026-08-24T09:06:26Z ERR Serve tunnel error error="control stream encountered a failure while serving" connIndex=0 event=0 ip=198.41.200.13
2026-08-24T09:06:26Z INF Retrying connection in up to 1m4s connIndex=0 event=0 ip=198.41.200.13
2026-08-24T09:06:37Z INF Tunnel connection curve preferences: [X25519MLKEM768 CurveID(65074) CurveP256] connIndex=0 event=0 ip=198.41.200.13
2026-08-24T09:06:37Z ERR failed to run the datagram handler error="context canceled" connIndex=0 event=0 ip=198.41.200.13
2026-08-24T09:06:37Z ERR failed to serve tunnel connection error="control stream encountered a failure while serving" connIndex=0 event=0 ip=198.41.200.13
2026-08-24T09:06:37Z ERR Serve tunnel error error="control stream encountered a failure while serving" connIndex=0 event=0 ip=198.41.200.13
2026-08-24T09:06:37Z INF Retrying connection in up to 1m4s connIndex=0 event=0 ip=198.41.200.13
2026-08-24T09:06:39Z INF Tunnel connection curve preferences: [X25519MLKEM768 CurveID(65074) CurveP256] connIndex=0 event=0 ip=198.41.200.13
2026-08-24T09:06:39Z ERR failed to run the datagram handler error="context canceled" connIndex=0 event=0 ip=198.41.200.13
2026-08-24T09:06:39Z ERR failed to serve tunnel connection error="control stream encountered a failure while serving" connIndex=0 event=0 ip=198.41.200.13
2026-08-24T09:06:39Z ERR Serve tunnel error error="control stream encountered a failure while serving" connIndex=0 event=0 ip=198.41.200.13
2026-08-24T09:06:39Z INF Retrying connection in up to 1m4s connIndex=0 event=0 ip=198.41.200.13
2026-08-24T09:07:10Z INF Tunnel connection curve preferences: [X25519MLKEM768 CurveID(65074) CurveP256] connIndex=0 event=0 ip=198.41.200.13
2026-08-24T09:07:10Z ERR failed to run the datagram handler error="context canceled" connIndex=0 event=0 ip=198.41.200.13
2026-08-24T09:07:10Z ERR failed to serve tunnel connection error="control stream encountered a failure while serving" connIndex=0 event=0 ip=198.41.200.13
2026-08-24T09:07:10Z ERR Serve tunnel error error="control stream encountered a failure while serving" connIndex=0 event=0 ip=198.41.200.13
2026-08-24T09:07:10Z INF Retrying connection in up to 1m4s connIndex=0 event=0 ip=198.41.200.13
2026-08-24T09:07:34Z INF Tunnel connection curve preferences: [X25519MLKEM768 CurveID(65074) CurveP256] connIndex=0 event=0 ip=198.41.200.13
2026-08-24T09:07:35Z ERR failed to run the datagram handler error="context canceled" connIndex=0 event=0 ip=198.41.200.13
2026-08-24T09:07:35Z ERR failed to serve tunnel connection error="control stream encountered a failure while serving" connIndex=0 event=0 ip=198.41.200.13
2026-08-24T09:07:35Z ERR Serve tunnel error error="control stream encountered a failure while serving" connIndex=0 event=0 ip=198.41.200.13
2026-08-24T09:07:35Z INF Retrying connection in up to 1m4s connIndex=0 event=0 ip=198.41.200.13
2026-08-24T09:07:48Z INF Tunnel connection curve preferences: [X25519MLKEM768 CurveID(65074) CurveP256] connIndex=0 event=0 ip=198.41.200.13
2026-08-24T09:07:48Z ERR failed to run the datagram handler error="context canceled" connIndex=0 event=0 ip=198.41.200.13
2026-08-24T09:07:48Z ERR failed to serve tunnel connection error="control stream encountered a failure while serving" connIndex=0 event=0 ip=198.41.200.13
2026-08-24T09:07:48Z ERR Serve tunnel error error="control stream encountered a failure while serving" connIndex=0 event=0 ip=198.41.200.13
2026-08-24T09:07:48Z INF Retrying connection in up to 1m4s connIndex=0 event=0 ip=198.41.200.13
2026-08-24T09:08:16Z INF Tunnel connection curve preferences: [X25519MLKEM768 CurveID(65074) CurveP256] connIndex=0 event=0 ip=198.41.200.13
2026-08-24T09:08:16Z ERR failed to run the datagram handler error="context canceled" connIndex=0 event=0 ip=198.41.200.13
2026-08-24T09:08:16Z ERR failed to serve tunnel connection error="control stream encountered a failure while serving" connIndex=0 event=0 ip=198.41.200.13
2026-08-24T09:08:16Z ERR Serve tunnel error error="control stream encountered a failure while serving" connIndex=0 event=0 ip=198.41.200.13
2026-08-24T09:08:16Z INF Retrying connection in up to 1m4s connIndex=0 event=0 ip=198.41.200.13
2026-08-24T09:08:26Z INF Tunnel connection curve preferences: [X25519MLKEM768 CurveID(65074) CurveP256] connIndex=0 event=0 ip=198.41.200.13
2026-08-24T09:08:26Z ERR failed to run the datagram handler error="context canceled" connIndex=0 event=0 ip=198.41.200.13
2026-08-24T09:08:26Z ERR failed to serve tunnel connection error="control stream encountered a failure while serving" connIndex=0 event=0 ip=198.41.200.13
2026-08-24T09:08:26Z ERR Serve tunnel error error="control stream encountered a failure while serving" connIndex=0 event=0 ip=198.41.200.13
2026-08-24T09:08:26Z INF Retrying connection in up to 1m4s connIndex=0 event=0 ip=198.41.200.13
2026-08-24T09:08:48Z INF Tunnel connection curve preferences: [X25519MLKEM768 CurveID(65074) CurveP256] connIndex=0 event=0 ip=198.41.200.13
2026-08-24T09:08:48Z ERR failed to run the datagram handler error="context canceled" connIndex=0 event=0 ip=198.41.200.13
2026-08-24T09:08:48Z ERR failed to serve tunnel connection error="control stream encountered a failure while serving" connIndex=0 event=0 ip=198.41.200.13
2026-08-24T09:08:48Z ERR Serve tunnel error error="control stream encountered a failure while serving" connIndex=0 event=0 ip=198.41.200.13
2026-08-24T09:08:48Z INF Retrying connection in up to 1m4s connIndex=0 event=0 ip=198.41.200.13
2026-08-24T09:09:05Z INF Tunnel connection curve preferences: [X25519MLKEM768 CurveID(65074) CurveP256] connIndex=0 event=0 ip=198.41.200.13
2026-08-24T09:09:06Z ERR failed to run the datagram handler error="context canceled" connIndex=0 event=0 ip=198.41.200.13
2026-08-24T09:09:06Z ERR failed to serve tunnel connection error="control stream encountered a failure while serving" connIndex=0 event=0 ip=198.41.200.13
2026-08-24T09:09:06Z ERR Serve tunnel error error="control stream encountered a failure while serving" connIndex=0 event=0 ip=198.41.200.13
2026-08-24T09:09:06Z INF Retrying connection in up to 1m4s connIndex=0 event=0 ip=198.41.200.13
2026-08-24T09:09:21Z INF Tunnel connection curve preferences: [X25519MLKEM768 CurveID(65074) CurveP256] connIndex=0 event=0 ip=198.41.200.13
2026-08-24T09:09:21Z ERR failed to run the datagram handler error="context canceled" connIndex=0 event=0 ip=198.41.200.13
2026-08-24T09:09:21Z ERR failed to serve tunnel connection error="control stream encountered a failure while serving" connIndex=0 event=0 ip=198.41.200.13
2026-08-24T09:09:21Z ERR Serve tunnel error error="control stream encountered a failure while serving" connIndex=0 event=0 ip=198.41.200.13
2026-08-24T09:09:21Z INF Retrying connection in up to 1m4s connIndex=0 event=0 ip=198.41.200.13
2026-08-24T09:09:35Z INF Tunnel connection curve preferences: [X25519MLKEM768 CurveID(65074) CurveP256] connIndex=0 event=0 ip=198.41.200.13
2026-08-24T09:09:35Z ERR failed to run the datagram handler error="context canceled" connIndex=0 event=0 ip=198.41.200.13
2026-08-24T09:09:35Z ERR failed to serve tunnel connection error="control stream encountered a failure while serving" connIndex=0 event=0 ip=198.41.200.13
2026-08-24T09:09:35Z ERR Serve tunnel error error="control stream encountered a failure while serving" connIndex=0 event=0 ip=198.41.200.13
2026-08-24T09:09:35Z INF Retrying connection in up to 1m4s connIndex=0 event=0 ip=198.41.200.13
2026-08-24T09:09:57Z INF Tunnel connection curve preferences: [X25519MLKEM768 CurveID(65074) CurveP256] connIndex=0 event=0 ip=198.41.200.13
2026-08-24T09:09:57Z ERR failed to run the datagram handler error="context canceled" connIndex=0 event=0 ip=198.41.200.13
2026-08-24T09:09:57Z ERR failed to serve tunnel connection error="control stream encountered a failure while serving" connIndex=0 event=0 ip=198.41.200.13
2026-08-24T09:09:57Z ERR Serve tunnel error error="control stream encountered a failure while serving" connIndex=0 event=0 ip=198.41.200.13
2026-08-24T09:09:57Z INF Retrying connection in up to 1m4s connIndex=0 event=0 ip=198.41.200.13
2026-08-24T09:10:13Z INF Tunnel connection curve preferences: [X25519MLKEM768 CurveID(65074) CurveP256] connIndex=0 event=0 ip=198.41.200.13
2026-08-24T09:10:13Z ERR failed to run the datagram handler error="context canceled" connIndex=0 event=0 ip=198.41.200.13
2026-08-24T09:10:13Z ERR failed to serve tunnel connection error="control stream encountered a failure while serving" connIndex=0 event=0 ip=198.41.200.13
2026-08-24T09:10:13Z ERR Serve tunnel error error="control stream encountered a failure while serving" connIndex=0 event=0 ip=198.41.200.13
2026-08-24T09:10:13Z INF Retrying connection in up to 1m4s connIndex=0 event=0 ip=198.41.200.13
2026-08-24T09:10:23Z INF Tunnel connection curve preferences: [X25519MLKEM768 CurveID(65074) CurveP256] connIndex=0 event=0 ip=198.41.200.13
2026-08-24T09:10:23Z ERR failed to run the datagram handler error="context canceled" connIndex=0 event=0 ip=198.41.200.13
2026-08-24T09:10:23Z ERR failed to serve tunnel connection error="control stream encountered a failure while serving" connIndex=0 event=0 ip=198.41.200.13
2026-08-24T09:10:23Z ERR Serve tunnel error error="control stream encountered a failure while serving" connIndex=0 event=0 ip=198.41.200.13
2026-08-24T09:10:23Z INF Retrying connection in up to 1m4s connIndex=0 event=0 ip=198.41.200.13
2026-08-24T09:10:52Z INF Tunnel connection curve preferences: [X25519MLKEM768 CurveID(65074) CurveP256] connIndex=0 event=0 ip=198.41.200.13
2026-08-24T09:10:53Z ERR failed to run the datagram handler error="context canceled" connIndex=0 event=0 ip=198.41.200.13
2026-08-24T09:10:53Z ERR failed to serve tunnel connection error="control stream encountered a failure while serving" connIndex=0 event=0 ip=198.41.200.13
2026-08-24T09:10:53Z ERR Serve tunnel error error="control stream encountered a failure while serving" connIndex=0 event=0 ip=198.41.200.13
2026-08-24T09:10:53Z INF Retrying connection in up to 1m4s connIndex=0 event=0 ip=198.41.200.13
2026-08-24T09:11:06Z INF Tunnel connection curve preferences: [X25519MLKEM768 CurveID(65074) CurveP256] connIndex=0 event=0 ip=198.41.200.13
2026-08-24T09:11:06Z ERR failed to run the datagram handler error="context canceled" connIndex=0 event=0 ip=198.41.200.13
2026-08-24T09:11:06Z ERR failed to serve tunnel connection error="control stream encountered a failure while serving" connIndex=0 event=0 ip=198.41.200.13
2026-08-24T09:11:06Z ERR Serve tunnel error error="control stream encountered a failure while serving" connIndex=0 event=0 ip=198.41.200.13
2026-08-24T09:11:06Z INF Retrying connection in up to 1m4s connIndex=0 event=0 ip=198.41.200.13
2026-08-24T09:11:35Z INF Tunnel connection curve preferences: [X25519MLKEM768 CurveID(65074) CurveP256] connIndex=0 event=0 ip=198.41.200.13
2026-08-24T09:11:35Z ERR failed to run the datagram handler error="context canceled" connIndex=0 event=0 ip=198.41.200.13
2026-08-24T09:11:35Z ERR failed to serve tunnel connection error="control stream encountered a failure while serving" connIndex=0 event=0 ip=198.41.200.13
2026-08-24T09:11:35Z ERR Serve tunnel error error="control stream encountered a failure while serving" connIndex=0 event=0 ip=198.41.200.13
2026-08-24T09:11:35Z INF Retrying connection in up to 1m4s connIndex=0 event=0 ip=198.41.200.13
2026-08-24T09:12:07Z INF Tunnel connection curve preferences: [X25519MLKEM768 CurveID(65074) CurveP256] connIndex=0 event=0 ip=198.41.200.13
2026-08-24T09:12:07Z ERR failed to run the datagram handler error="context canceled" connIndex=0 event=0 ip=198.41.200.13
2026-08-24T09:12:07Z ERR failed to serve tunnel connection error="control stream encountered a failure while serving" connIndex=0 event=0 ip=198.41.200.13
2026-08-24T09:12:07Z ERR Serve tunnel error error="control stream encountered a failure while serving" connIndex=0 event=0 ip=198.41.200.13
2026-08-24T09:12:07Z INF Retrying connection in up to 1m4s connIndex=0 event=0 ip=198.41.200.13
2026-08-24T09:12:28Z INF Tunnel connection curve preferences: [X25519MLKEM768 CurveID(65074) CurveP256] connIndex=0 event=0 ip=198.41.200.13
2026-08-24T09:12:28Z ERR failed to run the datagram handler error="context canceled" connIndex=0 event=0 ip=198.41.200.13
2026-08-24T09:12:28Z ERR failed to serve tunnel connection error="control stream encountered a failure while serving" connIndex=0 event=0 ip=198.41.200.13
2026-08-24T09:12:28Z ERR Serve tunnel error error="control stream encountered a failure while serving" connIndex=0 event=0 ip=198.41.200.13
2026-08-24T09:12:28Z INF Retrying connection in up to 1m4s connIndex=0 event=0 ip=198.41.200.13
2026-08-24T09:12:42Z INF Tunnel connection curve preferences: [X25519MLKEM768 CurveID(65074) CurveP256] connIndex=0 event=0 ip=198.41.200.13
2026-08-24T09:12:43Z ERR failed to run the datagram handler error="context canceled" connIndex=0 event=0 ip=198.41.200.13
2026-08-24T09:12:43Z ERR failed to serve tunnel connection error="control stream encountered a failure while serving" connIndex=0 event=0 ip=198.41.200.13
2026-08-24T09:12:43Z ERR Serve tunnel error error="control stream encountered a failure while serving" connIndex=0 event=0 ip=198.41.200.13
2026-08-24T09:12:43Z INF Retrying connection in up to 1m4s connIndex=0 event=0 ip=198.41.200.13
2026-08-24T09:13:13Z INF Tunnel connection curve preferences: [X25519MLKEM768 CurveID(65074) CurveP256] connIndex=0 event=0 ip=198.41.200.13
2026-08-24T09:13:13Z ERR failed to run the datagram handler error="context canceled" connIndex=0 event=0 ip=198.41.200.13
2026-08-24T09:13:13Z ERR failed to serve tunnel connection error="control stream encountered a failure while serving" connIndex=0 event=0 ip=198.41.200.13
2026-08-24T09:13:13Z ERR Serve tunnel error error="control stream encountered a failure while serving" connIndex=0 event=0 ip=198.41.200.13
2026-08-24T09:13:13Z INF Retrying connection in up to 1m4s connIndex=0 event=0 ip=198.41.200.13
2026-08-24T09:13:15Z INF Tunnel connection curve preferences: [X25519MLKEM768 CurveID(65074) CurveP256] connIndex=0 event=0 ip=198.41.200.13
2026-08-24T09:13:16Z ERR failed to run the datagram handler error="context canceled" connIndex=0 event=0 ip=198.41.200.13
2026-08-24T09:13:16Z ERR failed to serve tunnel connection error="control stream encountered a failure while serving" connIndex=0 event=0 ip=198.41.200.13
2026-08-24T09:13:16Z ERR Serve tunnel error error="control stream encountered a failure while serving" connIndex=0 event=0 ip=198.41.200.13
2026-08-24T09:13:16Z INF Retrying connection in up to 1m4s connIndex=0 event=0 ip=198.41.200.13
2026-08-24T09:13:22Z INF Tunnel connection curve preferences: [X25519MLKEM768 CurveID(65074) CurveP256] connIndex=0 event=0 ip=198.41.200.13
2026-08-24T09:13:22Z ERR failed to run the datagram handler error="context canceled" connIndex=0 event=0 ip=198.41.200.13
2026-08-24T09:13:22Z ERR failed to serve tunnel connection error="control stream encountered a failure while serving" connIndex=0 event=0 ip=198.41.200.13
2026-08-24T09:13:22Z ERR Serve tunnel error error="control stream encountered a failure while serving" connIndex=0 event=0 ip=198.41.200.13
2026-08-24T09:13:22Z INF Retrying connection in up to 1m4s connIndex=0 event=0 ip=198.41.200.13
2026-08-24T09:13:24Z INF Tunnel connection curve preferences: [X25519MLKEM768 CurveID(65074) CurveP256] connIndex=0 event=0 ip=198.41.200.13
2026-08-24T09:13:24Z ERR failed to run the datagram handler error="context canceled" connIndex=0 event=0 ip=198.41.200.13
2026-08-24T09:13:24Z ERR failed to serve tunnel connection error="control stream encountered a failure while serving" connIndex=0 event=0 ip=198.41.200.13
2026-08-24T09:13:24Z ERR Serve tunnel error error="control stream encountered a failure while serving" connIndex=0 event=0 ip=198.41.200.13
2026-08-24T09:13:24Z INF Retrying connection in up to 1m4s connIndex=0 event=0 ip=198.41.200.13
2026-08-24T09:13:44Z INF Tunnel connection curve preferences: [X25519MLKEM768 CurveID(65074) CurveP256] connIndex=0 event=0 ip=198.41.200.13
2026-08-24T09:13:44Z ERR failed to run the datagram handler error="context canceled" connIndex=0 event=0 ip=198.41.200.13
2026-08-24T09:13:44Z ERR failed to serve tunnel connection error="control stream encountered a failure while serving" connIndex=0 event=0 ip=198.41.200.13
2026-08-24T09:13:44Z ERR Serve tunnel error error="control stream encountered a failure while serving" connIndex=0 event=0 ip=198.41.200.13
2026-08-24T09:13:44Z INF Retrying connection in up to 1m4s connIndex=0 event=0 ip=198.41.200.13
2026-08-24T09:13:53Z INF Tunnel connection curve preferences: [X25519MLKEM768 CurveID(65074) CurveP256] connIndex=0 event=0 ip=198.41.200.13
2026-08-24T09:13:53Z ERR failed to run the datagram handler error="context canceled" connIndex=0 event=0 ip=198.41.200.13
2026-08-24T09:13:53Z ERR failed to serve tunnel connection error="control stream encountered a failure while serving" connIndex=0 event=0 ip=198.41.200.13
2026-08-24T09:13:53Z ERR Serve tunnel error error="control stream encountered a failure while serving" connIndex=0 event=0 ip=198.41.200.13
2026-08-24T09:13:53Z INF Retrying connection in up to 1m4s connIndex=0 event=0 ip=198.41.200.13
2026-08-24T09:13:56Z INF Tunnel connection curve preferences: [X25519MLKEM768 CurveID(65074) CurveP256] connIndex=0 event=0 ip=198.41.200.13
2026-08-24T09:13:56Z ERR failed to run the datagram handler error="context canceled" connIndex=0 event=0 ip=198.41.200.13
2026-08-24T09:13:56Z ERR failed to serve tunnel connection error="control stream encountered a failure while serving" connIndex=0 event=0 ip=198.41.200.13
2026-08-24T09:13:56Z ERR Serve tunnel error error="control stream encountered a failure while serving" connIndex=0 event=0 ip=198.41.200.13
2026-08-24T09:13:56Z INF Retrying connection in up to 1m4s connIndex=0 event=0 ip=198.41.200.13
2026-08-24T09:13:58Z INF Tunnel connection curve preferences: [X25519MLKEM768 CurveID(65074) CurveP256] connIndex=0 event=0 ip=198.41.200.13
2026-08-24T09:13:59Z ERR failed to run the datagram handler error="context canceled" connIndex=0 event=0 ip=198.41.200.13
2026-08-24T09:13:59Z ERR failed to serve tunnel connection error="control stream encountered a failure while serving" connIndex=0 event=0 ip=198.41.200.13
2026-08-24T09:13:59Z ERR Serve tunnel error error="control stream encountered a failure while serving" connIndex=0 event=0 ip=198.41.200.13
2026-08-24T09:13:59Z INF Retrying connection in up to 1m4s connIndex=0 event=0 ip=198.41.200.13
2026-08-24T09:14:24Z INF Tunnel connection curve preferences: [X25519MLKEM768 CurveID(65074) CurveP256] connIndex=0 event=0 ip=198.41.200.13
2026-08-24T09:14:24Z ERR failed to run the datagram handler error="context canceled" connIndex=0 event=0 ip=198.41.200.13
2026-08-24T09:14:24Z ERR failed to serve tunnel connection error="control stream encountered a failure while serving" connIndex=0 event=0 ip=198.41.200.13
2026-08-24T09:14:24Z ERR Serve tunnel error error="control stream encountered a failure while serving" connIndex=0 event=0 ip=198.41.200.13
2026-08-24T09:14:24Z INF Retrying connection in up to 1m4s connIndex=0 event=0 ip=198.41.200.13
2026-08-24T09:14:30Z INF Tunnel connection curve preferences: [X25519MLKEM768 CurveID(65074) CurveP256] connIndex=0 event=0 ip=198.41.200.13
2026-08-24T09:14:30Z ERR failed to run the datagram handler error="context canceled" connIndex=0 event=0 ip=198.41.200.13
2026-08-24T09:14:30Z ERR failed to serve tunnel connection error="control stream encountered a failure while serving" connIndex=0 event=0 ip=198.41.200.13
2026-08-24T09:14:30Z ERR Serve tunnel error error="control stream encountered a failure while serving" connIndex=0 event=0 ip=198.41.200.13
2026-08-24T09:14:30Z INF Retrying connection in up to 1m4s connIndex=0 event=0 ip=198.41.200.13
2026-08-24T09:14:40Z INF Tunnel connection curve preferences: [X25519MLKEM768 CurveID(65074) CurveP256] connIndex=0 event=0 ip=198.41.200.13
2026-08-24T09:14:40Z ERR failed to run the datagram handler error="context canceled" connIndex=0 event=0 ip=198.41.200.13
2026-08-24T09:14:40Z ERR failed to serve tunnel connection error="control stream encountered a failure while serving" connIndex=0 event=0 ip=198.41.200.13
2026-08-24T09:14:40Z ERR Serve tunnel error error="control stream encountered a failure while serving" connIndex=0 event=0 ip=198.41.200.13
2026-08-24T09:14:40Z INF Retrying connection in up to 1m4s connIndex=0 event=0 ip=198.41.200.13
2026-08-24T09:15:01Z INF Tunnel connection curve preferences: [X25519MLKEM768 CurveID(65074) CurveP256] connIndex=0 event=0 ip=198.41.200.13
2026-08-24T09:15:01Z ERR failed to run the datagram handler error="context canceled" connIndex=0 event=0 ip=198.41.200.13
2026-08-24T09:15:01Z ERR failed to serve tunnel connection error="control stream encountered a failure while serving" connIndex=0 event=0 ip=198.41.200.13
2026-08-24T09:15:01Z ERR Serve tunnel error error="control stream encountered a failure while serving" connIndex=0 event=0 ip=198.41.200.13
2026-08-24T09:15:01Z INF Retrying connection in up to 1m4s connIndex=0 event=0 ip=198.41.200.13
2026-08-24T09:15:23Z INF Tunnel connection curve preferences: [X25519MLKEM768 CurveID(65074) CurveP256] connIndex=0 event=0 ip=198.41.200.13
2026-08-24T09:15:23Z ERR failed to run the datagram handler error="context canceled" connIndex=0 event=0 ip=198.41.200.13
2026-08-24T09:15:23Z ERR failed to serve tunnel connection error="control stream encountered a failure while serving" connIndex=0 event=0 ip=198.41.200.13
2026-08-24T09:15:23Z ERR Serve tunnel error error="control stream encountered a failure while serving" connIndex=0 event=0 ip=198.41.200.13
2026-08-24T09:15:23Z INF Retrying connection in up to 1m4s connIndex=0 event=0 ip=198.41.200.13
2026-08-24T09:15:31Z INF Tunnel connection curve preferences: [X25519MLKEM768 CurveID(65074) CurveP256] connIndex=0 event=0 ip=198.41.200.13
2026-08-24T09:15:31Z ERR failed to run the datagram handler error="context canceled" connIndex=0 event=0 ip=198.41.200.13
2026-08-24T09:15:31Z ERR failed to serve tunnel connection error="control stream encountered a failure while serving" connIndex=0 event=0 ip=198.41.200.13
2026-08-24T09:15:31Z ERR Serve tunnel error error="control stream encountered a failure while serving" connIndex=0 event=0 ip=198.41.200.13
2026-08-24T09:15:31Z INF Retrying connection in up to 1m4s connIndex=0 event=0 ip=198.41.200.13
2026-08-24T09:15:33Z INF Tunnel connection curve preferences: [X25519MLKEM768 CurveID(65074) CurveP256] connIndex=0 event=0 ip=198.41.200.13
2026-08-24T09:15:33Z ERR failed to run the datagram handler error="context canceled" connIndex=0 event=0 ip=198.41.200.13
2026-08-24T09:15:33Z ERR failed to serve tunnel connection error="control stream encountered a failure while serving" connIndex=0 event=0 ip=198.41.200.13
2026-08-24T09:15:33Z ERR Serve tunnel error error="control stream encountered a failure while serving" connIndex=0 event=0 ip=198.41.200.13
2026-08-24T09:15:33Z INF Retrying connection in up to 1m4s connIndex=0 event=0 ip=198.41.200.13
2026-08-24T09:15:35Z INF Tunnel connection curve preferences: [X25519MLKEM768 CurveID(65074) CurveP256] connIndex=0 event=0 ip=198.41.200.13
2026-08-24T09:15:35Z ERR failed to run the datagram handler error="context canceled" connIndex=0 event=0 ip=198.41.200.13
2026-08-24T09:15:35Z ERR failed to serve tunnel connection error="control stream encountered a failure while serving" connIndex=0 event=0 ip=198.41.200.13
2026-08-24T09:15:35Z ERR Serve tunnel error error="control stream encountered a failure while serving" connIndex=0 event=0 ip=198.41.200.13
2026-08-24T09:15:35Z INF Retrying connection in up to 1m4s connIndex=0 event=0 ip=198.41.200.13
2026-08-24T09:15:42Z INF Tunnel connection curve preferences: [X25519MLKEM768 CurveID(65074) CurveP256] connIndex=0 event=0 ip=198.41.200.13
2026-08-24T09:15:42Z ERR failed to run the datagram handler error="context canceled" connIndex=0 event=0 ip=198.41.200.13
2026-08-24T09:15:42Z ERR failed to serve tunnel connection error="control stream encountered a failure while serving" connIndex=0 event=0 ip=198.41.200.13
2026-08-24T09:15:42Z ERR Serve tunnel error error="control stream encountered a failure while serving" connIndex=0 event=0 ip=198.41.200.13
2026-08-24T09:15:42Z INF Retrying connection in up to 1m4s connIndex=0 event=0 ip=198.41.200.13
2026-08-24T09:15:49Z INF Tunnel connection curve preferences: [X25519MLKEM768 CurveID(65074) CurveP256] connIndex=0 event=0 ip=198.41.200.13
2026-08-24T09:15:50Z ERR failed to run the datagram handler error="context canceled" connIndex=0 event=0 ip=198.41.200.13
2026-08-24T09:15:50Z ERR failed to serve tunnel connection error="control stream encountered a failure while serving" connIndex=0 event=0 ip=198.41.200.13
2026-08-24T09:15:50Z ERR Serve tunnel error error="control stream encountered a failure while serving" connIndex=0 event=0 ip=198.41.200.13
2026-08-24T09:15:50Z INF Retrying connection in up to 1m4s connIndex=0 event=0 ip=198.41.200.13
2026-08-24T09:15:58Z INF Tunnel connection curve preferences: [X25519MLKEM768 CurveID(65074) CurveP256] connIndex=0 event=0 ip=198.41.200.13
2026-08-24T09:15:58Z ERR failed to run the datagram handler error="context canceled" connIndex=0 event=0 ip=198.41.200.13
2026-08-24T09:15:58Z ERR failed to serve tunnel connection error="control stream encountered a failure while serving" connIndex=0 event=0 ip=198.41.200.13
2026-08-24T09:15:58Z ERR Serve tunnel error error="control stream encountered a failure while serving" connIndex=0 event=0 ip=198.41.200.13
2026-08-24T09:15:58Z INF Retrying connection in up to 1m4s connIndex=0 event=0 ip=198.41.200.13
2026-08-24T09:16:11Z INF Tunnel connection curve preferences: [X25519MLKEM768 CurveID(65074) CurveP256] connIndex=0 event=0 ip=198.41.200.13
2026-08-24T09:16:11Z ERR failed to run the datagram handler error="context canceled" connIndex=0 event=0 ip=198.41.200.13
2026-08-24T09:16:11Z ERR failed to serve tunnel connection error="control stream encountered a failure while serving" connIndex=0 event=0 ip=198.41.200.13
2026-08-24T09:16:11Z ERR Serve tunnel error error="control stream encountered a failure while serving" connIndex=0 event=0 ip=198.41.200.13
2026-08-24T09:16:11Z INF Retrying connection in up to 1m4s connIndex=0 event=0 ip=198.41.200.13
2026-08-24T09:16:39Z INF Tunnel connection curve preferences: [X25519MLKEM768 CurveID(65074) CurveP256] connIndex=0 event=0 ip=198.41.200.13
2026-08-24T09:16:39Z ERR failed to run the datagram handler error="context canceled" connIndex=0 event=0 ip=198.41.200.13
2026-08-24T09:16:39Z ERR failed to serve tunnel connection error="control stream encountered a failure while serving" connIndex=0 event=0 ip=198.41.200.13
2026-08-24T09:16:39Z ERR Serve tunnel error error="control stream encountered a failure while serving" connIndex=0 event=0 ip=198.41.200.13
2026-08-24T09:16:39Z INF Retrying connection in up to 1m4s connIndex=0 event=0 ip=198.41.200.13
2026-08-24T09:16:44Z INF Tunnel connection curve preferences: [X25519MLKEM768 CurveID(65074) CurveP256] connIndex=0 event=0 ip=198.41.200.13
2026-08-24T09:16:44Z ERR failed to run the datagram handler error="context canceled" connIndex=0 event=0 ip=198.41.200.13
2026-08-24T09:16:44Z ERR failed to serve tunnel connection error="control stream encountered a failure while serving" connIndex=0 event=0 ip=198.41.200.13
2026-08-24T09:16:44Z ERR Serve tunnel error error="control stream encountered a failure while serving" connIndex=0 event=0 ip=198.41.200.13
2026-08-24T09:16:44Z INF Retrying connection in up to 1m4s connIndex=0 event=0 ip=198.41.200.13
2026-08-24T09:16:57Z INF Tunnel connection curve preferences: [X25519MLKEM768 CurveID(65074) CurveP256] connIndex=0 event=0 ip=198.41.200.13
2026-08-24T09:16:57Z ERR failed to run the datagram handler error="context canceled" connIndex=0 event=0 ip=198.41.200.13
2026-08-24T09:16:57Z ERR failed to serve tunnel connection error="control stream encountered a failure while serving" connIndex=0 event=0 ip=198.41.200.13
2026-08-24T09:16:57Z ERR Serve tunnel error error="control stream encountered a failure while serving" connIndex=0 event=0 ip=198.41.200.13
2026-08-24T09:16:57Z INF Retrying connection in up to 1m4s connIndex=0 event=0 ip=198.41.200.13
2026-08-24T09:16:59Z INF Tunnel connection curve preferences: [X25519MLKEM768 CurveID(65074) CurveP256] connIndex=0 event=0 ip=198.41.200.13
2026-08-24T09:16:59Z ERR failed to run the datagram handler error="context canceled" connIndex=0 event=0 ip=198.41.200.13
2026-08-24T09:16:59Z ERR failed to serve tunnel connection error="control stream encountered a failure while serving" connIndex=0 event=0 ip=198.41.200.13
2026-08-24T09:16:59Z ERR Serve tunnel error error="control stream encountered a failure while serving" connIndex=0 event=0 ip=198.41.200.13
2026-08-24T09:16:59Z INF Retrying connection in up to 1m4s connIndex=0 event=0 ip=198.41.200.13
2026-08-24T09:17:23Z INF Tunnel connection curve preferences: [X25519MLKEM768 CurveID(65074) CurveP256] connIndex=0 event=0 ip=198.41.200.13
2026-08-24T09:17:23Z ERR failed to run the datagram handler error="context canceled" connIndex=0 event=0 ip=198.41.200.13
2026-08-24T09:17:23Z ERR failed to serve tunnel connection error="control stream encountered a failure while serving" connIndex=0 event=0 ip=198.41.200.13
2026-08-24T09:17:23Z ERR Serve tunnel error error="control stream encountered a failure while serving" connIndex=0 event=0 ip=198.41.200.13
2026-08-24T09:17:23Z INF Retrying connection in up to 1m4s connIndex=0 event=0 ip=198.41.200.13
2026-08-24T09:17:27Z INF Tunnel connection curve preferences: [X25519MLKEM768 CurveID(65074) CurveP256] connIndex=0 event=0 ip=198.41.200.13
2026-08-24T09:17:28Z ERR failed to run the datagram handler error="context canceled" connIndex=0 event=0 ip=198.41.200.13
2026-08-24T09:17:28Z ERR failed to serve tunnel connection error="control stream encountered a failure while serving" connIndex=0 event=0 ip=198.41.200.13
2026-08-24T09:17:28Z ERR Serve tunnel error error="control stream encountered a failure while serving" connIndex=0 event=0 ip=198.41.200.13
2026-08-24T09:17:28Z INF Retrying connection in up to 1m4s connIndex=0 event=0 ip=198.41.200.13
2026-08-24T09:20:58Z INF Tunnel connection curve preferences: [X25519MLKEM768 CurveID(65074) CurveP256] connIndex=0 event=0 ip=198.41.200.13
2026-08-24T09:20:58Z ERR failed to run the datagram handler error="context canceled" connIndex=0 event=0 ip=198.41.200.13
2026-08-24T09:20:58Z ERR failed to serve tunnel connection error="control stream encountered a failure while serving" connIndex=0 event=0 ip=198.41.200.13
2026-08-24T09:20:58Z ERR Serve tunnel error error="control stream encountered a failure while serving" connIndex=0 event=0 ip=198.41.200.13
2026-08-24T09:20:58Z INF Retrying connection in up to 1m4s connIndex=0 event=0 ip=198.41.200.13
2026-08-24T09:21:18Z INF Tunnel connection curve preferences: [X25519MLKEM768 CurveID(65074) CurveP256] connIndex=0 event=0 ip=198.41.200.13
2026-08-24T09:21:18Z ERR failed to run the datagram handler error="context canceled" connIndex=0 event=0 ip=198.41.200.13
2026-08-24T09:21:18Z ERR failed to serve tunnel connection error="control stream encountered a failure while serving" connIndex=0 event=0 ip=198.41.200.13
2026-08-24T09:21:18Z ERR Serve tunnel error error="control stream encountered a failure while serving" connIndex=0 event=0 ip=198.41.200.13
2026-08-24T09:21:18Z INF Retrying connection in up to 1m4s connIndex=0 event=0 ip=198.41.200.13
2026-08-24T09:21:30Z INF Tunnel connection curve preferences: [X25519MLKEM768 CurveID(65074) CurveP256] connIndex=0 event=0 ip=198.41.200.13
2026-08-24T09:21:31Z ERR failed to run the datagram handler error="context canceled" connIndex=0 event=0 ip=198.41.200.13
2026-08-24T09:21:31Z ERR failed to serve tunnel connection error="control stream encountered a failure while serving" connIndex=0 event=0 ip=198.41.200.13
2026-08-24T09:21:31Z ERR Serve tunnel error error="control stream encountered a failure while serving" connIndex=0 event=0 ip=198.41.200.13
2026-08-24T09:21:31Z INF Retrying connection in up to 1m4s connIndex=0 event=0 ip=198.41.200.13
2026-08-24T09:21:35Z INF Tunnel connection curve preferences: [X25519MLKEM768 CurveID(65074) CurveP256] connIndex=0 event=0 ip=198.41.200.13
2026-08-24T09:21:35Z ERR failed to run the datagram handler error="context canceled" connIndex=0 event=0 ip=198.41.200.13
2026-08-24T09:21:35Z ERR failed to serve tunnel connection error="control stream encountered a failure while serving" connIndex=0 event=0 ip=198.41.200.13
2026-08-24T09:21:35Z ERR Serve tunnel error error="control stream encountered a failure while serving" connIndex=0 event=0 ip=198.41.200.13
2026-08-24T09:21:35Z INF Retrying connection in up to 1m4s connIndex=0 event=0 ip=198.41.200.13
2026-08-24T09:21:38Z INF Tunnel connection curve preferences: [X25519MLKEM768 CurveID(65074) CurveP256] connIndex=0 event=0 ip=198.41.200.13
2026-08-24T09:21:38Z ERR failed to run the datagram handler error="context canceled" connIndex=0 event=0 ip=198.41.200.13
2026-08-24T09:21:38Z ERR failed to serve tunnel connection error="control stream encountered a failure while serving" connIndex=0 event=0 ip=198.41.200.13
2026-08-24T09:21:38Z ERR Serve tunnel error error="control stream encountered a failure while serving" connIndex=0 event=0 ip=198.41.200.13
2026-08-24T09:21:38Z INF Retrying connection in up to 1m4s connIndex=0 event=0 ip=198.41.200.13
2026-08-24T09:21:47Z INF Tunnel connection curve preferences: [X25519MLKEM768 CurveID(65074) CurveP256] connIndex=0 event=0 ip=198.41.200.13
2026-08-24T09:21:48Z ERR failed to run the datagram handler error="context canceled" connIndex=0 event=0 ip=198.41.200.13
2026-08-24T09:21:48Z ERR failed to serve tunnel connection error="control stream encountered a failure while serving" connIndex=0 event=0 ip=198.41.200.13
2026-08-24T09:21:48Z ERR Serve tunnel error error="control stream encountered a failure while serving" connIndex=0 event=0 ip=198.41.200.13
2026-08-24T09:21:48Z INF Retrying connection in up to 1m4s connIndex=0 event=0 ip=198.41.200.13
2026-08-24T09:22:02Z INF Tunnel connection curve preferences: [X25519MLKEM768 CurveID(65074) CurveP256] connIndex=0 event=0 ip=198.41.200.13
2026-08-24T09:22:02Z ERR failed to run the datagram handler error="context canceled" connIndex=0 event=0 ip=198.41.200.13
2026-08-24T09:22:02Z ERR failed to serve tunnel connection error="control stream encountered a failure while serving" connIndex=0 event=0 ip=198.41.200.13
2026-08-24T09:22:02Z ERR Serve tunnel error error="control stream encountered a failure while serving" connIndex=0 event=0 ip=198.41.200.13
2026-08-24T09:22:02Z INF Retrying connection in up to 1m4s connIndex=0 event=0 ip=198.41.200.13
2026-08-24T09:22:32Z INF Tunnel connection curve preferences: [X25519MLKEM768 CurveID(65074) CurveP256] connIndex=0 event=0 ip=198.41.200.13
2026-08-24T09:22:32Z ERR failed to run the datagram handler error="context canceled" connIndex=0 event=0 ip=198.41.200.13
2026-08-24T09:22:32Z ERR failed to serve tunnel connection error="control stream encountered a failure while serving" connIndex=0 event=0 ip=198.41.200.13
2026-08-24T09:22:32Z ERR Serve tunnel error error="control stream encountered a failure while serving" connIndex=0 event=0 ip=198.41.200.13
2026-08-24T09:22:32Z INF Retrying connection in up to 1m4s connIndex=0 event=0 ip=198.41.200.13
2026-08-24T09:22:45Z INF Tunnel connection curve preferences: [X25519MLKEM768 CurveID(65074) CurveP256] connIndex=0 event=0 ip=198.41.200.13
2026-08-24T09:22:45Z ERR failed to run the datagram handler error="context canceled" connIndex=0 event=0 ip=198.41.200.13
2026-08-24T09:22:45Z ERR failed to serve tunnel connection error="control stream encountered a failure while serving" connIndex=0 event=0 ip=198.41.200.13
2026-08-24T09:22:45Z ERR Serve tunnel error error="control stream encountered a failure while serving" connIndex=0 event=0 ip=198.41.200.13
2026-08-24T09:22:45Z INF Retrying connection in up to 1m4s connIndex=0 event=0 ip=198.41.200.13
2026-08-24T09:23:03Z INF Tunnel connection curve preferences: [X25519MLKEM768 CurveID(65074) CurveP256] connIndex=0 event=0 ip=198.41.200.13
2026-08-24T09:23:03Z ERR failed to run the datagram handler error="context canceled" connIndex=0 event=0 ip=198.41.200.13
2026-08-24T09:23:03Z ERR failed to serve tunnel connection error="control stream encountered a failure while serving" connIndex=0 event=0 ip=198.41.200.13
2026-08-24T09:23:03Z ERR Serve tunnel error error="control stream encountered a failure while serving" connIndex=0 event=0 ip=198.41.200.13
2026-08-24T09:23:03Z INF Retrying connection in up to 1m4s connIndex=0 event=0 ip=198.41.200.13
2026-08-24T09:23:15Z INF Tunnel connection curve preferences: [X25519MLKEM768 CurveID(65074) CurveP256] connIndex=0 event=0 ip=198.41.200.13
2026-08-24T09:23:15Z ERR failed to run the datagram handler error="context canceled" connIndex=0 event=0 ip=198.41.200.13
2026-08-24T09:23:15Z ERR failed to serve tunnel connection error="control stream encountered a failure while serving" connIndex=0 event=0 ip=198.41.200.13
2026-08-24T09:23:15Z ERR Serve tunnel error error="control stream encountered a failure while serving" connIndex=0 event=0 ip=198.41.200.13
2026-08-24T09:23:15Z INF Retrying connection in up to 1m4s connIndex=0 event=0 ip=198.41.200.13
2026-08-24T09:23:27Z INF Tunnel connection curve preferences: [X25519MLKEM768 CurveID(65074) CurveP256] connIndex=0 event=0 ip=198.41.200.13
2026-08-24T09:23:27Z ERR failed to run the datagram handler error="context canceled" connIndex=0 event=0 ip=198.41.200.13
2026-08-24T09:23:27Z ERR failed to serve tunnel connection error="control stream encountered a failure while serving" connIndex=0 event=0 ip=198.41.200.13
2026-08-24T09:23:27Z ERR Serve tunnel error error="control stream encountered a failure while serving" connIndex=0 event=0 ip=198.41.200.13
2026-08-24T09:23:27Z INF Retrying connection in up to 1m4s connIndex=0 event=0 ip=198.41.200.13
2026-08-24T09:23:39Z INF Tunnel connection curve preferences: [X25519MLKEM768 CurveID(65074) CurveP256] connIndex=0 event=0 ip=198.41.200.13
2026-08-24T09:23:39Z ERR failed to run the datagram handler error="context canceled" connIndex=0 event=0 ip=198.41.200.13
2026-08-24T09:23:39Z ERR failed to serve tunnel connection error="control stream encountered a failure while serving" connIndex=0 event=0 ip=198.41.200.13
2026-08-24T09:23:39Z ERR Serve tunnel error error="control stream encountered a failure while serving" connIndex=0 event=0 ip=198.41.200.13
2026-08-24T09:23:39Z INF Retrying connection in up to 1m4s connIndex=0 event=0 ip=198.41.200.13
2026-08-24T09:24:00Z INF Tunnel connection curve preferences: [X25519MLKEM768 CurveID(65074) CurveP256] connIndex=0 event=0 ip=198.41.200.13
2026-08-24T09:24:00Z ERR failed to run the datagram handler error="context canceled" connIndex=0 event=0 ip=198.41.200.13
2026-08-24T09:24:00Z ERR failed to serve tunnel connection error="control stream encountered a failure while serving" connIndex=0 event=0 ip=198.41.200.13
2026-08-24T09:24:00Z ERR Serve tunnel error error="control stream encountered a failure while serving" connIndex=0 event=0 ip=198.41.200.13
2026-08-24T09:24:00Z INF Retrying connection in up to 1m4s connIndex=0 event=0 ip=198.41.200.13
2026-08-24T09:24:22Z INF Tunnel connection curve preferences: [X25519MLKEM768 CurveID(65074) CurveP256] connIndex=0 event=0 ip=198.41.200.13
2026-08-24T09:24:22Z ERR failed to run the datagram handler error="context canceled" connIndex=0 event=0 ip=198.41.200.13
2026-08-24T09:24:22Z ERR failed to serve tunnel connection error="control stream encountered a failure while serving" connIndex=0 event=0 ip=198.41.200.13
2026-08-24T09:24:22Z ERR Serve tunnel error error="control stream encountered a failure while serving" connIndex=0 event=0 ip=198.41.200.13
2026-08-24T09:24:22Z INF Retrying connection in up to 1m4s connIndex=0 event=0 ip=198.41.200.13
2026-08-24T09:24:29Z INF Tunnel connection curve preferences: [X25519MLKEM768 CurveID(65074) CurveP256] connIndex=0 event=0 ip=198.41.200.13
2026-08-24T09:24:29Z ERR failed to run the datagram handler error="context canceled" connIndex=0 event=0 ip=198.41.200.13
2026-08-24T09:24:29Z ERR failed to serve tunnel connection error="control stream encountered a failure while serving" connIndex=0 event=0 ip=198.41.200.13
2026-08-24T09:24:29Z ERR Serve tunnel error error="control stream encountered a failure while serving" connIndex=0 event=0 ip=198.41.200.13
2026-08-24T09:24:29Z INF Retrying connection in up to 1m4s connIndex=0 event=0 ip=198.41.200.13
2026-08-24T09:25:00Z INF Tunnel connection curve preferences: [X25519MLKEM768 CurveID(65074) CurveP256] connIndex=0 event=0 ip=198.41.200.13
2026-08-24T09:25:00Z ERR failed to run the datagram handler error="context canceled" connIndex=0 event=0 ip=198.41.200.13
2026-08-24T09:25:00Z ERR failed to serve tunnel connection error="control stream encountered a failure while serving" connIndex=0 event=0 ip=198.41.200.13
2026-08-24T09:25:00Z ERR Serve tunnel error error="control stream encountered a failure while serving" connIndex=0 event=0 ip=198.41.200.13
2026-08-24T09:25:00Z INF Retrying connection in up to 1m4s connIndex=0 event=0 ip=198.41.200.13
2026-08-24T09:25:22Z INF Tunnel connection curve preferences: [X25519MLKEM768 CurveID(65074) CurveP256] connIndex=0 event=0 ip=198.41.200.13
2026-08-24T09:25:22Z ERR failed to run the datagram handler error="context canceled" connIndex=0 event=0 ip=198.41.200.13
2026-08-24T09:25:22Z ERR failed to serve tunnel connection error="control stream encountered a failure while serving" connIndex=0 event=0 ip=198.41.200.13
2026-08-24T09:25:22Z ERR Serve tunnel error error="control stream encountered a failure while serving" connIndex=0 event=0 ip=198.41.200.13
2026-08-24T09:25:22Z INF Retrying connection in up to 1m4s connIndex=0 event=0 ip=198.41.200.13
2026-08-24T09:25:40Z INF Tunnel connection curve preferences: [X25519MLKEM768 CurveID(65074) CurveP256] connIndex=0 event=0 ip=198.41.200.13
2026-08-24T09:25:40Z ERR failed to run the datagram handler error="context canceled" connIndex=0 event=0 ip=198.41.200.13
2026-08-24T09:25:40Z ERR failed to serve tunnel connection error="control stream encountered a failure while serving" connIndex=0 event=0 ip=198.41.200.13
2026-08-24T09:25:40Z ERR Serve tunnel error error="control stream encountered a failure while serving" connIndex=0 event=0 ip=198.41.200.13
2026-08-24T09:25:40Z INF Retrying connection in up to 1m4s connIndex=0 event=0 ip=198.41.200.13
2026-08-24T09:25:52Z INF Tunnel connection curve preferences: [X25519MLKEM768 CurveID(65074) CurveP256] connIndex=0 event=0 ip=198.41.200.13
2026-08-24T09:25:52Z ERR failed to run the datagram handler error="context canceled" connIndex=0 event=0 ip=198.41.200.13
2026-08-24T09:25:52Z ERR failed to serve tunnel connection error="control stream encountered a failure while serving" connIndex=0 event=0 ip=198.41.200.13
2026-08-24T09:25:52Z ERR Serve tunnel error error="control stream encountered a failure while serving" connIndex=0 event=0 ip=198.41.200.13
2026-08-24T09:25:52Z INF Retrying connection in up to 1m4s connIndex=0 event=0 ip=198.41.200.13
2026-08-24T09:26:17Z INF Tunnel connection curve preferences: [X25519MLKEM768 CurveID(65074) CurveP256] connIndex=0 event=0 ip=198.41.200.13
2026-08-24T09:26:17Z ERR failed to run the datagram handler error="context canceled" connIndex=0 event=0 ip=198.41.200.13
2026-08-24T09:26:17Z ERR failed to serve tunnel connection error="control stream encountered a failure while serving" connIndex=0 event=0 ip=198.41.200.13
2026-08-24T09:26:17Z ERR Serve tunnel error error="control stream encountered a failure while serving" connIndex=0 event=0 ip=198.41.200.13
2026-08-24T09:26:17Z INF Retrying connection in up to 1m4s connIndex=0 event=0 ip=198.41.200.13
2026-08-24T09:26:36Z INF Tunnel connection curve preferences: [X25519MLKEM768 CurveID(65074) CurveP256] connIndex=0 event=0 ip=198.41.200.13
2026-08-24T09:26:36Z ERR failed to run the datagram handler error="context canceled" connIndex=0 event=0 ip=198.41.200.13
2026-08-24T09:26:36Z ERR failed to serve tunnel connection error="control stream encountered a failure while serving" connIndex=0 event=0 ip=198.41.200.13
2026-08-24T09:26:36Z ERR Serve tunnel error error="control stream encountered a failure while serving" connIndex=0 event=0 ip=198.41.200.13
2026-08-24T09:26:36Z INF Retrying connection in up to 1m4s connIndex=0 event=0 ip=198.41.200.13
2026-08-24T09:26:54Z INF Tunnel connection curve preferences: [X25519MLKEM768 CurveID(65074) CurveP256] connIndex=0 event=0 ip=198.41.200.13
2026-08-24T09:26:54Z ERR failed to run the datagram handler error="context canceled" connIndex=0 event=0 ip=198.41.200.13
2026-08-24T09:26:54Z ERR failed to serve tunnel connection error="control stream encountered a failure while serving" connIndex=0 event=0 ip=198.41.200.13
2026-08-24T09:26:54Z ERR Serve tunnel error error="control stream encountered a failure while serving" connIndex=0 event=0 ip=198.41.200.13
2026-08-24T09:26:54Z INF Retrying connection in up to 1m4s connIndex=0 event=0 ip=198.41.200.13
2026-08-24T09:27:22Z INF Tunnel connection curve preferences: [X25519MLKEM768 CurveID(65074) CurveP256] connIndex=0 event=0 ip=198.41.200.13
2026-08-24T09:27:22Z ERR failed to run the datagram handler error="context canceled" connIndex=0 event=0 ip=198.41.200.13
2026-08-24T09:27:22Z ERR failed to serve tunnel connection error="control stream encountered a failure while serving" connIndex=0 event=0 ip=198.41.200.13
2026-08-24T09:27:22Z ERR Serve tunnel error error="control stream encountered a failure while serving" connIndex=0 event=0 ip=198.41.200.13
2026-08-24T09:27:22Z INF Retrying connection in up to 1m4s connIndex=0 event=0 ip=198.41.200.13
2026-08-24T09:27:32Z INF Tunnel connection curve preferences: [X25519MLKEM768 CurveID(65074) CurveP256] connIndex=0 event=0 ip=198.41.200.13
2026-08-24T09:27:32Z ERR failed to run the datagram handler error="context canceled" connIndex=0 event=0 ip=198.41.200.13
2026-08-24T09:27:32Z ERR failed to serve tunnel connection error="control stream encountered a failure while serving" connIndex=0 event=0 ip=198.41.200.13
2026-08-24T09:27:32Z ERR Serve tunnel error error="control stream encountered a failure while serving" connIndex=0 event=0 ip=198.41.200.13
2026-08-24T09:27:32Z INF Retrying connection in up to 1m4s connIndex=0 event=0 ip=198.41.200.13
2026-08-24T09:27:39Z INF Tunnel connection curve preferences: [X25519MLKEM768 CurveID(65074) CurveP256] connIndex=0 event=0 ip=198.41.200.13
2026-08-24T09:27:39Z ERR failed to run the datagram handler error="context canceled" connIndex=0 event=0 ip=198.41.200.13
2026-08-24T09:27:39Z ERR failed to serve tunnel connection error="control stream encountered a failure while serving" connIndex=0 event=0 ip=198.41.200.13
2026-08-24T09:27:39Z ERR Serve tunnel error error="control stream encountered a failure while serving" connIndex=0 event=0 ip=198.41.200.13
2026-08-24T09:27:39Z INF Retrying connection in up to 1m4s connIndex=0 event=0 ip=198.41.200.13
2026-08-24T09:30:49Z INF Tunnel connection curve preferences: [X25519MLKEM768 CurveID(65074) CurveP256] connIndex=0 event=0 ip=198.41.200.13
2026-08-24T09:30:49Z ERR failed to run the datagram handler error="context canceled" connIndex=0 event=0 ip=198.41.200.13
2026-08-24T09:30:49Z ERR failed to serve tunnel connection error="control stream encountered a failure while serving" connIndex=0 event=0 ip=198.41.200.13
2026-08-24T09:30:49Z ERR Serve tunnel error error="control stream encountered a failure while serving" connIndex=0 event=0 ip=198.41.200.13
2026-08-24T09:30:49Z INF Retrying connection in up to 1m4s connIndex=0 event=0 ip=198.41.200.13
2026-08-24T09:31:41Z INF Tunnel connection curve preferences: [X25519MLKEM768 CurveID(65074) CurveP256] connIndex=0 event=0 ip=198.41.200.13
2026-08-24T09:31:41Z ERR failed to run the datagram handler error="context canceled" connIndex=0 event=0 ip=198.41.200.13
2026-08-24T09:31:41Z ERR failed to serve tunnel connection error="control stream encountered a failure while serving" connIndex=0 event=0 ip=198.41.200.13
2026-08-24T09:31:41Z ERR Serve tunnel error error="control stream encountered a failure while serving" connIndex=0 event=0 ip=198.41.200.13
2026-08-24T09:31:41Z INF Retrying connection in up to 1m4s connIndex=0 event=0 ip=198.41.200.13
2026-08-24T09:32:28Z INF Tunnel connection curve preferences: [X25519MLKEM768 CurveID(65074) CurveP256] connIndex=0 event=0 ip=198.41.200.13
2026-08-24T09:32:28Z ERR failed to run the datagram handler error="context canceled" connIndex=0 event=0 ip=198.41.200.13
2026-08-24T09:32:28Z ERR failed to serve tunnel connection error="control stream encountered a failure while serving" connIndex=0 event=0 ip=198.41.200.13
2026-08-24T09:32:28Z ERR Serve tunnel error error="control stream encountered a failure while serving" connIndex=0 event=0 ip=198.41.200.13
2026-08-24T09:32:28Z INF Retrying connection in up to 1m4s connIndex=0 event=0 ip=198.41.200.13
2026-08-24T09:34:55Z INF Tunnel connection curve preferences: [X25519MLKEM768 CurveID(65074) CurveP256] connIndex=0 event=0 ip=198.41.200.13
2026-08-24T09:34:56Z ERR failed to run the datagram handler error="context canceled" connIndex=0 event=0 ip=198.41.200.13
2026-08-24T09:34:56Z ERR failed to serve tunnel connection error="control stream encountered a failure while serving" connIndex=0 event=0 ip=198.41.200.13
2026-08-24T09:34:56Z ERR Serve tunnel error error="control stream encountered a failure while serving" connIndex=0 event=0 ip=198.41.200.13
2026-08-24T09:34:56Z INF Retrying connection in up to 1m4s connIndex=0 event=0 ip=198.41.200.13
2026-08-24T09:35:18Z INF Tunnel connection curve preferences: [X25519MLKEM768 CurveID(65074) CurveP256] connIndex=0 event=0 ip=198.41.200.13
2026-08-24T09:35:18Z ERR failed to run the datagram handler error="context canceled" connIndex=0 event=0 ip=198.41.200.13
2026-08-24T09:35:18Z ERR failed to serve tunnel connection error="control stream encountered a failure while serving" connIndex=0 event=0 ip=198.41.200.13
2026-08-24T09:35:18Z ERR Serve tunnel error error="control stream encountered a failure while serving" connIndex=0 event=0 ip=198.41.200.13
2026-08-24T09:35:18Z INF Retrying connection in up to 1m4s connIndex=0 event=0 ip=198.41.200.13
2026-08-24T09:35:43Z INF Tunnel connection curve preferences: [X25519MLKEM768 CurveID(65074) CurveP256] connIndex=0 event=0 ip=198.41.200.13
2026-08-24T09:35:43Z ERR failed to run the datagram handler error="context canceled" connIndex=0 event=0 ip=198.41.200.13
2026-08-24T09:35:43Z ERR failed to serve tunnel connection error="control stream encountered a failure while serving" connIndex=0 event=0 ip=198.41.200.13
2026-08-24T09:35:43Z ERR Serve tunnel error error="control stream encountered a failure while serving" connIndex=0 event=0 ip=198.41.200.13
2026-08-24T09:35:43Z INF Retrying connection in up to 1m4s connIndex=0 event=0 ip=198.41.200.13
2026-08-24T09:35:59Z INF Tunnel connection curve preferences: [X25519MLKEM768 CurveID(65074) CurveP256] connIndex=0 event=0 ip=198.41.200.13
2026-08-24T09:36:00Z ERR failed to run the datagram handler error="context canceled" connIndex=0 event=0 ip=198.41.200.13
2026-08-24T09:36:00Z ERR failed to serve tunnel connection error="control stream encountered a failure while serving" connIndex=0 event=0 ip=198.41.200.13
2026-08-24T09:36:00Z ERR Serve tunnel error error="control stream encountered a failure while serving" connIndex=0 event=0 ip=198.41.200.13
2026-08-24T09:36:00Z INF Retrying connection in up to 1m4s connIndex=0 event=0 ip=198.41.200.13
2026-08-24T09:36:06Z INF Tunnel connection curve preferences: [X25519MLKEM768 CurveID(65074) CurveP256] connIndex=0 event=0 ip=198.41.200.13
2026-08-24T09:36:07Z ERR failed to run the datagram handler error="context canceled" connIndex=0 event=0 ip=198.41.200.13
2026-08-24T09:36:07Z ERR failed to serve tunnel connection error="control stream encountered a failure while serving" connIndex=0 event=0 ip=198.41.200.13
2026-08-24T09:36:07Z ERR Serve tunnel error error="control stream encountered a failure while serving" connIndex=0 event=0 ip=198.41.200.13
2026-08-24T09:36:07Z INF Retrying connection in up to 1m4s connIndex=0 event=0 ip=198.41.200.13
2026-08-24T09:36:14Z INF Tunnel connection curve preferences: [X25519MLKEM768 CurveID(65074) CurveP256] connIndex=0 event=0 ip=198.41.200.13
2026-08-24T09:36:14Z ERR failed to run the datagram handler error="context canceled" connIndex=0 event=0 ip=198.41.200.13
2026-08-24T09:36:14Z ERR failed to serve tunnel connection error="control stream encountered a failure while serving" connIndex=0 event=0 ip=198.41.200.13
2026-08-24T09:36:14Z ERR Serve tunnel error error="control stream encountered a failure while serving" connIndex=0 event=0 ip=198.41.200.13
2026-08-24T09:36:14Z INF Retrying connection in up to 1m4s connIndex=0 event=0 ip=198.41.200.13
2026-08-24T09:36:33Z INF Tunnel connection curve preferences: [X25519MLKEM768 CurveID(65074) CurveP256] connIndex=0 event=0 ip=198.41.200.13
2026-08-24T09:36:33Z ERR failed to run the datagram handler error="context canceled" connIndex=0 event=0 ip=198.41.200.13
2026-08-24T09:36:33Z ERR failed to serve tunnel connection error="control stream encountered a failure while serving" connIndex=0 event=0 ip=198.41.200.13
2026-08-24T09:36:33Z ERR Serve tunnel error error="control stream encountered a failure while serving" connIndex=0 event=0 ip=198.41.200.13
2026-08-24T09:36:33Z INF Retrying connection in up to 1m4s connIndex=0 event=0 ip=198.41.200.13
2026-08-24T09:36:38Z INF Tunnel connection curve preferences: [X25519MLKEM768 CurveID(65074) CurveP256] connIndex=0 event=0 ip=198.41.200.13
2026-08-24T09:36:38Z ERR failed to run the datagram handler error="context canceled" connIndex=0 event=0 ip=198.41.200.13
2026-08-24T09:36:38Z ERR failed to serve tunnel connection error="control stream encountered a failure while serving" connIndex=0 event=0 ip=198.41.200.13
2026-08-24T09:36:38Z ERR Serve tunnel error error="control stream encountered a failure while serving" connIndex=0 event=0 ip=198.41.200.13
2026-08-24T09:36:38Z INF Retrying connection in up to 1m4s connIndex=0 event=0 ip=198.41.200.13
2026-08-24T09:37:07Z INF Tunnel connection curve preferences: [X25519MLKEM768 CurveID(65074) CurveP256] connIndex=0 event=0 ip=198.41.200.13
2026-08-24T09:37:07Z ERR failed to run the datagram handler error="context canceled" connIndex=0 event=0 ip=198.41.200.13
2026-08-24T09:37:07Z ERR failed to serve tunnel connection error="control stream encountered a failure while serving" connIndex=0 event=0 ip=198.41.200.13
2026-08-24T09:37:07Z ERR Serve tunnel error error="control stream encountered a failure while serving" connIndex=0 event=0 ip=198.41.200.13
2026-08-24T09:37:07Z INF Retrying connection in up to 1m4s connIndex=0 event=0 ip=198.41.200.13
2026-08-24T09:37:28Z INF Tunnel connection curve preferences: [X25519MLKEM768 CurveID(65074) CurveP256] connIndex=0 event=0 ip=198.41.200.13
2026-08-24T09:37:28Z ERR failed to run the datagram handler error="context canceled" connIndex=0 event=0 ip=198.41.200.13
2026-08-24T09:37:28Z ERR failed to serve tunnel connection error="control stream encountered a failure while serving" connIndex=0 event=0 ip=198.41.200.13
2026-08-24T09:37:28Z ERR Serve tunnel error error="control stream encountered a failure while serving" connIndex=0 event=0 ip=198.41.200.13
2026-08-24T09:37:28Z INF Retrying connection in up to 1m4s connIndex=0 event=0 ip=198.41.200.13
2026-08-24T09:37:56Z INF Tunnel connection curve preferences: [X25519MLKEM768 CurveID(65074) CurveP256] connIndex=0 event=0 ip=198.41.200.13
2026-08-24T09:37:56Z ERR failed to run the datagram handler error="context canceled" connIndex=0 event=0 ip=198.41.200.13
2026-08-24T09:37:56Z ERR failed to serve tunnel connection error="control stream encountered a failure while serving" connIndex=0 event=0 ip=198.41.200.13
2026-08-24T09:37:56Z ERR Serve tunnel error error="control stream encountered a failure while serving" connIndex=0 event=0 ip=198.41.200.13
2026-08-24T09:37:56Z INF Retrying connection in up to 1m4s connIndex=0 event=0 ip=198.41.200.13
2026-08-24T09:38:07Z INF Tunnel connection curve preferences: [X25519MLKEM768 CurveID(65074) CurveP256] connIndex=0 event=0 ip=198.41.200.13
2026-08-24T09:38:07Z ERR failed to run the datagram handler error="context canceled" connIndex=0 event=0 ip=198.41.200.13
2026-08-24T09:38:07Z ERR failed to serve tunnel connection error="control stream encountered a failure while serving" connIndex=0 event=0 ip=198.41.200.13
2026-08-24T09:38:07Z ERR Serve tunnel error error="control stream encountered a failure while serving" connIndex=0 event=0 ip=198.41.200.13
2026-08-24T09:38:07Z INF Retrying connection in up to 1m4s connIndex=0 event=0 ip=198.41.200.13
2026-08-24T09:38:23Z INF Tunnel connection curve preferences: [X25519MLKEM768 CurveID(65074) CurveP256] connIndex=0 event=0 ip=198.41.200.13
2026-08-24T09:38:23Z ERR failed to run the datagram handler error="context canceled" connIndex=0 event=0 ip=198.41.200.13
2026-08-24T09:38:23Z ERR failed to serve tunnel connection error="control stream encountered a failure while serving" connIndex=0 event=0 ip=198.41.200.13
2026-08-24T09:38:23Z ERR Serve tunnel error error="control stream encountered a failure while serving" connIndex=0 event=0 ip=198.41.200.13
2026-08-24T09:38:23Z INF Retrying connection in up to 1m4s connIndex=0 event=0 ip=198.41.200.13
2026-08-24T09:38:47Z INF Tunnel connection curve preferences: [X25519MLKEM768 CurveID(65074) CurveP256] connIndex=0 event=0 ip=198.41.200.13
2026-08-24T09:38:47Z ERR failed to run the datagram handler error="context canceled" connIndex=0 event=0 ip=198.41.200.13
2026-08-24T09:38:47Z ERR failed to serve tunnel connection error="control stream encountered a failure while serving" connIndex=0 event=0 ip=198.41.200.13
2026-08-24T09:38:47Z ERR Serve tunnel error error="control stream encountered a failure while serving" connIndex=0 event=0 ip=198.41.200.13
2026-08-24T09:38:47Z INF Retrying connection in up to 1m4s connIndex=0 event=0 ip=198.41.200.13
2026-08-24T09:39:02Z INF Tunnel connection curve preferences: [X25519MLKEM768 CurveID(65074) CurveP256] connIndex=0 event=0 ip=198.41.200.13
2026-08-24T09:39:02Z ERR failed to run the datagram handler error="context canceled" connIndex=0 event=0 ip=198.41.200.13
2026-08-24T09:39:02Z ERR failed to serve tunnel connection error="control stream encountered a failure while serving" connIndex=0 event=0 ip=198.41.200.13
2026-08-24T09:39:02Z ERR Serve tunnel error error="control stream encountered a failure while serving" connIndex=0 event=0 ip=198.41.200.13
2026-08-24T09:39:02Z INF Retrying connection in up to 1m4s connIndex=0 event=0 ip=198.41.200.13
2026-08-24T09:39:11Z INF Tunnel connection curve preferences: [X25519MLKEM768 CurveID(65074) CurveP256] connIndex=0 event=0 ip=198.41.200.13
2026-08-24T09:39:11Z ERR failed to run the datagram handler error="context canceled" connIndex=0 event=0 ip=198.41.200.13
2026-08-24T09:39:11Z ERR failed to serve tunnel connection error="control stream encountered a failure while serving" connIndex=0 event=0 ip=198.41.200.13
2026-08-24T09:39:11Z ERR Serve tunnel error error="control stream encountered a failure while serving" connIndex=0 event=0 ip=198.41.200.13
2026-08-24T09:39:11Z INF Retrying connection in up to 1m4s connIndex=0 event=0 ip=198.41.200.13
2026-08-24T09:39:33Z INF Tunnel connection curve preferences: [X25519MLKEM768 CurveID(65074) CurveP256] connIndex=0 event=0 ip=198.41.200.13
2026-08-24T09:39:33Z ERR failed to run the datagram handler error="context canceled" connIndex=0 event=0 ip=198.41.200.13
2026-08-24T09:39:33Z ERR failed to serve tunnel connection error="control stream encountered a failure while serving" connIndex=0 event=0 ip=198.41.200.13
2026-08-24T09:39:33Z ERR Serve tunnel error error="control stream encountered a failure while serving" connIndex=0 event=0 ip=198.41.200.13
2026-08-24T09:39:33Z INF Retrying connection in up to 1m4s connIndex=0 event=0 ip=198.41.200.13
2026-08-24T09:40:04Z INF Tunnel connection curve preferences: [X25519MLKEM768 CurveID(65074) CurveP256] connIndex=0 event=0 ip=198.41.200.13
2026-08-24T09:40:04Z ERR failed to run the datagram handler error="context canceled" connIndex=0 event=0 ip=198.41.200.13
2026-08-24T09:40:04Z ERR failed to serve tunnel connection error="control stream encountered a failure while serving" connIndex=0 event=0 ip=198.41.200.13
2026-08-24T09:40:04Z ERR Serve tunnel error error="control stream encountered a failure while serving" connIndex=0 event=0 ip=198.41.200.13
2026-08-24T09:40:04Z INF Retrying connection in up to 1m4s connIndex=0 event=0 ip=198.41.200.13
2026-08-24T09:40:33Z INF Tunnel connection curve preferences: [X25519MLKEM768 CurveID(65074) CurveP256] connIndex=0 event=0 ip=198.41.200.13
2026-08-24T09:40:33Z ERR failed to run the datagram handler error="context canceled" connIndex=0 event=0 ip=198.41.200.13
2026-08-24T09:40:33Z ERR failed to serve tunnel connection error="control stream encountered a failure while serving" connIndex=0 event=0 ip=198.41.200.13
2026-08-24T09:40:33Z ERR Serve tunnel error error="control stream encountered a failure while serving" connIndex=0 event=0 ip=198.41.200.13
2026-08-24T09:40:33Z INF Retrying connection in up to 1m4s connIndex=0 event=0 ip=198.41.200.13
2026-08-24T09:41:03Z INF Tunnel connection curve preferences: [X25519MLKEM768 CurveID(65074) CurveP256] connIndex=0 event=0 ip=198.41.200.13
2026-08-24T09:41:03Z ERR failed to run the datagram handler error="context canceled" connIndex=0 event=0 ip=198.41.200.13
2026-08-24T09:41:03Z ERR failed to serve tunnel connection error="control stream encountered a failure while serving" connIndex=0 event=0 ip=198.41.200.13
2026-08-24T09:41:03Z ERR Serve tunnel error error="control stream encountered a failure while serving" connIndex=0 event=0 ip=198.41.200.13
2026-08-24T09:41:03Z INF Retrying connection in up to 1m4s connIndex=0 event=0 ip=198.41.200.13
2026-08-24T09:41:09Z INF Tunnel connection curve preferences: [X25519MLKEM768 CurveID(65074) CurveP256] connIndex=0 event=0 ip=198.41.200.13
2026-08-24T09:41:09Z ERR failed to run the datagram handler error="context canceled" connIndex=0 event=0 ip=198.41.200.13
2026-08-24T09:41:09Z ERR failed to serve tunnel connection error="control stream encountered a failure while serving" connIndex=0 event=0 ip=198.41.200.13
2026-08-24T09:41:09Z ERR Serve tunnel error error="control stream encountered a failure while serving" connIndex=0 event=0 ip=198.41.200.13
2026-08-24T09:41:09Z INF Retrying connection in up to 1m4s connIndex=0 event=0 ip=198.41.200.13
2026-08-24T09:41:38Z INF Tunnel connection curve preferences: [X25519MLKEM768 CurveID(65074) CurveP256] connIndex=0 event=0 ip=198.41.200.13
2026-08-24T09:41:39Z ERR failed to run the datagram handler error="context canceled" connIndex=0 event=0 ip=198.41.200.13
2026-08-24T09:41:39Z ERR failed to serve tunnel connection error="control stream encountered a failure while serving" connIndex=0 event=0 ip=198.41.200.13
2026-08-24T09:41:39Z ERR Serve tunnel error error="control stream encountered a failure while serving" connIndex=0 event=0 ip=198.41.200.13
2026-08-24T09:41:39Z INF Retrying connection in up to 1m4s connIndex=0 event=0 ip=198.41.200.13
2026-08-24T09:42:05Z INF Tunnel connection curve preferences: [X25519MLKEM768 CurveID(65074) CurveP256] connIndex=0 event=0 ip=198.41.200.13
2026-08-24T09:42:05Z ERR failed to run the datagram handler error="context canceled" connIndex=0 event=0 ip=198.41.200.13
2026-08-24T09:42:05Z ERR failed to serve tunnel connection error="control stream encountered a failure while serving" connIndex=0 event=0 ip=198.41.200.13
2026-08-24T09:42:05Z ERR Serve tunnel error error="control stream encountered a failure while serving" connIndex=0 event=0 ip=198.41.200.13
2026-08-24T09:42:05Z INF Retrying connection in up to 1m4s connIndex=0 event=0 ip=198.41.200.13
2026-08-24T09:42:27Z INF Tunnel connection curve preferences: [X25519MLKEM768 CurveID(65074) CurveP256] connIndex=0 event=0 ip=198.41.200.13
2026-08-24T09:42:27Z ERR failed to run the datagram handler error="context canceled" connIndex=0 event=0 ip=198.41.200.13
2026-08-24T09:42:27Z ERR failed to serve tunnel connection error="control stream encountered a failure while serving" connIndex=0 event=0 ip=198.41.200.13
2026-08-24T09:42:27Z ERR Serve tunnel error error="control stream encountered a failure while serving" connIndex=0 event=0 ip=198.41.200.13
2026-08-24T09:42:27Z INF Retrying connection in up to 1m4s connIndex=0 event=0 ip=198.41.200.13
2026-08-24T09:42:27Z INF Tunnel connection curve preferences: [X25519MLKEM768 CurveID(65074) CurveP256] connIndex=0 event=0 ip=198.41.200.13
2026-08-24T09:42:27Z ERR failed to run the datagram handler error="context canceled" connIndex=0 event=0 ip=198.41.200.13
2026-08-24T09:42:27Z ERR failed to serve tunnel connection error="control stream encountered a failure while serving" connIndex=0 event=0 ip=198.41.200.13
2026-08-24T09:42:27Z ERR Serve tunnel error error="control stream encountered a failure while serving" connIndex=0 event=0 ip=198.41.200.13
2026-08-24T09:42:27Z INF Retrying connection in up to 1m4s connIndex=0 event=0 ip=198.41.200.13
2026-08-24T09:42:47Z INF Tunnel connection curve preferences: [X25519MLKEM768 CurveID(65074) CurveP256] connIndex=0 event=0 ip=198.41.200.13
2026-08-24T09:42:48Z ERR failed to run the datagram handler error="context canceled" connIndex=0 event=0 ip=198.41.200.13
2026-08-24T09:42:48Z ERR failed to serve tunnel connection error="control stream encountered a failure while serving" connIndex=0 event=0 ip=198.41.200.13
2026-08-24T09:42:48Z ERR Serve tunnel error error="control stream encountered a failure while serving" connIndex=0 event=0 ip=198.41.200.13
2026-08-24T09:42:48Z INF Retrying connection in up to 1m4s connIndex=0 event=0 ip=198.41.200.13
2026-08-24T09:43:02Z INF Tunnel connection curve preferences: [X25519MLKEM768 CurveID(65074) CurveP256] connIndex=0 event=0 ip=198.41.200.13
2026-08-24T09:43:02Z ERR failed to run the datagram handler error="context canceled" connIndex=0 event=0 ip=198.41.200.13
2026-08-24T09:43:02Z ERR failed to serve tunnel connection error="control stream encountered a failure while serving" connIndex=0 event=0 ip=198.41.200.13
2026-08-24T09:43:02Z ERR Serve tunnel error error="control stream encountered a failure while serving" connIndex=0 event=0 ip=198.41.200.13
2026-08-24T09:43:02Z INF Retrying connection in up to 1m4s connIndex=0 event=0 ip=198.41.200.13
2026-08-24T09:43:34Z INF Tunnel connection curve preferences: [X25519MLKEM768 CurveID(65074) CurveP256] connIndex=0 event=0 ip=198.41.200.13
2026-08-24T09:43:34Z ERR failed to run the datagram handler error="context canceled" connIndex=0 event=0 ip=198.41.200.13
2026-08-24T09:43:34Z ERR failed to serve tunnel connection error="control stream encountered a failure while serving" connIndex=0 event=0 ip=198.41.200.13
2026-08-24T09:43:34Z ERR Serve tunnel error error="control stream encountered a failure while serving" connIndex=0 event=0 ip=198.41.200.13
2026-08-24T09:43:34Z INF Retrying connection in up to 1m4s connIndex=0 event=0 ip=198.41.200.13
2026-08-24T09:43:49Z INF Tunnel connection curve preferences: [X25519MLKEM768 CurveID(65074) CurveP256] connIndex=0 event=0 ip=198.41.200.13
2026-08-24T09:43:49Z ERR failed to run the datagram handler error="context canceled" connIndex=0 event=0 ip=198.41.200.13
2026-08-24T09:43:49Z ERR failed to serve tunnel connection error="control stream encountered a failure while serving" connIndex=0 event=0 ip=198.41.200.13
2026-08-24T09:43:49Z ERR Serve tunnel error error="control stream encountered a failure while serving" connIndex=0 event=0 ip=198.41.200.13
2026-08-24T09:43:49Z INF Retrying connection in up to 1m4s connIndex=0 event=0 ip=198.41.200.13
2026-08-24T09:43:50Z INF Tunnel connection curve preferences: [X25519MLKEM768 CurveID(65074) CurveP256] connIndex=0 event=0 ip=198.41.200.13
2026-08-24T09:43:50Z ERR failed to run the datagram handler error="context canceled" connIndex=0 event=0 ip=198.41.200.13
2026-08-24T09:43:50Z ERR failed to serve tunnel connection error="control stream encountered a failure while serving" connIndex=0 event=0 ip=198.41.200.13
2026-08-24T09:43:50Z ERR Serve tunnel error error="control stream encountered a failure while serving" connIndex=0 event=0 ip=198.41.200.13
2026-08-24T09:43:50Z INF Retrying connection in up to 1m4s connIndex=0 event=0 ip=198.41.200.13
2026-08-24T09:44:17Z INF Tunnel connection curve preferences: [X25519MLKEM768 CurveID(65074) CurveP256] connIndex=0 event=0 ip=198.41.200.13
2026-08-24T09:44:18Z ERR failed to run the datagram handler error="context canceled" connIndex=0 event=0 ip=198.41.200.13
2026-08-24T09:44:18Z ERR failed to serve tunnel connection error="control stream encountered a failure while serving" connIndex=0 event=0 ip=198.41.200.13
2026-08-24T09:44:18Z ERR Serve tunnel error error="control stream encountered a failure while serving" connIndex=0 event=0 ip=198.41.200.13
2026-08-24T09:44:18Z INF Retrying connection in up to 1m4s connIndex=0 event=0 ip=198.41.200.13
2026-08-24T09:44:48Z INF Tunnel connection curve preferences: [X25519MLKEM768 CurveID(65074) CurveP256] connIndex=0 event=0 ip=198.41.200.13
2026-08-24T09:44:48Z ERR failed to run the datagram handler error="context canceled" connIndex=0 event=0 ip=198.41.200.13
2026-08-24T09:44:48Z ERR failed to serve tunnel connection error="control stream encountered a failure while serving" connIndex=0 event=0 ip=198.41.200.13
2026-08-24T09:44:48Z ERR Serve tunnel error error="control stream encountered a failure while serving" connIndex=0 event=0 ip=198.41.200.13
2026-08-24T09:44:48Z INF Retrying connection in up to 1m4s connIndex=0 event=0 ip=198.41.200.13
2026-08-24T09:45:10Z INF Tunnel connection curve preferences: [X25519MLKEM768 CurveID(65074) CurveP256] connIndex=0 event=0 ip=198.41.200.13
2026-08-24T09:45:10Z ERR failed to run the datagram handler error="context canceled" connIndex=0 event=0 ip=198.41.200.13
2026-08-24T09:45:10Z ERR failed to serve tunnel connection error="control stream encountered a failure while serving" connIndex=0 event=0 ip=198.41.200.13
2026-08-24T09:45:10Z ERR Serve tunnel error error="control stream encountered a failure while serving" connIndex=0 event=0 ip=198.41.200.13
2026-08-24T09:45:10Z INF Retrying connection in up to 1m4s connIndex=0 event=0 ip=198.41.200.13
2026-08-24T09:45:42Z INF Tunnel connection curve preferences: [X25519MLKEM768 CurveID(65074) CurveP256] connIndex=0 event=0 ip=198.41.200.13
2026-08-24T09:45:42Z ERR failed to run the datagram handler error="context canceled" connIndex=0 event=0 ip=198.41.200.13
2026-08-24T09:45:42Z ERR failed to serve tunnel connection error="control stream encountered a failure while serving" connIndex=0 event=0 ip=198.41.200.13
2026-08-24T09:45:42Z ERR Serve tunnel error error="control stream encountered a failure while serving" connIndex=0 event=0 ip=198.41.200.13
2026-08-24T09:45:42Z INF Retrying connection in up to 1m4s connIndex=0 event=0 ip=198.41.200.13
2026-08-24T09:45:54Z INF Tunnel connection curve preferences: [X25519MLKEM768 CurveID(65074) CurveP256] connIndex=0 event=0 ip=198.41.200.13
2026-08-24T09:45:54Z ERR failed to run the datagram handler error="context canceled" connIndex=0 event=0 ip=198.41.200.13
2026-08-24T09:45:54Z ERR failed to serve tunnel connection error="control stream encountered a failure while serving" connIndex=0 event=0 ip=198.41.200.13
2026-08-24T09:45:54Z ERR Serve tunnel error error="control stream encountered a failure while serving" connIndex=0 event=0 ip=198.41.200.13
2026-08-24T09:45:54Z INF Retrying connection in up to 1m4s connIndex=0 event=0 ip=198.41.200.13
2026-08-24T09:46:15Z INF Tunnel connection curve preferences: [X25519MLKEM768 CurveID(65074) CurveP256] connIndex=0 event=0 ip=198.41.200.13
2026-08-24T09:46:15Z ERR failed to run the datagram handler error="context canceled" connIndex=0 event=0 ip=198.41.200.13
2026-08-24T09:46:15Z ERR failed to serve tunnel connection error="control stream encountered a failure while serving" connIndex=0 event=0 ip=198.41.200.13
2026-08-24T09:46:15Z ERR Serve tunnel error error="control stream encountered a failure while serving" connIndex=0 event=0 ip=198.41.200.13
2026-08-24T09:46:15Z INF Retrying connection in up to 1m4s connIndex=0 event=0 ip=198.41.200.13
2026-08-24T09:46:36Z INF Tunnel connection curve preferences: [X25519MLKEM768 CurveID(65074) CurveP256] connIndex=0 event=0 ip=198.41.200.13
2026-08-24T09:46:36Z ERR failed to run the datagram handler error="context canceled" connIndex=0 event=0 ip=198.41.200.13
2026-08-24T09:46:36Z ERR failed to serve tunnel connection error="control stream encountered a failure while serving" connIndex=0 event=0 ip=198.41.200.13
2026-08-24T09:46:36Z ERR Serve tunnel error error="control stream encountered a failure while serving" connIndex=0 event=0 ip=198.41.200.13
2026-08-24T09:46:36Z INF Retrying connection in up to 1m4s connIndex=0 event=0 ip=198.41.200.13
2026-08-24T09:46:48Z INF Tunnel connection curve preferences: [X25519MLKEM768 CurveID(65074) CurveP256] connIndex=0 event=0 ip=198.41.200.13
2026-08-24T09:46:48Z ERR failed to run the datagram handler error="context canceled" connIndex=0 event=0 ip=198.41.200.13
2026-08-24T09:46:48Z ERR failed to serve tunnel connection error="control stream encountered a failure while serving" connIndex=0 event=0 ip=198.41.200.13
2026-08-24T09:46:48Z ERR Serve tunnel error error="control stream encountered a failure while serving" connIndex=0 event=0 ip=198.41.200.13
2026-08-24T09:46:48Z INF Retrying connection in up to 1m4s connIndex=0 event=0 ip=198.41.200.13
2026-08-24T09:47:07Z INF Tunnel connection curve preferences: [X25519MLKEM768 CurveID(65074) CurveP256] connIndex=0 event=0 ip=198.41.200.13
2026-08-24T09:47:07Z ERR failed to run the datagram handler error="context canceled" connIndex=0 event=0 ip=198.41.200.13
2026-08-24T09:47:07Z ERR failed to serve tunnel connection error="control stream encountered a failure while serving" connIndex=0 event=0 ip=198.41.200.13
2026-08-24T09:47:07Z ERR Serve tunnel error error="control stream encountered a failure while serving" connIndex=0 event=0 ip=198.41.200.13
2026-08-24T09:47:07Z INF Retrying connection in up to 1m4s connIndex=0 event=0 ip=198.41.200.13
2026-08-24T09:47:32Z INF Tunnel connection curve preferences: [X25519MLKEM768 CurveID(65074) CurveP256] connIndex=0 event=0 ip=198.41.200.13
2026-08-24T09:47:32Z ERR failed to run the datagram handler error="context canceled" connIndex=0 event=0 ip=198.41.200.13
2026-08-24T09:47:32Z ERR failed to serve tunnel connection error="control stream encountered a failure while serving" connIndex=0 event=0 ip=198.41.200.13
2026-08-24T09:47:32Z ERR Serve tunnel error error="control stream encountered a failure while serving" connIndex=0 event=0 ip=198.41.200.13
2026-08-24T09:47:32Z INF Retrying connection in up to 1m4s connIndex=0 event=0 ip=198.41.200.13
2026-08-24T09:47:43Z INF Tunnel connection curve preferences: [X25519MLKEM768 CurveID(65074) CurveP256] connIndex=0 event=0 ip=198.41.200.13
2026-08-24T09:47:43Z ERR failed to run the datagram handler error="context canceled" connIndex=0 event=0 ip=198.41.200.13
2026-08-24T09:47:43Z ERR failed to serve tunnel connection error="control stream encountered a failure while serving" connIndex=0 event=0 ip=198.41.200.13
2026-08-24T09:47:43Z ERR Serve tunnel error error="control stream encountered a failure while serving" connIndex=0 event=0 ip=198.41.200.13
2026-08-24T09:47:43Z INF Retrying connection in up to 1m4s connIndex=0 event=0 ip=198.41.200.13
2026-08-24T09:47:54Z INF Tunnel connection curve preferences: [X25519MLKEM768 CurveID(65074) CurveP256] connIndex=0 event=0 ip=198.41.200.13
2026-08-24T09:47:54Z ERR failed to run the datagram handler error="context canceled" connIndex=0 event=0 ip=198.41.200.13
2026-08-24T09:47:54Z ERR failed to serve tunnel connection error="control stream encountered a failure while serving" connIndex=0 event=0 ip=198.41.200.13
2026-08-24T09:47:54Z ERR Serve tunnel error error="control stream encountered a failure while serving" connIndex=0 event=0 ip=198.41.200.13
2026-08-24T09:47:54Z INF Retrying connection in up to 1m4s connIndex=0 event=0 ip=198.41.200.13
2026-08-24T09:47:58Z INF Tunnel connection curve preferences: [X25519MLKEM768 CurveID(65074) CurveP256] connIndex=0 event=0 ip=198.41.200.13
2026-08-24T09:47:58Z ERR failed to run the datagram handler error="context canceled" connIndex=0 event=0 ip=198.41.200.13
2026-08-24T09:47:58Z ERR failed to serve tunnel connection error="control stream encountered a failure while serving" connIndex=0 event=0 ip=198.41.200.13
2026-08-24T09:47:58Z ERR Serve tunnel error error="control stream encountered a failure while serving" connIndex=0 event=0 ip=198.41.200.13
2026-08-24T09:47:58Z INF Retrying connection in up to 1m4s connIndex=0 event=0 ip=198.41.200.13
2026-08-24T09:48:00Z INF Tunnel connection curve preferences: [X25519MLKEM768 CurveID(65074) CurveP256] connIndex=0 event=0 ip=198.41.200.13
2026-08-24T09:48:01Z ERR failed to run the datagram handler error="context canceled" connIndex=0 event=0 ip=198.41.200.13
2026-08-24T09:48:01Z ERR failed to serve tunnel connection error="control stream encountered a failure while serving" connIndex=0 event=0 ip=198.41.200.13
2026-08-24T09:48:01Z ERR Serve tunnel error error="control stream encountered a failure while serving" connIndex=0 event=0 ip=198.41.200.13
2026-08-24T09:48:01Z INF Retrying connection in up to 1m4s connIndex=0 event=0 ip=198.41.200.13
2026-08-24T09:48:05Z INF Tunnel connection curve preferences: [X25519MLKEM768 CurveID(65074) CurveP256] connIndex=0 event=0 ip=198.41.200.13
2026-08-24T09:48:05Z ERR failed to run the datagram handler error="context canceled" connIndex=0 event=0 ip=198.41.200.13
2026-08-24T09:48:05Z ERR failed to serve tunnel connection error="control stream encountered a failure while serving" connIndex=0 event=0 ip=198.41.200.13
2026-08-24T09:48:05Z ERR Serve tunnel error error="control stream encountered a failure while serving" connIndex=0 event=0 ip=198.41.200.13
2026-08-24T09:48:05Z INF Retrying connection in up to 1m4s connIndex=0 event=0 ip=198.41.200.13
2026-08-24T09:48:20Z INF Tunnel connection curve preferences: [X25519MLKEM768 CurveID(65074) CurveP256] connIndex=0 event=0 ip=198.41.200.13
2026-08-24T09:48:20Z ERR failed to run the datagram handler error="context canceled" connIndex=0 event=0 ip=198.41.200.13
2026-08-24T09:48:20Z ERR failed to serve tunnel connection error="control stream encountered a failure while serving" connIndex=0 event=0 ip=198.41.200.13
2026-08-24T09:48:20Z ERR Serve tunnel error error="control stream encountered a failure while serving" connIndex=0 event=0 ip=198.41.200.13
2026-08-24T09:48:20Z INF Retrying connection in up to 1m4s connIndex=0 event=0 ip=198.41.200.13
2026-08-24T09:48:51Z INF Tunnel connection curve preferences: [X25519MLKEM768 CurveID(65074) CurveP256] connIndex=0 event=0 ip=198.41.200.13
2026-08-24T09:48:51Z ERR failed to run the datagram handler error="context canceled" connIndex=0 event=0 ip=198.41.200.13
2026-08-24T09:48:51Z ERR failed to serve tunnel connection error="control stream encountered a failure while serving" connIndex=0 event=0 ip=198.41.200.13
2026-08-24T09:48:51Z ERR Serve tunnel error error="control stream encountered a failure while serving" connIndex=0 event=0 ip=198.41.200.13
2026-08-24T09:48:51Z INF Retrying connection in up to 1m4s connIndex=0 event=0 ip=198.41.200.13
2026-08-24T09:49:08Z INF Tunnel connection curve preferences: [X25519MLKEM768 CurveID(65074) CurveP256] connIndex=0 event=0 ip=198.41.200.13
2026-08-24T09:49:08Z ERR failed to run the datagram handler error="context canceled" connIndex=0 event=0 ip=198.41.200.13
2026-08-24T09:49:08Z ERR failed to serve tunnel connection error="control stream encountered a failure while serving" connIndex=0 event=0 ip=198.41.200.13
2026-08-24T09:49:08Z ERR Serve tunnel error error="control stream encountered a failure while serving" connIndex=0 event=0 ip=198.41.200.13
2026-08-24T09:49:08Z INF Retrying connection in up to 1m4s connIndex=0 event=0 ip=198.41.200.13
2026-08-24T09:49:09Z INF Tunnel connection curve preferences: [X25519MLKEM768 CurveID(65074) CurveP256] connIndex=0 event=0 ip=198.41.200.13
2026-08-24T09:49:10Z ERR failed to run the datagram handler error="context canceled" connIndex=0 event=0 ip=198.41.200.13
2026-08-24T09:49:10Z ERR failed to serve tunnel connection error="control stream encountered a failure while serving" connIndex=0 event=0 ip=198.41.200.13
2026-08-24T09:49:10Z ERR Serve tunnel error error="control stream encountered a failure while serving" connIndex=0 event=0 ip=198.41.200.13
2026-08-24T09:49:10Z INF Retrying connection in up to 1m4s connIndex=0 event=0 ip=198.41.200.13
2026-08-24T09:49:14Z INF Tunnel connection curve preferences: [X25519MLKEM768 CurveID(65074) CurveP256] connIndex=0 event=0 ip=198.41.200.13
2026-08-24T09:49:15Z ERR failed to run the datagram handler error="context canceled" connIndex=0 event=0 ip=198.41.200.13
2026-08-24T09:49:15Z ERR failed to serve tunnel connection error="control stream encountered a failure while serving" connIndex=0 event=0 ip=198.41.200.13
2026-08-24T09:49:15Z ERR Serve tunnel error error="control stream encountered a failure while serving" connIndex=0 event=0 ip=198.41.200.13
2026-08-24T09:49:15Z INF Retrying connection in up to 1m4s connIndex=0 event=0 ip=198.41.200.13
2026-08-24T09:49:41Z INF Tunnel connection curve preferences: [X25519MLKEM768 CurveID(65074) CurveP256] connIndex=0 event=0 ip=198.41.200.13
2026-08-24T09:49:41Z ERR failed to run the datagram handler error="context canceled" connIndex=0 event=0 ip=198.41.200.13
2026-08-24T09:49:41Z ERR failed to serve tunnel connection error="control stream encountered a failure while serving" connIndex=0 event=0 ip=198.41.200.13
2026-08-24T09:49:41Z ERR Serve tunnel error error="control stream encountered a failure while serving" connIndex=0 event=0 ip=198.41.200.13
2026-08-24T09:49:41Z INF Retrying connection in up to 1m4s connIndex=0 event=0 ip=198.41.200.13
2026-08-24T09:49:59Z INF Tunnel connection curve preferences: [X25519MLKEM768 CurveID(65074) CurveP256] connIndex=0 event=0 ip=198.41.200.13
2026-08-24T09:49:59Z ERR failed to run the datagram handler error="context canceled" connIndex=0 event=0 ip=198.41.200.13
2026-08-24T09:49:59Z ERR failed to serve tunnel connection error="control stream encountered a failure while serving" connIndex=0 event=0 ip=198.41.200.13
2026-08-24T09:49:59Z ERR Serve tunnel error error="control stream encountered a failure while serving" connIndex=0 event=0 ip=198.41.200.13
2026-08-24T09:49:59Z INF Retrying connection in up to 1m4s connIndex=0 event=0 ip=198.41.200.13
2026-08-24T09:50:19Z INF Tunnel connection curve preferences: [X25519MLKEM768 CurveID(65074) CurveP256] connIndex=0 event=0 ip=198.41.200.13
2026-08-24T09:50:19Z ERR failed to run the datagram handler error="context canceled" connIndex=0 event=0 ip=198.41.200.13
2026-08-24T09:50:19Z ERR failed to serve tunnel connection error="control stream encountered a failure while serving" connIndex=0 event=0 ip=198.41.200.13
2026-08-24T09:50:19Z ERR Serve tunnel error error="control stream encountered a failure while serving" connIndex=0 event=0 ip=198.41.200.13
2026-08-24T09:50:19Z INF Retrying connection in up to 1m4s connIndex=0 event=0 ip=198.41.200.13
2026-08-24T09:50:47Z INF Tunnel connection curve preferences: [X25519MLKEM768 CurveID(65074) CurveP256] connIndex=0 event=0 ip=198.41.200.13
2026-08-24T09:50:47Z ERR failed to run the datagram handler error="context canceled" connIndex=0 event=0 ip=198.41.200.13
2026-08-24T09:50:47Z ERR failed to serve tunnel connection error="control stream encountered a failure while serving" connIndex=0 event=0 ip=198.41.200.13
2026-08-24T09:50:47Z ERR Serve tunnel error error="control stream encountered a failure while serving" connIndex=0 event=0 ip=198.41.200.13
2026-08-24T09:50:47Z INF Retrying connection in up to 1m4s connIndex=0 event=0 ip=198.41.200.13
2026-08-24T09:51:11Z INF Tunnel connection curve preferences: [X25519MLKEM768 CurveID(65074) CurveP256] connIndex=0 event=0 ip=198.41.200.13
2026-08-24T09:51:11Z ERR failed to run the datagram handler error="context canceled" connIndex=0 event=0 ip=198.41.200.13
2026-08-24T09:51:11Z ERR failed to serve tunnel connection error="control stream encountered a failure while serving" connIndex=0 event=0 ip=198.41.200.13
2026-08-24T09:51:11Z ERR Serve tunnel error error="control stream encountered a failure while serving" connIndex=0 event=0 ip=198.41.200.13
2026-08-24T09:51:11Z INF Retrying connection in up to 1m4s connIndex=0 event=0 ip=198.41.200.13
2026-08-24T09:51:28Z INF Tunnel connection curve preferences: [X25519MLKEM768 CurveID(65074) CurveP256] connIndex=0 event=0 ip=198.41.200.13
2026-08-24T09:51:28Z ERR failed to run the datagram handler error="context canceled" connIndex=0 event=0 ip=198.41.200.13
2026-08-24T09:51:28Z ERR failed to serve tunnel connection error="control stream encountered a failure while serving" connIndex=0 event=0 ip=198.41.200.13
2026-08-24T09:51:28Z ERR Serve tunnel error error="control stream encountered a failure while serving" connIndex=0 event=0 ip=198.41.200.13
2026-08-24T09:51:28Z INF Retrying connection in up to 1m4s connIndex=0 event=0 ip=198.41.200.13
2026-08-24T09:51:40Z INF Tunnel connection curve preferences: [X25519MLKEM768 CurveID(65074) CurveP256] connIndex=0 event=0 ip=198.41.200.13
2026-08-24T09:51:40Z ERR failed to run the datagram handler error="context canceled" connIndex=0 event=0 ip=198.41.200.13
2026-08-24T09:51:40Z ERR failed to serve tunnel connection error="control stream encountered a failure while serving" connIndex=0 event=0 ip=198.41.200.13
2026-08-24T09:51:40Z ERR Serve tunnel error error="control stream encountered a failure while serving" connIndex=0 event=0 ip=198.41.200.13
2026-08-24T09:51:40Z INF Retrying connection in up to 1m4s connIndex=0 event=0 ip=198.41.200.13
2026-08-24T09:52:10Z INF Tunnel connection curve preferences: [X25519MLKEM768 CurveID(65074) CurveP256] connIndex=0 event=0 ip=198.41.200.13
2026-08-24T09:52:10Z ERR failed to run the datagram handler error="context canceled" connIndex=0 event=0 ip=198.41.200.13
2026-08-24T09:52:10Z ERR failed to serve tunnel connection error="control stream encountered a failure while serving" connIndex=0 event=0 ip=198.41.200.13
2026-08-24T09:52:10Z ERR Serve tunnel error error="control stream encountered a failure while serving" connIndex=0 event=0 ip=198.41.200.13
2026-08-24T09:52:10Z INF Retrying connection in up to 1m4s connIndex=0 event=0 ip=198.41.200.13
2026-08-24T09:52:15Z INF Tunnel connection curve preferences: [X25519MLKEM768 CurveID(65074) CurveP256] connIndex=0 event=0 ip=198.41.200.13
2026-08-24T09:52:15Z ERR failed to run the datagram handler error="context canceled" connIndex=0 event=0 ip=198.41.200.13
2026-08-24T09:52:15Z ERR failed to serve tunnel connection error="control stream encountered a failure while serving" connIndex=0 event=0 ip=198.41.200.13
2026-08-24T09:52:15Z ERR Serve tunnel error error="control stream encountered a failure while serving" connIndex=0 event=0 ip=198.41.200.13
2026-08-24T09:52:15Z INF Retrying connection in up to 1m4s connIndex=0 event=0 ip=198.41.200.13
2026-08-24T09:52:36Z INF Tunnel connection curve preferences: [X25519MLKEM768 CurveID(65074) CurveP256] connIndex=0 event=0 ip=198.41.200.13
2026-08-24T09:52:36Z ERR failed to run the datagram handler error="context canceled" connIndex=0 event=0 ip=198.41.200.13
2026-08-24T09:52:36Z ERR failed to serve tunnel connection error="control stream encountered a failure while serving" connIndex=0 event=0 ip=198.41.200.13
2026-08-24T09:52:36Z ERR Serve tunnel error error="control stream encountered a failure while serving" connIndex=0 event=0 ip=198.41.200.13
2026-08-24T09:52:36Z INF Retrying connection in up to 1m4s connIndex=0 event=0 ip=198.41.200.13
2026-08-24T09:52:53Z INF Tunnel connection curve preferences: [X25519MLKEM768 CurveID(65074) CurveP256] connIndex=0 event=0 ip=198.41.200.13
2026-08-24T09:52:56Z ERR failed to run the datagram handler error="context canceled" connIndex=0 event=0 ip=198.41.200.13
2026-08-24T09:52:56Z ERR failed to serve tunnel connection error="control stream encountered a failure while serving" connIndex=0 event=0 ip=198.41.200.13
2026-08-24T09:52:56Z ERR Serve tunnel error error="control stream encountered a failure while serving" connIndex=0 event=0 ip=198.41.200.13
2026-08-24T09:52:56Z INF Retrying connection in up to 1m4s connIndex=0 event=0 ip=198.41.200.13
2026-08-24T09:53:14Z INF Tunnel connection curve preferences: [X25519MLKEM768 CurveID(65074) CurveP256] connIndex=0 event=0 ip=198.41.200.13
2026-08-24T09:53:14Z ERR failed to run the datagram handler error="context canceled" connIndex=0 event=0 ip=198.41.200.13
2026-08-24T09:53:14Z ERR failed to serve tunnel connection error="control stream encountered a failure while serving" connIndex=0 event=0 ip=198.41.200.13
2026-08-24T09:53:14Z ERR Serve tunnel error error="control stream encountered a failure while serving" connIndex=0 event=0 ip=198.41.200.13
2026-08-24T09:53:14Z INF Retrying connection in up to 1m4s connIndex=0 event=0 ip=198.41.200.13
2026-08-24T09:53:30Z INF Tunnel connection curve preferences: [X25519MLKEM768 CurveID(65074) CurveP256] connIndex=0 event=0 ip=198.41.200.13
2026-08-24T09:53:30Z ERR failed to run the datagram handler error="context canceled" connIndex=0 event=0 ip=198.41.200.13
2026-08-24T09:53:30Z ERR failed to serve tunnel connection error="control stream encountered a failure while serving" connIndex=0 event=0 ip=198.41.200.13
2026-08-24T09:53:30Z ERR Serve tunnel error error="control stream encountered a failure while serving" connIndex=0 event=0 ip=198.41.200.13
2026-08-24T09:53:30Z INF Retrying connection in up to 1m4s connIndex=0 event=0 ip=198.41.200.13
2026-08-24T09:53:37Z INF Tunnel connection curve preferences: [X25519MLKEM768 CurveID(65074) CurveP256] connIndex=0 event=0 ip=198.41.200.13
2026-08-24T09:53:37Z ERR failed to run the datagram handler error="context canceled" connIndex=0 event=0 ip=198.41.200.13
2026-08-24T09:53:37Z ERR failed to serve tunnel connection error="control stream encountered a failure while serving" connIndex=0 event=0 ip=198.41.200.13
2026-08-24T09:53:37Z ERR Serve tunnel error error="control stream encountered a failure while serving" connIndex=0 event=0 ip=198.41.200.13
2026-08-24T09:53:37Z INF Retrying connection in up to 1m4s connIndex=0 event=0 ip=198.41.200.13
2026-08-24T09:53:40Z INF Tunnel connection curve preferences: [X25519MLKEM768 CurveID(65074) CurveP256] connIndex=0 event=0 ip=198.41.200.13
2026-08-24T09:53:40Z ERR failed to run the datagram handler error="context canceled" connIndex=0 event=0 ip=198.41.200.13
2026-08-24T09:53:40Z ERR failed to serve tunnel connection error="control stream encountered a failure while serving" connIndex=0 event=0 ip=198.41.200.13
2026-08-24T09:53:40Z ERR Serve tunnel error error="control stream encountered a failure while serving" connIndex=0 event=0 ip=198.41.200.13
2026-08-24T09:53:40Z INF Retrying connection in up to 1m4s connIndex=0 event=0 ip=198.41.200.13
2026-08-24T09:53:42Z INF Tunnel connection curve preferences: [X25519MLKEM768 CurveID(65074) CurveP256] connIndex=0 event=0 ip=198.41.200.13
2026-08-24T09:53:42Z ERR failed to run the datagram handler error="context canceled" connIndex=0 event=0 ip=198.41.200.13
2026-08-24T09:53:42Z ERR failed to serve tunnel connection error="control stream encountered a failure while serving" connIndex=0 event=0 ip=198.41.200.13
2026-08-24T09:53:42Z ERR Serve tunnel error error="control stream encountered a failure while serving" connIndex=0 event=0 ip=198.41.200.13
2026-08-24T09:53:42Z INF Retrying connection in up to 1m4s connIndex=0 event=0 ip=198.41.200.13
2026-08-24T09:53:56Z INF Tunnel connection curve preferences: [X25519MLKEM768 CurveID(65074) CurveP256] connIndex=0 event=0 ip=198.41.200.13
2026-08-24T09:53:56Z ERR failed to run the datagram handler error="context canceled" connIndex=0 event=0 ip=198.41.200.13
2026-08-24T09:53:56Z ERR failed to serve tunnel connection error="control stream encountered a failure while serving" connIndex=0 event=0 ip=198.41.200.13
2026-08-24T09:53:56Z ERR Serve tunnel error error="control stream encountered a failure while serving" connIndex=0 event=0 ip=198.41.200.13
2026-08-24T09:53:56Z INF Retrying connection in up to 1m4s connIndex=0 event=0 ip=198.41.200.13
2026-08-24T09:53:56Z INF Tunnel connection curve preferences: [X25519MLKEM768 CurveID(65074) CurveP256] connIndex=0 event=0 ip=198.41.200.13
2026-08-24T09:53:56Z ERR failed to run the datagram handler error="context canceled" connIndex=0 event=0 ip=198.41.200.13
2026-08-24T09:53:56Z ERR failed to serve tunnel connection error="control stream encountered a failure while serving" connIndex=0 event=0 ip=198.41.200.13
2026-08-24T09:53:56Z ERR Serve tunnel error error="control stream encountered a failure while serving" connIndex=0 event=0 ip=198.41.200.13
2026-08-24T09:53:56Z INF Retrying connection in up to 1m4s connIndex=0 event=0 ip=198.41.200.13
2026-08-24T09:54:08Z INF Tunnel connection curve preferences: [X25519MLKEM768 CurveID(65074) CurveP256] connIndex=0 event=0 ip=198.41.200.13
2026-08-24T09:54:09Z ERR failed to run the datagram handler error="context canceled" connIndex=0 event=0 ip=198.41.200.13
2026-08-24T09:54:09Z ERR failed to serve tunnel connection error="control stream encountered a failure while serving" connIndex=0 event=0 ip=198.41.200.13
2026-08-24T09:54:09Z ERR Serve tunnel error error="control stream encountered a failure while serving" connIndex=0 event=0 ip=198.41.200.13
2026-08-24T09:54:09Z INF Retrying connection in up to 1m4s connIndex=0 event=0 ip=198.41.200.13
2026-08-24T09:54:22Z INF Tunnel connection curve preferences: [X25519MLKEM768 CurveID(65074) CurveP256] connIndex=0 event=0 ip=198.41.200.13
2026-08-24T09:54:22Z ERR failed to run the datagram handler error="context canceled" connIndex=0 event=0 ip=198.41.200.13
2026-08-24T09:54:22Z ERR failed to serve tunnel connection error="control stream encountered a failure while serving" connIndex=0 event=0 ip=198.41.200.13
2026-08-24T09:54:22Z ERR Serve tunnel error error="control stream encountered a failure while serving" connIndex=0 event=0 ip=198.41.200.13
2026-08-24T09:54:22Z INF Retrying connection in up to 1m4s connIndex=0 event=0 ip=198.41.200.13
2026-08-24T09:54:49Z INF Tunnel connection curve preferences: [X25519MLKEM768 CurveID(65074) CurveP256] connIndex=0 event=0 ip=198.41.200.13
2026-08-24T09:54:49Z ERR failed to run the datagram handler error="context canceled" connIndex=0 event=0 ip=198.41.200.13
2026-08-24T09:54:49Z ERR failed to serve tunnel connection error="control stream encountered a failure while serving" connIndex=0 event=0 ip=198.41.200.13
2026-08-24T09:54:49Z ERR Serve tunnel error error="control stream encountered a failure while serving" connIndex=0 event=0 ip=198.41.200.13
2026-08-24T09:54:49Z INF Retrying connection in up to 1m4s connIndex=0 event=0 ip=198.41.200.13
2026-08-24T09:55:00Z INF Tunnel connection curve preferences: [X25519MLKEM768 CurveID(65074) CurveP256] connIndex=0 event=0 ip=198.41.200.13
2026-08-24T09:55:00Z ERR failed to run the datagram handler error="context canceled" connIndex=0 event=0 ip=198.41.200.13
2026-08-24T09:55:00Z ERR failed to serve tunnel connection error="control stream encountered a failure while serving" connIndex=0 event=0 ip=198.41.200.13
2026-08-24T09:55:00Z ERR Serve tunnel error error="control stream encountered a failure while serving" connIndex=0 event=0 ip=198.41.200.13
2026-08-24T09:55:00Z INF Retrying connection in up to 1m4s connIndex=0 event=0 ip=198.41.200.13
2026-08-24T09:55:07Z INF Tunnel connection curve preferences: [X25519MLKEM768 CurveID(65074) CurveP256] connIndex=0 event=0 ip=198.41.200.13
2026-08-24T09:55:07Z ERR failed to run the datagram handler error="context canceled" connIndex=0 event=0 ip=198.41.200.13
2026-08-24T09:55:07Z ERR failed to serve tunnel connection error="control stream encountered a failure while serving" connIndex=0 event=0 ip=198.41.200.13
2026-08-24T09:55:07Z ERR Serve tunnel error error="control stream encountered a failure while serving" connIndex=0 event=0 ip=198.41.200.13
2026-08-24T09:55:07Z INF Retrying connection in up to 1m4s connIndex=0 event=0 ip=198.41.200.13
2026-08-24T09:55:31Z INF Tunnel connection curve preferences: [X25519MLKEM768 CurveID(65074) CurveP256] connIndex=0 event=0 ip=198.41.200.13
2026-08-24T09:55:32Z ERR failed to run the datagram handler error="context canceled" connIndex=0 event=0 ip=198.41.200.13
2026-08-24T09:55:32Z ERR failed to serve tunnel connection error="control stream encountered a failure while serving" connIndex=0 event=0 ip=198.41.200.13
2026-08-24T09:55:32Z ERR Serve tunnel error error="control stream encountered a failure while serving" connIndex=0 event=0 ip=198.41.200.13
2026-08-24T09:55:32Z INF Retrying connection in up to 1m4s connIndex=0 event=0 ip=198.41.200.13
2026-08-24T09:56:02Z INF Tunnel connection curve preferences: [X25519MLKEM768 CurveID(65074) CurveP256] connIndex=0 event=0 ip=198.41.200.13
2026-08-24T09:56:02Z ERR failed to run the datagram handler error="context canceled" connIndex=0 event=0 ip=198.41.200.13
2026-08-24T09:56:02Z ERR failed to serve tunnel connection error="control stream encountered a failure while serving" connIndex=0 event=0 ip=198.41.200.13
2026-08-24T09:56:02Z ERR Serve tunnel error error="control stream encountered a failure while serving" connIndex=0 event=0 ip=198.41.200.13
2026-08-24T09:56:02Z INF Retrying connection in up to 1m4s connIndex=0 event=0 ip=198.41.200.13
2026-08-24T09:56:32Z INF Tunnel connection curve preferences: [X25519MLKEM768 CurveID(65074) CurveP256] connIndex=0 event=0 ip=198.41.200.13
2026-08-24T09:56:33Z ERR failed to run the datagram handler error="context canceled" connIndex=0 event=0 ip=198.41.200.13
2026-08-24T09:56:33Z ERR failed to serve tunnel connection error="control stream encountered a failure while serving" connIndex=0 event=0 ip=198.41.200.13
2026-08-24T09:56:33Z ERR Serve tunnel error error="control stream encountered a failure while serving" connIndex=0 event=0 ip=198.41.200.13
2026-08-24T09:56:33Z INF Retrying connection in up to 1m4s connIndex=0 event=0 ip=198.41.200.13
2026-08-24T09:56:59Z INF Tunnel connection curve preferences: [X25519MLKEM768 CurveID(65074) CurveP256] connIndex=0 event=0 ip=198.41.200.13
2026-08-24T09:56:59Z ERR failed to run the datagram handler error="context canceled" connIndex=0 event=0 ip=198.41.200.13
2026-08-24T09:56:59Z ERR failed to serve tunnel connection error="control stream encountered a failure while serving" connIndex=0 event=0 ip=198.41.200.13
2026-08-24T09:56:59Z ERR Serve tunnel error error="control stream encountered a failure while serving" connIndex=0 event=0 ip=198.41.200.13
2026-08-24T09:56:59Z INF Retrying connection in up to 1m4s connIndex=0 event=0 ip=198.41.200.13
2026-08-24T09:57:08Z INF Tunnel connection curve preferences: [X25519MLKEM768 CurveID(65074) CurveP256] connIndex=0 event=0 ip=198.41.200.13
2026-08-24T09:57:08Z ERR failed to run the datagram handler error="context canceled" connIndex=0 event=0 ip=198.41.200.13
2026-08-24T09:57:08Z ERR failed to serve tunnel connection error="control stream encountered a failure while serving" connIndex=0 event=0 ip=198.41.200.13
2026-08-24T09:57:08Z ERR Serve tunnel error error="control stream encountered a failure while serving" connIndex=0 event=0 ip=198.41.200.13
2026-08-24T09:57:08Z INF Retrying connection in up to 1m4s connIndex=0 event=0 ip=198.41.200.13
2026-08-24T09:57:13Z INF Tunnel connection curve preferences: [X25519MLKEM768 CurveID(65074) CurveP256] connIndex=0 event=0 ip=198.41.200.13
2026-08-24T09:57:13Z ERR failed to run the datagram handler error="context canceled" connIndex=0 event=0 ip=198.41.200.13
2026-08-24T09:57:13Z ERR failed to serve tunnel connection error="control stream encountered a failure while serving" connIndex=0 event=0 ip=198.41.200.13
2026-08-24T09:57:13Z ERR Serve tunnel error error="control stream encountered a failure while serving" connIndex=0 event=0 ip=198.41.200.13
2026-08-24T09:57:13Z INF Retrying connection in up to 1m4s connIndex=0 event=0 ip=198.41.200.13
2026-08-24T09:57:27Z INF Tunnel connection curve preferences: [X25519MLKEM768 CurveID(65074) CurveP256] connIndex=0 event=0 ip=198.41.200.13
2026-08-24T09:57:27Z ERR failed to run the datagram handler error="context canceled" connIndex=0 event=0 ip=198.41.200.13
2026-08-24T09:57:27Z ERR failed to serve tunnel connection error="control stream encountered a failure while serving" connIndex=0 event=0 ip=198.41.200.13
2026-08-24T09:57:27Z ERR Serve tunnel error error="control stream encountered a failure while serving" connIndex=0 event=0 ip=198.41.200.13
2026-08-24T09:57:27Z INF Retrying connection in up to 1m4s connIndex=0 event=0 ip=198.41.200.13
2026-08-24T09:57:46Z INF Tunnel connection curve preferences: [X25519MLKEM768 CurveID(65074) CurveP256] connIndex=0 event=0 ip=198.41.200.13
2026-08-24T09:57:46Z ERR failed to run the datagram handler error="context canceled" connIndex=0 event=0 ip=198.41.200.13
2026-08-24T09:57:46Z ERR failed to serve tunnel connection error="control stream encountered a failure while serving" connIndex=0 event=0 ip=198.41.200.13
2026-08-24T09:57:46Z ERR Serve tunnel error error="control stream encountered a failure while serving" connIndex=0 event=0 ip=198.41.200.13
2026-08-24T09:57:46Z INF Retrying connection in up to 1m4s connIndex=0 event=0 ip=198.41.200.13
2026-08-24T09:58:11Z INF Tunnel connection curve preferences: [X25519MLKEM768 CurveID(65074) CurveP256] connIndex=0 event=0 ip=198.41.200.13
2026-08-24T09:58:11Z ERR failed to run the datagram handler error="context canceled" connIndex=0 event=0 ip=198.41.200.13
2026-08-24T09:58:11Z ERR failed to serve tunnel connection error="control stream encountered a failure while serving" connIndex=0 event=0 ip=198.41.200.13
2026-08-24T09:58:11Z ERR Serve tunnel error error="control stream encountered a failure while serving" connIndex=0 event=0 ip=198.41.200.13
2026-08-24T09:58:11Z INF Retrying connection in up to 1m4s connIndex=0 event=0 ip=198.41.200.13
2026-08-24T09:58:30Z INF Tunnel connection curve preferences: [X25519MLKEM768 CurveID(65074) CurveP256] connIndex=0 event=0 ip=198.41.200.13
2026-08-24T09:58:30Z ERR failed to run the datagram handler error="context canceled" connIndex=0 event=0 ip=198.41.200.13
2026-08-24T09:58:30Z ERR failed to serve tunnel connection error="control stream encountered a failure while serving" connIndex=0 event=0 ip=198.41.200.13
2026-08-24T09:58:30Z ERR Serve tunnel error error="control stream encountered a failure while serving" connIndex=0 event=0 ip=198.41.200.13
2026-08-24T09:58:30Z INF Retrying connection in up to 1m4s connIndex=0 event=0 ip=198.41.200.13
2026-08-24T09:58:51Z INF Tunnel connection curve preferences: [X25519MLKEM768 CurveID(65074) CurveP256] connIndex=0 event=0 ip=198.41.200.13
2026-08-24T09:58:51Z ERR failed to run the datagram handler error="context canceled" connIndex=0 event=0 ip=198.41.200.13
2026-08-24T09:58:51Z ERR failed to serve tunnel connection error="control stream encountered a failure while serving" connIndex=0 event=0 ip=198.41.200.13
2026-08-24T09:58:51Z ERR Serve tunnel error error="control stream encountered a failure while serving" connIndex=0 event=0 ip=198.41.200.13
2026-08-24T09:58:51Z INF Retrying connection in up to 1m4s connIndex=0 event=0 ip=198.41.200.13
2026-08-24T09:59:14Z INF Tunnel connection curve preferences: [X25519MLKEM768 CurveID(65074) CurveP256] connIndex=0 event=0 ip=198.41.200.13
2026-08-24T09:59:14Z ERR failed to run the datagram handler error="context canceled" connIndex=0 event=0 ip=198.41.200.13
2026-08-24T09:59:14Z ERR failed to serve tunnel connection error="control stream encountered a failure while serving" connIndex=0 event=0 ip=198.41.200.13
2026-08-24T09:59:14Z ERR Serve tunnel error error="control stream encountered a failure while serving" connIndex=0 event=0 ip=198.41.200.13
2026-08-24T09:59:14Z INF Retrying connection in up to 1m4s connIndex=0 event=0 ip=198.41.200.13
2026-08-24T09:59:34Z INF Tunnel connection curve preferences: [X25519MLKEM768 CurveID(65074) CurveP256] connIndex=0 event=0 ip=198.41.200.13
2026-08-24T09:59:35Z ERR failed to run the datagram handler error="context canceled" connIndex=0 event=0 ip=198.41.200.13
2026-08-24T09:59:35Z ERR failed to serve tunnel connection error="control stream encountered a failure while serving" connIndex=0 event=0 ip=198.41.200.13
2026-08-24T09:59:35Z ERR Serve tunnel error error="control stream encountered a failure while serving" connIndex=0 event=0 ip=198.41.200.13
2026-08-24T09:59:35Z INF Retrying connection in up to 1m4s connIndex=0 event=0 ip=198.41.200.13
2026-08-24T09:59:55Z INF Tunnel connection curve preferences: [X25519MLKEM768 CurveID(65074) CurveP256] connIndex=0 event=0 ip=198.41.200.13
2026-08-24T09:59:55Z ERR failed to run the datagram handler error="context canceled" connIndex=0 event=0 ip=198.41.200.13
2026-08-24T09:59:55Z ERR failed to serve tunnel connection error="control stream encountered a failure while serving" connIndex=0 event=0 ip=198.41.200.13
2026-08-24T09:59:55Z ERR Serve tunnel error error="control stream encountered a failure while serving" connIndex=0 event=0 ip=198.41.200.13
2026-08-24T09:59:55Z INF Retrying connection in up to 1m4s connIndex=0 event=0 ip=198.41.200.13
2026-08-24T10:00:22Z INF Tunnel connection curve preferences: [X25519MLKEM768 CurveID(65074) CurveP256] connIndex=0 event=0 ip=198.41.200.13
2026-08-24T10:00:22Z ERR failed to run the datagram handler error="context canceled" connIndex=0 event=0 ip=198.41.200.13
2026-08-24T10:00:22Z ERR failed to serve tunnel connection error="control stream encountered a failure while serving" connIndex=0 event=0 ip=198.41.200.13
2026-08-24T10:00:22Z ERR Serve tunnel error error="control stream encountered a failure while serving" connIndex=0 event=0 ip=198.41.200.13
2026-08-24T10:00:22Z INF Retrying connection in up to 1m4s connIndex=0 event=0 ip=198.41.200.13
2026-08-24T10:00:29Z INF Tunnel connection curve preferences: [X25519MLKEM768 CurveID(65074) CurveP256] connIndex=0 event=0 ip=198.41.200.13
2026-08-24T10:00:30Z ERR failed to run the datagram handler error="context canceled" connIndex=0 event=0 ip=198.41.200.13
2026-08-24T10:00:30Z ERR failed to serve tunnel connection error="control stream encountered a failure while serving" connIndex=0 event=0 ip=198.41.200.13
2026-08-24T10:00:30Z ERR Serve tunnel error error="control stream encountered a failure while serving" connIndex=0 event=0 ip=198.41.200.13
2026-08-24T10:00:30Z INF Retrying connection in up to 1m4s connIndex=0 event=0 ip=198.41.200.13
2026-08-24T10:00:58Z INF Tunnel connection curve preferences: [X25519MLKEM768 CurveID(65074) CurveP256] connIndex=0 event=0 ip=198.41.200.13
2026-08-24T10:00:58Z ERR failed to run the datagram handler error="context canceled" connIndex=0 event=0 ip=198.41.200.13
2026-08-24T10:00:58Z ERR failed to serve tunnel connection error="control stream encountered a failure while serving" connIndex=0 event=0 ip=198.41.200.13
2026-08-24T10:00:58Z ERR Serve tunnel error error="control stream encountered a failure while serving" connIndex=0 event=0 ip=198.41.200.13
2026-08-24T10:00:58Z INF Retrying connection in up to 1m4s connIndex=0 event=0 ip=198.41.200.13
2026-08-24T10:01:22Z INF Tunnel connection curve preferences: [X25519MLKEM768 CurveID(65074) CurveP256] connIndex=0 event=0 ip=198.41.200.13
2026-08-24T10:01:22Z ERR failed to run the datagram handler error="context canceled" connIndex=0 event=0 ip=198.41.200.13
2026-08-24T10:01:22Z ERR failed to serve tunnel connection error="control stream encountered a failure while serving" connIndex=0 event=0 ip=198.41.200.13
2026-08-24T10:01:22Z ERR Serve tunnel error error="control stream encountered a failure while serving" connIndex=0 event=0 ip=198.41.200.13
2026-08-24T10:01:22Z INF Retrying connection in up to 1m4s connIndex=0 event=0 ip=198.41.200.13
2026-08-24T10:01:28Z INF Tunnel connection curve preferences: [X25519MLKEM768 CurveID(65074) CurveP256] connIndex=0 event=0 ip=198.41.200.13
2026-08-24T10:01:29Z ERR failed to run the datagram handler error="context canceled" connIndex=0 event=0 ip=198.41.200.13
2026-08-24T10:01:29Z ERR failed to serve tunnel connection error="control stream encountered a failure while serving" connIndex=0 event=0 ip=198.41.200.13
2026-08-24T10:01:29Z ERR Serve tunnel error error="control stream encountered a failure while serving" connIndex=0 event=0 ip=198.41.200.13
2026-08-24T10:01:29Z INF Retrying connection in up to 1m4s connIndex=0 event=0 ip=198.41.200.13
2026-08-24T10:01:41Z INF Tunnel connection curve preferences: [X25519MLKEM768 CurveID(65074) CurveP256] connIndex=0 event=0 ip=198.41.200.13
2026-08-24T10:01:41Z ERR failed to run the datagram handler error="context canceled" connIndex=0 event=0 ip=198.41.200.13
2026-08-24T10:01:41Z ERR failed to serve tunnel connection error="control stream encountered a failure while serving" connIndex=0 event=0 ip=198.41.200.13
2026-08-24T10:01:41Z ERR Serve tunnel error error="control stream encountered a failure while serving" connIndex=0 event=0 ip=198.41.200.13
2026-08-24T10:01:41Z INF Retrying connection in up to 1m4s connIndex=0 event=0 ip=198.41.200.13
2026-08-24T10:01:49Z INF Tunnel connection curve preferences: [X25519MLKEM768 CurveID(65074) CurveP256] connIndex=0 event=0 ip=198.41.200.13
2026-08-24T10:01:49Z ERR failed to run the datagram handler error="context canceled" connIndex=0 event=0 ip=198.41.200.13
2026-08-24T10:01:49Z ERR failed to serve tunnel connection error="control stream encountered a failure while serving" connIndex=0 event=0 ip=198.41.200.13
2026-08-24T10:01:49Z ERR Serve tunnel error error="control stream encountered a failure while serving" connIndex=0 event=0 ip=198.41.200.13
2026-08-24T10:01:49Z INF Retrying connection in up to 1m4s connIndex=0 event=0 ip=198.41.200.13
2026-08-24T10:02:13Z INF Tunnel connection curve preferences: [X25519MLKEM768 CurveID(65074) CurveP256] connIndex=0 event=0 ip=198.41.200.13
2026-08-24T10:02:13Z ERR failed to run the datagram handler error="context canceled" connIndex=0 event=0 ip=198.41.200.13
2026-08-24T10:02:13Z ERR failed to serve tunnel connection error="control stream encountered a failure while serving" connIndex=0 event=0 ip=198.41.200.13
2026-08-24T10:02:13Z ERR Serve tunnel error error="control stream encountered a failure while serving" connIndex=0 event=0 ip=198.41.200.13
2026-08-24T10:02:13Z INF Retrying connection in up to 1m4s connIndex=0 event=0 ip=198.41.200.13
2026-08-24T10:02:27Z INF Tunnel connection curve preferences: [X25519MLKEM768 CurveID(65074) CurveP256] connIndex=0 event=0 ip=198.41.200.13
2026-08-24T10:02:27Z ERR failed to run the datagram handler error="context canceled" connIndex=0 event=0 ip=198.41.200.13
2026-08-24T10:02:27Z ERR failed to serve tunnel connection error="control stream encountered a failure while serving" connIndex=0 event=0 ip=198.41.200.13
2026-08-24T10:02:27Z ERR Serve tunnel error error="control stream encountered a failure while serving" connIndex=0 event=0 ip=198.41.200.13
2026-08-24T10:02:27Z INF Retrying connection in up to 1m4s connIndex=0 event=0 ip=198.41.200.13
2026-08-24T10:02:42Z INF Tunnel connection curve preferences: [X25519MLKEM768 CurveID(65074) CurveP256] connIndex=0 event=0 ip=198.41.200.13
2026-08-24T10:02:42Z ERR failed to run the datagram handler error="context canceled" connIndex=0 event=0 ip=198.41.200.13
2026-08-24T10:02:42Z ERR failed to serve tunnel connection error="control stream encountered a failure while serving" connIndex=0 event=0 ip=198.41.200.13
2026-08-24T10:02:42Z ERR Serve tunnel error error="control stream encountered a failure while serving" connIndex=0 event=0 ip=198.41.200.13
2026-08-24T10:02:42Z INF Retrying connection in up to 1m4s connIndex=0 event=0 ip=198.41.200.13
2026-08-24T10:03:07Z INF Tunnel connection curve preferences: [X25519MLKEM768 CurveID(65074) CurveP256] connIndex=0 event=0 ip=198.41.200.13
2026-08-24T10:03:07Z ERR failed to run the datagram handler error="context canceled" connIndex=0 event=0 ip=198.41.200.13
2026-08-24T10:03:07Z ERR failed to serve tunnel connection error="control stream encountered a failure while serving" connIndex=0 event=0 ip=198.41.200.13
2026-08-24T10:03:07Z ERR Serve tunnel error error="control stream encountered a failure while serving" connIndex=0 event=0 ip=198.41.200.13
2026-08-24T10:03:07Z INF Retrying connection in up to 1m4s connIndex=0 event=0 ip=198.41.200.13
2026-08-24T10:03:08Z INF Tunnel connection curve preferences: [X25519MLKEM768 CurveID(65074) CurveP256] connIndex=0 event=0 ip=198.41.200.13
2026-08-24T10:03:08Z ERR failed to run the datagram handler error="context canceled" connIndex=0 event=0 ip=198.41.200.13
2026-08-24T10:03:08Z ERR failed to serve tunnel connection error="control stream encountered a failure while serving" connIndex=0 event=0 ip=198.41.200.13
2026-08-24T10:03:08Z ERR Serve tunnel error error="control stream encountered a failure while serving" connIndex=0 event=0 ip=198.41.200.13
2026-08-24T10:03:08Z INF Retrying connection in up to 1m4s connIndex=0 event=0 ip=198.41.200.13
2026-08-24T10:03:16Z INF Tunnel connection curve preferences: [X25519MLKEM768 CurveID(65074) CurveP256] connIndex=0 event=0 ip=198.41.200.13
2026-08-24T10:03:16Z ERR failed to run the datagram handler error="context canceled" connIndex=0 event=0 ip=198.41.200.13
2026-08-24T10:03:16Z ERR failed to serve tunnel connection error="control stream encountered a failure while serving" connIndex=0 event=0 ip=198.41.200.13
2026-08-24T10:03:16Z ERR Serve tunnel error error="control stream encountered a failure while serving" connIndex=0 event=0 ip=198.41.200.13
2026-08-24T10:03:16Z INF Retrying connection in up to 1m4s connIndex=0 event=0 ip=198.41.200.13
2026-08-24T10:03:20Z INF Tunnel connection curve preferences: [X25519MLKEM768 CurveID(65074) CurveP256] connIndex=0 event=0 ip=198.41.200.13
2026-08-24T10:03:20Z ERR failed to run the datagram handler error="context canceled" connIndex=0 event=0 ip=198.41.200.13
2026-08-24T10:03:20Z ERR failed to serve tunnel connection error="control stream encountered a failure while serving" connIndex=0 event=0 ip=198.41.200.13
2026-08-24T10:03:20Z ERR Serve tunnel error error="control stream encountered a failure while serving" connIndex=0 event=0 ip=198.41.200.13
2026-08-24T10:03:20Z INF Retrying connection in up to 1m4s connIndex=0 event=0 ip=198.41.200.13
2026-08-24T10:03:33Z INF Tunnel connection curve preferences: [X25519MLKEM768 CurveID(65074) CurveP256] connIndex=0 event=0 ip=198.41.200.13
2026-08-24T10:03:33Z ERR failed to run the datagram handler error="context canceled" connIndex=0 event=0 ip=198.41.200.13
2026-08-24T10:03:33Z ERR failed to serve tunnel connection error="control stream encountered a failure while serving" connIndex=0 event=0 ip=198.41.200.13
2026-08-24T10:03:33Z ERR Serve tunnel error error="control stream encountered a failure while serving" connIndex=0 event=0 ip=198.41.200.13
2026-08-24T10:03:33Z INF Retrying connection in up to 1m4s connIndex=0 event=0 ip=198.41.200.13
2026-08-24T10:03:59Z INF Tunnel connection curve preferences: [X25519MLKEM768 CurveID(65074) CurveP256] connIndex=0 event=0 ip=198.41.200.13
2026-08-24T10:04:00Z ERR failed to run the datagram handler error="context canceled" connIndex=0 event=0 ip=198.41.200.13
2026-08-24T10:04:00Z ERR failed to serve tunnel connection error="control stream encountered a failure while serving" connIndex=0 event=0 ip=198.41.200.13
2026-08-24T10:04:00Z ERR Serve tunnel error error="control stream encountered a failure while serving" connIndex=0 event=0 ip=198.41.200.13
2026-08-24T10:04:00Z INF Retrying connection in up to 1m4s connIndex=0 event=0 ip=198.41.200.13
2026-08-24T10:04:21Z INF Tunnel connection curve preferences: [X25519MLKEM768 CurveID(65074) CurveP256] connIndex=0 event=0 ip=198.41.200.13
2026-08-24T10:04:21Z ERR failed to run the datagram handler error="context canceled" connIndex=0 event=0 ip=198.41.200.13
2026-08-24T10:04:21Z ERR failed to serve tunnel connection error="control stream encountered a failure while serving" connIndex=0 event=0 ip=198.41.200.13
2026-08-24T10:04:21Z ERR Serve tunnel error error="control stream encountered a failure while serving" connIndex=0 event=0 ip=198.41.200.13
2026-08-24T10:04:21Z INF Retrying connection in up to 1m4s connIndex=0 event=0 ip=198.41.200.13
2026-08-24T10:04:37Z INF Tunnel connection curve preferences: [X25519MLKEM768 CurveID(65074) CurveP256] connIndex=0 event=0 ip=198.41.200.13
2026-08-24T10:04:38Z ERR failed to run the datagram handler error="context canceled" connIndex=0 event=0 ip=198.41.200.13
2026-08-24T10:04:38Z ERR failed to serve tunnel connection error="control stream encountered a failure while serving" connIndex=0 event=0 ip=198.41.200.13
2026-08-24T10:04:38Z ERR Serve tunnel error error="control stream encountered a failure while serving" connIndex=0 event=0 ip=198.41.200.13
2026-08-24T10:04:38Z INF Retrying connection in up to 1m4s connIndex=0 event=0 ip=198.41.200.13
2026-08-24T10:05:03Z INF Tunnel connection curve preferences: [X25519MLKEM768 CurveID(65074) CurveP256] connIndex=0 event=0 ip=198.41.200.13
2026-08-24T10:05:04Z ERR failed to run the datagram handler error="context canceled" connIndex=0 event=0 ip=198.41.200.13
2026-08-24T10:05:04Z ERR failed to serve tunnel connection error="control stream encountered a failure while serving" connIndex=0 event=0 ip=198.41.200.13
2026-08-24T10:05:04Z ERR Serve tunnel error error="control stream encountered a failure while serving" connIndex=0 event=0 ip=198.41.200.13
2026-08-24T10:05:04Z INF Retrying connection in up to 1m4s connIndex=0 event=0 ip=198.41.200.13
2026-08-24T10:05:22Z INF Tunnel connection curve preferences: [X25519MLKEM768 CurveID(65074) CurveP256] connIndex=0 event=0 ip=198.41.200.13
2026-08-24T10:05:22Z ERR failed to run the datagram handler error="context canceled" connIndex=0 event=0 ip=198.41.200.13
2026-08-24T10:05:22Z ERR failed to serve tunnel connection error="control stream encountered a failure while serving" connIndex=0 event=0 ip=198.41.200.13
2026-08-24T10:05:22Z ERR Serve tunnel error error="control stream encountered a failure while serving" connIndex=0 event=0 ip=198.41.200.13
2026-08-24T10:05:22Z INF Retrying connection in up to 1m4s connIndex=0 event=0 ip=198.41.200.13
2026-08-24T10:05:47Z INF Tunnel connection curve preferences: [X25519MLKEM768 CurveID(65074) CurveP256] connIndex=0 event=0 ip=198.41.200.13
2026-08-24T10:05:47Z ERR failed to run the datagram handler error="context canceled" connIndex=0 event=0 ip=198.41.200.13
2026-08-24T10:05:47Z ERR failed to serve tunnel connection error="control stream encountered a failure while serving" connIndex=0 event=0 ip=198.41.200.13
2026-08-24T10:05:47Z ERR Serve tunnel error error="control stream encountered a failure while serving" connIndex=0 event=0 ip=198.41.200.13
2026-08-24T10:05:47Z INF Retrying connection in up to 1m4s connIndex=0 event=0 ip=198.41.200.13
2026-08-24T10:06:09Z INF Tunnel connection curve preferences: [X25519MLKEM768 CurveID(65074) CurveP256] connIndex=0 event=0 ip=198.41.200.13
2026-08-24T10:06:09Z ERR failed to run the datagram handler error="context canceled" connIndex=0 event=0 ip=198.41.200.13
2026-08-24T10:06:09Z ERR failed to serve tunnel connection error="control stream encountered a failure while serving" connIndex=0 event=0 ip=198.41.200.13
2026-08-24T10:06:09Z ERR Serve tunnel error error="control stream encountered a failure while serving" connIndex=0 event=0 ip=198.41.200.13
2026-08-24T10:06:09Z INF Retrying connection in up to 1m4s connIndex=0 event=0 ip=198.41.200.13
2026-08-24T10:06:23Z INF Tunnel connection curve preferences: [X25519MLKEM768 CurveID(65074) CurveP256] connIndex=0 event=0 ip=198.41.200.13
2026-08-24T10:06:23Z ERR failed to run the datagram handler error="context canceled" connIndex=0 event=0 ip=198.41.200.13
2026-08-24T10:06:23Z ERR failed to serve tunnel connection error="control stream encountered a failure while serving" connIndex=0 event=0 ip=198.41.200.13
2026-08-24T10:06:23Z ERR Serve tunnel error error="control stream encountered a failure while serving" connIndex=0 event=0 ip=198.41.200.13
2026-08-24T10:06:23Z INF Retrying connection in up to 1m4s connIndex=0 event=0 ip=198.41.200.13
2026-08-24T10:06:43Z INF Tunnel connection curve preferences: [X25519MLKEM768 CurveID(65074) CurveP256] connIndex=0 event=0 ip=198.41.200.13
2026-08-24T10:06:43Z ERR failed to run the datagram handler error="context canceled" connIndex=0 event=0 ip=198.41.200.13
2026-08-24T10:06:43Z ERR failed to serve tunnel connection error="control stream encountered a failure while serving" connIndex=0 event=0 ip=198.41.200.13
2026-08-24T10:06:43Z ERR Serve tunnel error error="control stream encountered a failure while serving" connIndex=0 event=0 ip=198.41.200.13
2026-08-24T10:06:43Z INF Retrying connection in up to 1m4s connIndex=0 event=0 ip=198.41.200.13
2026-08-24T10:06:51Z INF Tunnel connection curve preferences: [X25519MLKEM768 CurveID(65074) CurveP256] connIndex=0 event=0 ip=198.41.200.13
2026-08-24T10:06:51Z ERR failed to run the datagram handler error="context canceled" connIndex=0 event=0 ip=198.41.200.13
2026-08-24T10:06:51Z ERR failed to serve tunnel connection error="control stream encountered a failure while serving" connIndex=0 event=0 ip=198.41.200.13
2026-08-24T10:06:51Z ERR Serve tunnel error error="control stream encountered a failure while serving" connIndex=0 event=0 ip=198.41.200.13
2026-08-24T10:06:51Z INF Retrying connection in up to 1m4s connIndex=0 event=0 ip=198.41.200.13
2026-08-24T10:07:03Z INF Tunnel connection curve preferences: [X25519MLKEM768 CurveID(65074) CurveP256] connIndex=0 event=0 ip=198.41.200.13
2026-08-24T10:07:03Z ERR failed to run the datagram handler error="context canceled" connIndex=0 event=0 ip=198.41.200.13
2026-08-24T10:07:03Z ERR failed to serve tunnel connection error="control stream encountered a failure while serving" connIndex=0 event=0 ip=198.41.200.13
2026-08-24T10:07:03Z ERR Serve tunnel error error="control stream encountered a failure while serving" connIndex=0 event=0 ip=198.41.200.13
2026-08-24T10:07:03Z INF Retrying connection in up to 1m4s connIndex=0 event=0 ip=198.41.200.13
2026-08-24T10:07:06Z INF Tunnel connection curve preferences: [X25519MLKEM768 CurveID(65074) CurveP256] connIndex=0 event=0 ip=198.41.200.13
2026-08-24T10:07:06Z ERR failed to run the datagram handler error="context canceled" connIndex=0 event=0 ip=198.41.200.13
2026-08-24T10:07:06Z ERR failed to serve tunnel connection error="control stream encountered a failure while serving" connIndex=0 event=0 ip=198.41.200.13
2026-08-24T10:07:06Z ERR Serve tunnel error error="control stream encountered a failure while serving" connIndex=0 event=0 ip=198.41.200.13
2026-08-24T10:07:06Z INF Retrying connection in up to 1m4s connIndex=0 event=0 ip=198.41.200.13
2026-08-24T10:07:16Z INF Tunnel connection curve preferences: [X25519MLKEM768 CurveID(65074) CurveP256] connIndex=0 event=0 ip=198.41.200.13
2026-08-24T10:07:16Z ERR failed to run the datagram handler error="context canceled" connIndex=0 event=0 ip=198.41.200.13
2026-08-24T10:07:16Z ERR failed to serve tunnel connection error="control stream encountered a failure while serving" connIndex=0 event=0 ip=198.41.200.13
2026-08-24T10:07:16Z ERR Serve tunnel error error="control stream encountered a failure while serving" connIndex=0 event=0 ip=198.41.200.13
2026-08-24T10:07:16Z INF Retrying connection in up to 1m4s connIndex=0 event=0 ip=198.41.200.13
2026-08-24T10:07:39Z INF Tunnel connection curve preferences: [X25519MLKEM768 CurveID(65074) CurveP256] connIndex=0 event=0 ip=198.41.200.13
2026-08-24T10:07:39Z ERR failed to run the datagram handler error="context canceled" connIndex=0 event=0 ip=198.41.200.13
2026-08-24T10:07:39Z ERR failed to serve tunnel connection error="control stream encountered a failure while serving" connIndex=0 event=0 ip=198.41.200.13
2026-08-24T10:07:39Z ERR Serve tunnel error error="control stream encountered a failure while serving" connIndex=0 event=0 ip=198.41.200.13
2026-08-24T10:07:39Z INF Retrying connection in up to 1m4s connIndex=0 event=0 ip=198.41.200.13
2026-08-24T10:08:01Z INF Tunnel connection curve preferences: [X25519MLKEM768 CurveID(65074) CurveP256] connIndex=0 event=0 ip=198.41.200.13
2026-08-24T10:08:01Z ERR failed to run the datagram handler error="context canceled" connIndex=0 event=0 ip=198.41.200.13
2026-08-24T10:08:01Z ERR failed to serve tunnel connection error="control stream encountered a failure while serving" connIndex=0 event=0 ip=198.41.200.13
2026-08-24T10:08:01Z ERR Serve tunnel error error="control stream encountered a failure while serving" connIndex=0 event=0 ip=198.41.200.13
2026-08-24T10:08:01Z INF Retrying connection in up to 1m4s connIndex=0 event=0 ip=198.41.200.13
2026-08-24T10:08:28Z INF Tunnel connection curve preferences: [X25519MLKEM768 CurveID(65074) CurveP256] connIndex=0 event=0 ip=198.41.200.13
2026-08-24T10:08:28Z ERR failed to run the datagram handler error="context canceled" connIndex=0 event=0 ip=198.41.200.13
2026-08-24T10:08:28Z ERR failed to serve tunnel connection error="control stream encountered a failure while serving" connIndex=0 event=0 ip=198.41.200.13
2026-08-24T10:08:28Z ERR Serve tunnel error error="control stream encountered a failure while serving" connIndex=0 event=0 ip=198.41.200.13
2026-08-24T10:08:28Z INF Retrying connection in up to 1m4s connIndex=0 event=0 ip=198.41.200.13
2026-08-24T10:08:50Z INF Tunnel connection curve preferences: [X25519MLKEM768 CurveID(65074) CurveP256] connIndex=0 event=0 ip=198.41.200.13
2026-08-24T10:08:50Z ERR failed to run the datagram handler error="context canceled" connIndex=0 event=0 ip=198.41.200.13
2026-08-24T10:08:50Z ERR failed to serve tunnel connection error="control stream encountered a failure while serving" connIndex=0 event=0 ip=198.41.200.13
2026-08-24T10:08:50Z ERR Serve tunnel error error="control stream encountered a failure while serving" connIndex=0 event=0 ip=198.41.200.13
2026-08-24T10:08:50Z INF Retrying connection in up to 1m4s connIndex=0 event=0 ip=198.41.200.13
2026-08-24T10:09:11Z INF Tunnel connection curve preferences: [X25519MLKEM768 CurveID(65074) CurveP256] connIndex=0 event=0 ip=198.41.200.13
2026-08-24T10:09:11Z ERR failed to run the datagram handler error="context canceled" connIndex=0 event=0 ip=198.41.200.13
2026-08-24T10:09:11Z ERR failed to serve tunnel connection error="control stream encountered a failure while serving" connIndex=0 event=0 ip=198.41.200.13
2026-08-24T10:09:11Z ERR Serve tunnel error error="control stream encountered a failure while serving" connIndex=0 event=0 ip=198.41.200.13
2026-08-24T10:09:11Z INF Retrying connection in up to 1m4s connIndex=0 event=0 ip=198.41.200.13
2026-08-24T10:09:15Z INF Tunnel connection curve preferences: [X25519MLKEM768 CurveID(65074) CurveP256] connIndex=0 event=0 ip=198.41.200.13
2026-08-24T10:09:15Z ERR failed to run the datagram handler error="context canceled" connIndex=0 event=0 ip=198.41.200.13
2026-08-24T10:09:15Z ERR failed to serve tunnel connection error="control stream encountered a failure while serving" connIndex=0 event=0 ip=198.41.200.13
2026-08-24T10:09:15Z ERR Serve tunnel error error="control stream encountered a failure while serving" connIndex=0 event=0 ip=198.41.200.13
2026-08-24T10:09:15Z INF Retrying connection in up to 1m4s connIndex=0 event=0 ip=198.41.200.13
2026-08-24T10:09:35Z INF Tunnel connection curve preferences: [X25519MLKEM768 CurveID(65074) CurveP256] connIndex=0 event=0 ip=198.41.200.13
2026-08-24T10:09:35Z ERR failed to run the datagram handler error="context canceled" connIndex=0 event=0 ip=198.41.200.13
2026-08-24T10:09:35Z ERR failed to serve tunnel connection error="control stream encountered a failure while serving" connIndex=0 event=0 ip=198.41.200.13
2026-08-24T10:09:35Z ERR Serve tunnel error error="control stream encountered a failure while serving" connIndex=0 event=0 ip=198.41.200.13
2026-08-24T10:09:35Z INF Retrying connection in up to 1m4s connIndex=0 event=0 ip=198.41.200.13
2026-08-24T10:10:05Z INF Tunnel connection curve preferences: [X25519MLKEM768 CurveID(65074) CurveP256] connIndex=0 event=0 ip=198.41.200.13
2026-08-24T10:10:05Z ERR failed to run the datagram handler error="context canceled" connIndex=0 event=0 ip=198.41.200.13
2026-08-24T10:10:05Z ERR failed to serve tunnel connection error="control stream encountered a failure while serving" connIndex=0 event=0 ip=198.41.200.13
2026-08-24T10:10:05Z ERR Serve tunnel error error="control stream encountered a failure while serving" connIndex=0 event=0 ip=198.41.200.13
2026-08-24T10:10:05Z INF Retrying connection in up to 1m4s connIndex=0 event=0 ip=198.41.200.13
2026-08-24T10:10:11Z INF Tunnel connection curve preferences: [X25519MLKEM768 CurveID(65074) CurveP256] connIndex=0 event=0 ip=198.41.200.13
2026-08-24T10:10:12Z ERR failed to run the datagram handler error="context canceled" connIndex=0 event=0 ip=198.41.200.13
2026-08-24T10:10:12Z ERR failed to serve tunnel connection error="control stream encountered a failure while serving" connIndex=0 event=0 ip=198.41.200.13
2026-08-24T10:10:12Z ERR Serve tunnel error error="control stream encountered a failure while serving" connIndex=0 event=0 ip=198.41.200.13
2026-08-24T10:10:12Z INF Retrying connection in up to 1m4s connIndex=0 event=0 ip=198.41.200.13
2026-08-24T10:10:28Z INF Tunnel connection curve preferences: [X25519MLKEM768 CurveID(65074) CurveP256] connIndex=0 event=0 ip=198.41.200.13
2026-08-24T10:10:28Z ERR failed to run the datagram handler error="context canceled" connIndex=0 event=0 ip=198.41.200.13
2026-08-24T10:10:28Z ERR failed to serve tunnel connection error="control stream encountered a failure while serving" connIndex=0 event=0 ip=198.41.200.13
2026-08-24T10:10:28Z ERR Serve tunnel error error="control stream encountered a failure while serving" connIndex=0 event=0 ip=198.41.200.13
2026-08-24T10:10:28Z INF Retrying connection in up to 1m4s connIndex=0 event=0 ip=198.41.200.13
2026-08-24T10:10:34Z INF Tunnel connection curve preferences: [X25519MLKEM768 CurveID(65074) CurveP256] connIndex=0 event=0 ip=198.41.200.13
2026-08-24T10:10:34Z ERR failed to run the datagram handler error="context canceled" connIndex=0 event=0 ip=198.41.200.13
2026-08-24T10:10:34Z ERR failed to serve tunnel connection error="control stream encountered a failure while serving" connIndex=0 event=0 ip=198.41.200.13
2026-08-24T10:10:34Z ERR Serve tunnel error error="control stream encountered a failure while serving" connIndex=0 event=0 ip=198.41.200.13
2026-08-24T10:10:34Z INF Retrying connection in up to 1m4s connIndex=0 event=0 ip=198.41.200.13
2026-08-24T10:11:04Z INF Tunnel connection curve preferences: [X25519MLKEM768 CurveID(65074) CurveP256] connIndex=0 event=0 ip=198.41.200.13
2026-08-24T10:11:04Z ERR failed to run the datagram handler error="context canceled" connIndex=0 event=0 ip=198.41.200.13
2026-08-24T10:11:04Z ERR failed to serve tunnel connection error="control stream encountered a failure while serving" connIndex=0 event=0 ip=198.41.200.13
2026-08-24T10:11:04Z ERR Serve tunnel error error="control stream encountered a failure while serving" connIndex=0 event=0 ip=198.41.200.13
2026-08-24T10:11:04Z INF Retrying connection in up to 1m4s connIndex=0 event=0 ip=198.41.200.13
2026-08-24T10:11:26Z INF Tunnel connection curve preferences: [X25519MLKEM768 CurveID(65074) CurveP256] connIndex=0 event=0 ip=198.41.200.13
2026-08-24T10:11:26Z ERR failed to run the datagram handler error="context canceled" connIndex=0 event=0 ip=198.41.200.13
2026-08-24T10:11:26Z ERR failed to serve tunnel connection error="control stream encountered a failure while serving" connIndex=0 event=0 ip=198.41.200.13
2026-08-24T10:11:26Z ERR Serve tunnel error error="control stream encountered a failure while serving" connIndex=0 event=0 ip=198.41.200.13
2026-08-24T10:11:26Z INF Retrying connection in up to 1m4s connIndex=0 event=0 ip=198.41.200.13
2026-08-24T10:11:33Z INF Tunnel connection curve preferences: [X25519MLKEM768 CurveID(65074) CurveP256] connIndex=0 event=0 ip=198.41.200.13
2026-08-24T10:11:34Z ERR failed to run the datagram handler error="context canceled" connIndex=0 event=0 ip=198.41.200.13
2026-08-24T10:11:34Z ERR failed to serve tunnel connection error="control stream encountered a failure while serving" connIndex=0 event=0 ip=198.41.200.13
2026-08-24T10:11:34Z ERR Serve tunnel error error="control stream encountered a failure while serving" connIndex=0 event=0 ip=198.41.200.13
2026-08-24T10:11:34Z INF Retrying connection in up to 1m4s connIndex=0 event=0 ip=198.41.200.13
2026-08-24T10:11:43Z INF Tunnel connection curve preferences: [X25519MLKEM768 CurveID(65074) CurveP256] connIndex=0 event=0 ip=198.41.200.13
2026-08-24T10:11:43Z ERR failed to run the datagram handler error="context canceled" connIndex=0 event=0 ip=198.41.200.13
2026-08-24T10:11:43Z ERR failed to serve tunnel connection error="control stream encountered a failure while serving" connIndex=0 event=0 ip=198.41.200.13
2026-08-24T10:11:43Z ERR Serve tunnel error error="control stream encountered a failure while serving" connIndex=0 event=0 ip=198.41.200.13
2026-08-24T10:11:43Z INF Retrying connection in up to 1m4s connIndex=0 event=0 ip=198.41.200.13
2026-08-24T10:11:57Z INF Tunnel connection curve preferences: [X25519MLKEM768 CurveID(65074) CurveP256] connIndex=0 event=0 ip=198.41.200.13
2026-08-24T10:11:57Z ERR failed to run the datagram handler error="context canceled" connIndex=0 event=0 ip=198.41.200.13
2026-08-24T10:11:57Z ERR failed to serve tunnel connection error="control stream encountered a failure while serving" connIndex=0 event=0 ip=198.41.200.13
2026-08-24T10:11:57Z ERR Serve tunnel error error="control stream encountered a failure while serving" connIndex=0 event=0 ip=198.41.200.13
2026-08-24T10:11:57Z INF Retrying connection in up to 1m4s connIndex=0 event=0 ip=198.41.200.13
2026-08-24T10:12:01Z INF Tunnel connection curve preferences: [X25519MLKEM768 CurveID(65074) CurveP256] connIndex=0 event=0 ip=198.41.200.13
2026-08-24T10:12:39Z ERR failed to run the datagram handler error="context canceled" connIndex=0 event=0 ip=198.41.200.13
2026-08-24T10:12:39Z ERR failed to serve tunnel connection error="control stream encountered a failure while serving" connIndex=0 event=0 ip=198.41.200.13
2026-08-24T10:12:39Z ERR Serve tunnel error error="control stream encountered a failure while serving" connIndex=0 event=0 ip=198.41.200.13
2026-08-24T10:12:39Z INF Retrying connection in up to 1m4s connIndex=0 event=0 ip=198.41.200.13
2026-08-24T10:13:08Z INF Tunnel connection curve preferences: [X25519MLKEM768 CurveID(65074) CurveP256] connIndex=0 event=0 ip=198.41.200.13
2026-08-24T10:13:09Z ERR failed to run the datagram handler error="context canceled" connIndex=0 event=0 ip=198.41.200.13
2026-08-24T10:13:09Z ERR failed to serve tunnel connection error="control stream encountered a failure while serving" connIndex=0 event=0 ip=198.41.200.13
2026-08-24T10:13:09Z ERR Serve tunnel error error="control stream encountered a failure while serving" connIndex=0 event=0 ip=198.41.200.13
2026-08-24T10:13:09Z INF Retrying connection in up to 1m4s connIndex=0 event=0 ip=198.41.200.13
2026-08-24T10:13:36Z INF Tunnel connection curve preferences: [X25519MLKEM768 CurveID(65074) CurveP256] connIndex=0 event=0 ip=198.41.200.13
2026-08-24T10:13:36Z ERR failed to run the datagram handler error="context canceled" connIndex=0 event=0 ip=198.41.200.13
2026-08-24T10:13:36Z ERR failed to serve tunnel connection error="control stream encountered a failure while serving" connIndex=0 event=0 ip=198.41.200.13
2026-08-24T10:13:36Z ERR Serve tunnel error error="control stream encountered a failure while serving" connIndex=0 event=0 ip=198.41.200.13
2026-08-24T10:13:36Z INF Retrying connection in up to 1m4s connIndex=0 event=0 ip=198.41.200.13
2026-08-24T10:13:47Z INF Tunnel connection curve preferences: [X25519MLKEM768 CurveID(65074) CurveP256] connIndex=0 event=0 ip=198.41.200.13
2026-08-24T10:13:47Z ERR failed to run the datagram handler error="context canceled" connIndex=0 event=0 ip=198.41.200.13
2026-08-24T10:13:47Z ERR failed to serve tunnel connection error="control stream encountered a failure while serving" connIndex=0 event=0 ip=198.41.200.13
2026-08-24T10:13:47Z ERR Serve tunnel error error="control stream encountered a failure while serving" connIndex=0 event=0 ip=198.41.200.13
2026-08-24T10:13:47Z INF Retrying connection in up to 1m4s connIndex=0 event=0 ip=198.41.200.13
2026-08-24T10:13:50Z INF Tunnel connection curve preferences: [X25519MLKEM768 CurveID(65074) CurveP256] connIndex=0 event=0 ip=198.41.200.13
2026-08-24T10:13:50Z ERR failed to run the datagram handler error="context canceled" connIndex=0 event=0 ip=198.41.200.13
2026-08-24T10:13:50Z ERR failed to serve tunnel connection error="control stream encountered a failure while serving" connIndex=0 event=0 ip=198.41.200.13
2026-08-24T10:13:50Z ERR Serve tunnel error error="control stream encountered a failure while serving" connIndex=0 event=0 ip=198.41.200.13
2026-08-24T10:13:50Z INF Retrying connection in up to 1m4s connIndex=0 event=0 ip=198.41.200.13
2026-08-24T10:14:05Z INF Tunnel connection curve preferences: [X25519MLKEM768 CurveID(65074) CurveP256] connIndex=0 event=0 ip=198.41.200.13
2026-08-24T10:14:05Z ERR failed to run the datagram handler error="context canceled" connIndex=0 event=0 ip=198.41.200.13
2026-08-24T10:14:05Z ERR failed to serve tunnel connection error="control stream encountered a failure while serving" connIndex=0 event=0 ip=198.41.200.13
2026-08-24T10:14:05Z ERR Serve tunnel error error="control stream encountered a failure while serving" connIndex=0 event=0 ip=198.41.200.13
2026-08-24T10:14:05Z INF Retrying connection in up to 1m4s connIndex=0 event=0 ip=198.41.200.13
2026-08-24T10:14:31Z INF Tunnel connection curve preferences: [X25519MLKEM768 CurveID(65074) CurveP256] connIndex=0 event=0 ip=198.41.200.13
2026-08-24T10:14:32Z ERR failed to run the datagram handler error="context canceled" connIndex=0 event=0 ip=198.41.200.13
2026-08-24T10:14:32Z ERR failed to serve tunnel connection error="control stream encountered a failure while serving" connIndex=0 event=0 ip=198.41.200.13
2026-08-24T10:14:32Z ERR Serve tunnel error error="control stream encountered a failure while serving" connIndex=0 event=0 ip=198.41.200.13
2026-08-24T10:14:32Z INF Retrying connection in up to 1m4s connIndex=0 event=0 ip=198.41.200.13
2026-08-24T10:14:34Z INF Tunnel connection curve preferences: [X25519MLKEM768 CurveID(65074) CurveP256] connIndex=0 event=0 ip=198.41.200.13
2026-08-24T10:14:34Z ERR failed to run the datagram handler error="context canceled" connIndex=0 event=0 ip=198.41.200.13
2026-08-24T10:14:34Z ERR failed to serve tunnel connection error="control stream encountered a failure while serving" connIndex=0 event=0 ip=198.41.200.13
2026-08-24T10:14:34Z ERR Serve tunnel error error="control stream encountered a failure while serving" connIndex=0 event=0 ip=198.41.200.13
2026-08-24T10:14:34Z INF Retrying connection in up to 1m4s connIndex=0 event=0 ip=198.41.200.13
2026-08-24T10:14:59Z INF Tunnel connection curve preferences: [X25519MLKEM768 CurveID(65074) CurveP256] connIndex=0 event=0 ip=198.41.200.13
2026-08-24T10:14:59Z ERR failed to run the datagram handler error="context canceled" connIndex=0 event=0 ip=198.41.200.13
2026-08-24T10:14:59Z ERR failed to serve tunnel connection error="control stream encountered a failure while serving" connIndex=0 event=0 ip=198.41.200.13
2026-08-24T10:14:59Z ERR Serve tunnel error error="control stream encountered a failure while serving" connIndex=0 event=0 ip=198.41.200.13
2026-08-24T10:14:59Z INF Retrying connection in up to 1m4s connIndex=0 event=0 ip=198.41.200.13
2026-08-24T10:15:19Z INF Tunnel connection curve preferences: [X25519MLKEM768 CurveID(65074) CurveP256] connIndex=0 event=0 ip=198.41.200.13
2026-08-24T10:15:19Z ERR failed to run the datagram handler error="context canceled" connIndex=0 event=0 ip=198.41.200.13
2026-08-24T10:15:19Z ERR failed to serve tunnel connection error="control stream encountered a failure while serving" connIndex=0 event=0 ip=198.41.200.13
2026-08-24T10:15:19Z ERR Serve tunnel error error="control stream encountered a failure while serving" connIndex=0 event=0 ip=198.41.200.13
2026-08-24T10:15:19Z INF Retrying connection in up to 1m4s connIndex=0 event=0 ip=198.41.200.13
2026-08-24T10:15:30Z INF Tunnel connection curve preferences: [X25519MLKEM768 CurveID(65074) CurveP256] connIndex=0 event=0 ip=198.41.200.13
2026-08-24T10:15:30Z ERR failed to run the datagram handler error="context canceled" connIndex=0 event=0 ip=198.41.200.13
2026-08-24T10:15:30Z ERR failed to serve tunnel connection error="control stream encountered a failure while serving" connIndex=0 event=0 ip=198.41.200.13
2026-08-24T10:15:30Z ERR Serve tunnel error error="control stream encountered a failure while serving" connIndex=0 event=0 ip=198.41.200.13
2026-08-24T10:15:30Z INF Retrying connection in up to 1m4s connIndex=0 event=0 ip=198.41.200.13
2026-08-24T10:15:52Z INF Tunnel connection curve preferences: [X25519MLKEM768 CurveID(65074) CurveP256] connIndex=0 event=0 ip=198.41.200.13
2026-08-24T10:15:52Z ERR failed to run the datagram handler error="context canceled" connIndex=0 event=0 ip=198.41.200.13
2026-08-24T10:15:52Z ERR failed to serve tunnel connection error="control stream encountered a failure while serving" connIndex=0 event=0 ip=198.41.200.13
2026-08-24T10:15:52Z ERR Serve tunnel error error="control stream encountered a failure while serving" connIndex=0 event=0 ip=198.41.200.13
2026-08-24T10:15:52Z INF Retrying connection in up to 1m4s connIndex=0 event=0 ip=198.41.200.13
2026-08-24T10:15:59Z INF Tunnel connection curve preferences: [X25519MLKEM768 CurveID(65074) CurveP256] connIndex=0 event=0 ip=198.41.200.13
2026-08-24T10:15:59Z ERR failed to run the datagram handler error="context canceled" connIndex=0 event=0 ip=198.41.200.13
2026-08-24T10:15:59Z ERR failed to serve tunnel connection error="control stream encountered a failure while serving" connIndex=0 event=0 ip=198.41.200.13
2026-08-24T10:15:59Z ERR Serve tunnel error error="control stream encountered a failure while serving" connIndex=0 event=0 ip=198.41.200.13
2026-08-24T10:15:59Z INF Retrying connection in up to 1m4s connIndex=0 event=0 ip=198.41.200.13
2026-08-24T10:16:01Z INF Tunnel connection curve preferences: [X25519MLKEM768 CurveID(65074) CurveP256] connIndex=0 event=0 ip=198.41.200.13
2026-08-24T10:16:01Z ERR failed to run the datagram handler error="context canceled" connIndex=0 event=0 ip=198.41.200.13
2026-08-24T10:16:01Z ERR failed to serve tunnel connection error="control stream encountered a failure while serving" connIndex=0 event=0 ip=198.41.200.13
2026-08-24T10:16:01Z ERR Serve tunnel error error="control stream encountered a failure while serving" connIndex=0 event=0 ip=198.41.200.13
2026-08-24T10:16:01Z INF Retrying connection in up to 1m4s connIndex=0 event=0 ip=198.41.200.13
2026-08-24T10:16:33Z INF Tunnel connection curve preferences: [X25519MLKEM768 CurveID(65074) CurveP256] connIndex=0 event=0 ip=198.41.200.13
2026-08-24T10:16:33Z ERR failed to run the datagram handler error="context canceled" connIndex=0 event=0 ip=198.41.200.13
2026-08-24T10:16:33Z ERR failed to serve tunnel connection error="control stream encountered a failure while serving" connIndex=0 event=0 ip=198.41.200.13
2026-08-24T10:16:33Z ERR Serve tunnel error error="control stream encountered a failure while serving" connIndex=0 event=0 ip=198.41.200.13
2026-08-24T10:16:33Z INF Retrying connection in up to 1m4s connIndex=0 event=0 ip=198.41.200.13
2026-08-24T10:16:37Z INF Tunnel connection curve preferences: [X25519MLKEM768 CurveID(65074) CurveP256] connIndex=0 event=0 ip=198.41.200.13
2026-08-24T10:16:37Z ERR failed to run the datagram handler error="context canceled" connIndex=0 event=0 ip=198.41.200.13
2026-08-24T10:16:37Z ERR failed to serve tunnel connection error="control stream encountered a failure while serving" connIndex=0 event=0 ip=198.41.200.13
2026-08-24T10:16:37Z ERR Serve tunnel error error="control stream encountered a failure while serving" connIndex=0 event=0 ip=198.41.200.13
2026-08-24T10:16:37Z INF Retrying connection in up to 1m4s connIndex=0 event=0 ip=198.41.200.13
2026-08-24T10:16:48Z INF Tunnel connection curve preferences: [X25519MLKEM768 CurveID(65074) CurveP256] connIndex=0 event=0 ip=198.41.200.13
2026-08-24T10:16:48Z ERR failed to run the datagram handler error="context canceled" connIndex=0 event=0 ip=198.41.200.13
2026-08-24T10:16:48Z ERR failed to serve tunnel connection error="control stream encountered a failure while serving" connIndex=0 event=0 ip=198.41.200.13
2026-08-24T10:16:48Z ERR Serve tunnel error error="control stream encountered a failure while serving" connIndex=0 event=0 ip=198.41.200.13
2026-08-24T10:16:48Z INF Retrying connection in up to 1m4s connIndex=0 event=0 ip=198.41.200.13
2026-08-24T10:16:49Z INF Tunnel connection curve preferences: [X25519MLKEM768 CurveID(65074) CurveP256] connIndex=0 event=0 ip=198.41.200.13
2026-08-24T10:16:50Z ERR failed to run the datagram handler error="context canceled" connIndex=0 event=0 ip=198.41.200.13
2026-08-24T10:16:50Z ERR failed to serve tunnel connection error="control stream encountered a failure while serving" connIndex=0 event=0 ip=198.41.200.13
2026-08-24T10:16:50Z ERR Serve tunnel error error="control stream encountered a failure while serving" connIndex=0 event=0 ip=198.41.200.13
2026-08-24T10:16:50Z INF Retrying connection in up to 1m4s connIndex=0 event=0 ip=198.41.200.13
2026-08-24T10:16:52Z INF Tunnel connection curve preferences: [X25519MLKEM768 CurveID(65074) CurveP256] connIndex=0 event=0 ip=198.41.200.13
2026-08-24T10:16:52Z ERR failed to run the datagram handler error="context canceled" connIndex=0 event=0 ip=198.41.200.13
2026-08-24T10:16:52Z ERR failed to serve tunnel connection error="control stream encountered a failure while serving" connIndex=0 event=0 ip=198.41.200.13
2026-08-24T10:16:52Z ERR Serve tunnel error error="control stream encountered a failure while serving" connIndex=0 event=0 ip=198.41.200.13
2026-08-24T10:16:52Z INF Retrying connection in up to 1m4s connIndex=0 event=0 ip=198.41.200.13
2026-08-24T10:17:02Z INF Tunnel connection curve preferences: [X25519MLKEM768 CurveID(65074) CurveP256] connIndex=0 event=0 ip=198.41.200.13
2026-08-24T10:17:03Z ERR failed to run the datagram handler error="context canceled" connIndex=0 event=0 ip=198.41.200.13
2026-08-24T10:17:03Z ERR failed to serve tunnel connection error="control stream encountered a failure while serving" connIndex=0 event=0 ip=198.41.200.13
2026-08-24T10:17:03Z ERR Serve tunnel error error="control stream encountered a failure while serving" connIndex=0 event=0 ip=198.41.200.13
2026-08-24T10:17:03Z INF Retrying connection in up to 1m4s connIndex=0 event=0 ip=198.41.200.13
2026-08-24T10:17:10Z INF Tunnel connection curve preferences: [X25519MLKEM768 CurveID(65074) CurveP256] connIndex=0 event=0 ip=198.41.200.13
2026-08-24T10:17:10Z ERR failed to run the datagram handler error="context canceled" connIndex=0 event=0 ip=198.41.200.13
2026-08-24T10:17:10Z ERR failed to serve tunnel connection error="control stream encountered a failure while serving" connIndex=0 event=0 ip=198.41.200.13
2026-08-24T10:17:10Z ERR Serve tunnel error error="control stream encountered a failure while serving" connIndex=0 event=0 ip=198.41.200.13
2026-08-24T10:17:10Z INF Retrying connection in up to 1m4s connIndex=0 event=0 ip=198.41.200.13
2026-08-24T10:17:16Z INF Tunnel connection curve preferences: [X25519MLKEM768 CurveID(65074) CurveP256] connIndex=0 event=0 ip=198.41.200.13
2026-08-24T10:17:16Z ERR failed to run the datagram handler error="context canceled" connIndex=0 event=0 ip=198.41.200.13
2026-08-24T10:17:16Z ERR failed to serve tunnel connection error="control stream encountered a failure while serving" connIndex=0 event=0 ip=198.41.200.13
2026-08-24T10:17:16Z ERR Serve tunnel error error="control stream encountered a failure while serving" connIndex=0 event=0 ip=198.41.200.13
2026-08-24T10:17:16Z INF Retrying connection in up to 1m4s connIndex=0 event=0 ip=198.41.200.13
2026-08-24T10:17:42Z INF Tunnel connection curve preferences: [X25519MLKEM768 CurveID(65074) CurveP256] connIndex=0 event=0 ip=198.41.200.13
2026-08-24T10:17:42Z ERR failed to run the datagram handler error="context canceled" connIndex=0 event=0 ip=198.41.200.13
2026-08-24T10:17:42Z ERR failed to serve tunnel connection error="control stream encountered a failure while serving" connIndex=0 event=0 ip=198.41.200.13
2026-08-24T10:17:42Z ERR Serve tunnel error error="control stream encountered a failure while serving" connIndex=0 event=0 ip=198.41.200.13
2026-08-24T10:17:42Z INF Retrying connection in up to 1m4s connIndex=0 event=0 ip=198.41.200.13
2026-08-24T10:18:02Z INF Tunnel connection curve preferences: [X25519MLKEM768 CurveID(65074) CurveP256] connIndex=0 event=0 ip=198.41.200.13
2026-08-24T10:18:02Z ERR failed to run the datagram handler error="context canceled" connIndex=0 event=0 ip=198.41.200.13
2026-08-24T10:18:02Z ERR failed to serve tunnel connection error="control stream encountered a failure while serving" connIndex=0 event=0 ip=198.41.200.13
2026-08-24T10:18:02Z ERR Serve tunnel error error="control stream encountered a failure while serving" connIndex=0 event=0 ip=198.41.200.13
2026-08-24T10:18:02Z INF Retrying connection in up to 1m4s connIndex=0 event=0 ip=198.41.200.13
2026-08-24T10:18:30Z INF Tunnel connection curve preferences: [X25519MLKEM768 CurveID(65074) CurveP256] connIndex=0 event=0 ip=198.41.200.13
2026-08-24T10:18:30Z ERR failed to run the datagram handler error="context canceled" connIndex=0 event=0 ip=198.41.200.13
2026-08-24T10:18:30Z ERR failed to serve tunnel connection error="control stream encountered a failure while serving" connIndex=0 event=0 ip=198.41.200.13
2026-08-24T10:18:30Z ERR Serve tunnel error error="control stream encountered a failure while serving" connIndex=0 event=0 ip=198.41.200.13
2026-08-24T10:18:30Z INF Retrying connection in up to 1m4s connIndex=0 event=0 ip=198.41.200.13
2026-08-24T10:18:33Z INF Tunnel connection curve preferences: [X25519MLKEM768 CurveID(65074) CurveP256] connIndex=0 event=0 ip=198.41.200.13
2026-08-24T10:18:33Z ERR failed to run the datagram handler error="context canceled" connIndex=0 event=0 ip=198.41.200.13
2026-08-24T10:18:33Z ERR failed to serve tunnel connection error="control stream encountered a failure while serving" connIndex=0 event=0 ip=198.41.200.13
2026-08-24T10:18:33Z ERR Serve tunnel error error="control stream encountered a failure while serving" connIndex=0 event=0 ip=198.41.200.13
2026-08-24T10:18:33Z INF Retrying connection in up to 1m4s connIndex=0 event=0 ip=198.41.200.13
2026-08-24T10:18:56Z INF Tunnel connection curve preferences: [X25519MLKEM768 CurveID(65074) CurveP256] connIndex=0 event=0 ip=198.41.200.13
2026-08-24T10:18:56Z ERR failed to run the datagram handler error="context canceled" connIndex=0 event=0 ip=198.41.200.13
2026-08-24T10:18:56Z ERR failed to serve tunnel connection error="control stream encountered a failure while serving" connIndex=0 event=0 ip=198.41.200.13
2026-08-24T10:18:56Z ERR Serve tunnel error error="control stream encountered a failure while serving" connIndex=0 event=0 ip=198.41.200.13
2026-08-24T10:18:56Z INF Retrying connection in up to 1m4s connIndex=0 event=0 ip=198.41.200.13
2026-08-24T10:19:18Z INF Tunnel connection curve preferences: [X25519MLKEM768 CurveID(65074) CurveP256] connIndex=0 event=0 ip=198.41.200.13
2026-08-24T10:19:18Z ERR failed to run the datagram handler error="context canceled" connIndex=0 event=0 ip=198.41.200.13
2026-08-24T10:19:18Z ERR failed to serve tunnel connection error="control stream encountered a failure while serving" connIndex=0 event=0 ip=198.41.200.13
2026-08-24T10:19:18Z ERR Serve tunnel error error="control stream encountered a failure while serving" connIndex=0 event=0 ip=198.41.200.13
2026-08-24T10:19:18Z INF Retrying connection in up to 1m4s connIndex=0 event=0 ip=198.41.200.13
2026-08-24T10:19:34Z INF Tunnel connection curve preferences: [X25519MLKEM768 CurveID(65074) CurveP256] connIndex=0 event=0 ip=198.41.200.13
2026-08-24T10:19:34Z ERR failed to run the datagram handler error="context canceled" connIndex=0 event=0 ip=198.41.200.13
2026-08-24T10:19:34Z ERR failed to serve tunnel connection error="control stream encountered a failure while serving" connIndex=0 event=0 ip=198.41.200.13
2026-08-24T10:19:34Z ERR Serve tunnel error error="control stream encountered a failure while serving" connIndex=0 event=0 ip=198.41.200.13
2026-08-24T10:19:34Z INF Retrying connection in up to 1m4s connIndex=0 event=0 ip=198.41.200.13
2026-08-24T10:19:48Z INF Tunnel connection curve preferences: [X25519MLKEM768 CurveID(65074) CurveP256] connIndex=0 event=0 ip=198.41.200.13
2026-08-24T10:19:48Z ERR failed to run the datagram handler error="context canceled" connIndex=0 event=0 ip=198.41.200.13
2026-08-24T10:19:48Z ERR failed to serve tunnel connection error="control stream encountered a failure while serving" connIndex=0 event=0 ip=198.41.200.13
2026-08-24T10:19:48Z ERR Serve tunnel error error="control stream encountered a failure while serving" connIndex=0 event=0 ip=198.41.200.13
2026-08-24T10:19:48Z INF Retrying connection in up to 1m4s connIndex=0 event=0 ip=198.41.200.13
2026-08-24T10:20:05Z INF Tunnel connection curve preferences: [X25519MLKEM768 CurveID(65074) CurveP256] connIndex=0 event=0 ip=198.41.200.13
2026-08-24T10:20:05Z ERR failed to run the datagram handler error="context canceled" connIndex=0 event=0 ip=198.41.200.13
2026-08-24T10:20:05Z ERR failed to serve tunnel connection error="control stream encountered a failure while serving" connIndex=0 event=0 ip=198.41.200.13
2026-08-24T10:20:05Z ERR Serve tunnel error error="control stream encountered a failure while serving" connIndex=0 event=0 ip=198.41.200.13
2026-08-24T10:20:05Z INF Retrying connection in up to 1m4s connIndex=0 event=0 ip=198.41.200.13
2026-08-24T10:20:20Z INF Tunnel connection curve preferences: [X25519MLKEM768 CurveID(65074) CurveP256] connIndex=0 event=0 ip=198.41.200.13
2026-08-24T10:20:20Z ERR failed to run the datagram handler error="context canceled" connIndex=0 event=0 ip=198.41.200.13
2026-08-24T10:20:20Z ERR failed to serve tunnel connection error="control stream encountered a failure while serving" connIndex=0 event=0 ip=198.41.200.13
2026-08-24T10:20:20Z ERR Serve tunnel error error="control stream encountered a failure while serving" connIndex=0 event=0 ip=198.41.200.13
2026-08-24T10:20:20Z INF Retrying connection in up to 1m4s connIndex=0 event=0 ip=198.41.200.13
2026-08-24T10:20:37Z INF Tunnel connection curve preferences: [X25519MLKEM768 CurveID(65074) CurveP256] connIndex=0 event=0 ip=198.41.200.13
2026-08-24T10:20:37Z ERR failed to run the datagram handler error="context canceled" connIndex=0 event=0 ip=198.41.200.13
2026-08-24T10:20:37Z ERR failed to serve tunnel connection error="control stream encountered a failure while serving" connIndex=0 event=0 ip=198.41.200.13
2026-08-24T10:20:37Z ERR Serve tunnel error error="control stream encountered a failure while serving" connIndex=0 event=0 ip=198.41.200.13
2026-08-24T10:20:37Z INF Retrying connection in up to 1m4s connIndex=0 event=0 ip=198.41.200.13
2026-08-24T10:21:07Z INF Tunnel connection curve preferences: [X25519MLKEM768 CurveID(65074) CurveP256] connIndex=0 event=0 ip=198.41.200.13
2026-08-24T10:21:07Z ERR failed to run the datagram handler error="context canceled" connIndex=0 event=0 ip=198.41.200.13
2026-08-24T10:21:07Z ERR failed to serve tunnel connection error="control stream encountered a failure while serving" connIndex=0 event=0 ip=198.41.200.13
2026-08-24T10:21:07Z ERR Serve tunnel error error="control stream encountered a failure while serving" connIndex=0 event=0 ip=198.41.200.13
2026-08-24T10:21:07Z INF Retrying connection in up to 1m4s connIndex=0 event=0 ip=198.41.200.13
2026-08-24T10:21:26Z INF Tunnel connection curve preferences: [X25519MLKEM768 CurveID(65074) CurveP256] connIndex=0 event=0 ip=198.41.200.13
2026-08-24T10:21:26Z ERR failed to run the datagram handler error="context canceled" connIndex=0 event=0 ip=198.41.200.13
2026-08-24T10:21:26Z ERR failed to serve tunnel connection error="control stream encountered a failure while serving" connIndex=0 event=0 ip=198.41.200.13
2026-08-24T10:21:26Z ERR Serve tunnel error error="control stream encountered a failure while serving" connIndex=0 event=0 ip=198.41.200.13
2026-08-24T10:21:26Z INF Retrying connection in up to 1m4s connIndex=0 event=0 ip=198.41.200.13
2026-08-24T10:21:57Z INF Tunnel connection curve preferences: [X25519MLKEM768 CurveID(65074) CurveP256] connIndex=0 event=0 ip=198.41.200.13
2026-08-24T10:21:57Z ERR failed to run the datagram handler error="context canceled" connIndex=0 event=0 ip=198.41.200.13
2026-08-24T10:21:57Z ERR failed to serve tunnel connection error="control stream encountered a failure while serving" connIndex=0 event=0 ip=198.41.200.13
2026-08-24T10:21:57Z ERR Serve tunnel error error="control stream encountered a failure while serving" connIndex=0 event=0 ip=198.41.200.13
2026-08-24T10:21:57Z INF Retrying connection in up to 1m4s connIndex=0 event=0 ip=198.41.200.13
2026-08-24T10:21:58Z INF Tunnel connection curve preferences: [X25519MLKEM768 CurveID(65074) CurveP256] connIndex=0 event=0 ip=198.41.200.13
2026-08-24T10:21:58Z ERR failed to run the datagram handler error="context canceled" connIndex=0 event=0 ip=198.41.200.13
2026-08-24T10:21:58Z ERR failed to serve tunnel connection error="control stream encountered a failure while serving" connIndex=0 event=0 ip=198.41.200.13
2026-08-24T10:21:58Z ERR Serve tunnel error error="control stream encountered a failure while serving" connIndex=0 event=0 ip=198.41.200.13
2026-08-24T10:21:58Z INF Retrying connection in up to 1m4s connIndex=0 event=0 ip=198.41.200.13
2026-08-24T10:22:26Z INF Tunnel connection curve preferences: [X25519MLKEM768 CurveID(65074) CurveP256] connIndex=0 event=0 ip=198.41.200.13
2026-08-24T10:22:26Z ERR failed to run the datagram handler error="context canceled" connIndex=0 event=0 ip=198.41.200.13
2026-08-24T10:22:26Z ERR failed to serve tunnel connection error="control stream encountered a failure while serving" connIndex=0 event=0 ip=198.41.200.13
2026-08-24T10:22:26Z ERR Serve tunnel error error="control stream encountered a failure while serving" connIndex=0 event=0 ip=198.41.200.13
2026-08-24T10:22:26Z INF Retrying connection in up to 1m4s connIndex=0 event=0 ip=198.41.200.13
2026-08-24T10:22:40Z INF Tunnel connection curve preferences: [X25519MLKEM768 CurveID(65074) CurveP256] connIndex=0 event=0 ip=198.41.200.13
2026-08-24T10:22:40Z ERR failed to run the datagram handler error="context canceled" connIndex=0 event=0 ip=198.41.200.13
2026-08-24T10:22:40Z ERR failed to serve tunnel connection error="control stream encountered a failure while serving" connIndex=0 event=0 ip=198.41.200.13
2026-08-24T10:22:40Z ERR Serve tunnel error error="control stream encountered a failure while serving" connIndex=0 event=0 ip=198.41.200.13
2026-08-24T10:22:40Z INF Retrying connection in up to 1m4s connIndex=0 event=0 ip=198.41.200.13
2026-08-24T10:22:51Z INF Tunnel connection curve preferences: [X25519MLKEM768 CurveID(65074) CurveP256] connIndex=0 event=0 ip=198.41.200.13
2026-08-24T10:22:51Z ERR failed to run the datagram handler error="context canceled" connIndex=0 event=0 ip=198.41.200.13
2026-08-24T10:22:51Z ERR failed to serve tunnel connection error="control stream encountered a failure while serving" connIndex=0 event=0 ip=198.41.200.13
2026-08-24T10:22:51Z ERR Serve tunnel error error="control stream encountered a failure while serving" connIndex=0 event=0 ip=198.41.200.13
2026-08-24T10:22:51Z INF Retrying connection in up to 1m4s connIndex=0 event=0 ip=198.41.200.13
2026-08-24T10:23:22Z INF Tunnel connection curve preferences: [X25519MLKEM768 CurveID(65074) CurveP256] connIndex=0 event=0 ip=198.41.200.13
2026-08-24T10:23:22Z ERR failed to run the datagram handler error="context canceled" connIndex=0 event=0 ip=198.41.200.13
2026-08-24T10:23:22Z ERR failed to serve tunnel connection error="control stream encountered a failure while serving" connIndex=0 event=0 ip=198.41.200.13
2026-08-24T10:23:22Z ERR Serve tunnel error error="control stream encountered a failure while serving" connIndex=0 event=0 ip=198.41.200.13
2026-08-24T10:23:22Z INF Retrying connection in up to 1m4s connIndex=0 event=0 ip=198.41.200.13
2026-08-24T10:23:40Z INF Tunnel connection curve preferences: [X25519MLKEM768 CurveID(65074) CurveP256] connIndex=0 event=0 ip=198.41.200.13
2026-08-24T10:23:40Z ERR failed to run the datagram handler error="context canceled" connIndex=0 event=0 ip=198.41.200.13
2026-08-24T10:23:40Z ERR failed to serve tunnel connection error="control stream encountered a failure while serving" connIndex=0 event=0 ip=198.41.200.13
2026-08-24T10:23:40Z ERR Serve tunnel error error="control stream encountered a failure while serving" connIndex=0 event=0 ip=198.41.200.13
2026-08-24T10:23:40Z INF Retrying connection in up to 1m4s connIndex=0 event=0 ip=198.41.200.13
2026-08-24T10:23:45Z INF Tunnel connection curve preferences: [X25519MLKEM768 CurveID(65074) CurveP256] connIndex=0 event=0 ip=198.41.200.13
2026-08-24T10:23:45Z ERR failed to run the datagram handler error="context canceled" connIndex=0 event=0 ip=198.41.200.13
2026-08-24T10:23:45Z ERR failed to serve tunnel connection error="control stream encountered a failure while serving" connIndex=0 event=0 ip=198.41.200.13
2026-08-24T10:23:45Z ERR Serve tunnel error error="control stream encountered a failure while serving" connIndex=0 event=0 ip=198.41.200.13
2026-08-24T10:23:45Z INF Retrying connection in up to 1m4s connIndex=0 event=0 ip=198.41.200.13
2026-08-24T10:25:58Z INF Tunnel connection curve preferences: [X25519MLKEM768 CurveID(65074) CurveP256] connIndex=0 event=0 ip=198.41.200.13
2026-08-24T10:25:58Z ERR failed to run the datagram handler error="context canceled" connIndex=0 event=0 ip=198.41.200.13
2026-08-24T10:25:58Z ERR failed to serve tunnel connection error="control stream encountered a failure while serving" connIndex=0 event=0 ip=198.41.200.13
2026-08-24T10:25:58Z ERR Serve tunnel error error="control stream encountered a failure while serving" connIndex=0 event=0 ip=198.41.200.13
2026-08-24T10:25:58Z INF Retrying connection in up to 1m4s connIndex=0 event=0 ip=198.41.200.13
2026-08-24T10:26:09Z INF Tunnel connection curve preferences: [X25519MLKEM768 CurveID(65074) CurveP256] connIndex=0 event=0 ip=198.41.200.13
2026-08-24T10:26:09Z ERR failed to run the datagram handler error="context canceled" connIndex=0 event=0 ip=198.41.200.13
2026-08-24T10:26:09Z ERR failed to serve tunnel connection error="control stream encountered a failure while serving" connIndex=0 event=0 ip=198.41.200.13
2026-08-24T10:26:09Z ERR Serve tunnel error error="control stream encountered a failure while serving" connIndex=0 event=0 ip=198.41.200.13
2026-08-24T10:26:09Z INF Retrying connection in up to 1m4s connIndex=0 event=0 ip=198.41.200.13
2026-08-24T10:26:17Z INF Tunnel connection curve preferences: [X25519MLKEM768 CurveID(65074) CurveP256] connIndex=0 event=0 ip=198.41.200.13
2026-08-24T10:26:17Z ERR failed to run the datagram handler error="context canceled" connIndex=0 event=0 ip=198.41.200.13
2026-08-24T10:26:17Z ERR failed to serve tunnel connection error="control stream encountered a failure while serving" connIndex=0 event=0 ip=198.41.200.13
2026-08-24T10:26:17Z ERR Serve tunnel error error="control stream encountered a failure while serving" connIndex=0 event=0 ip=198.41.200.13
2026-08-24T10:26:17Z INF Retrying connection in up to 1m4s connIndex=0 event=0 ip=198.41.200.13
2026-08-24T10:26:34Z INF Tunnel connection curve preferences: [X25519MLKEM768 CurveID(65074) CurveP256] connIndex=0 event=0 ip=198.41.200.13
2026-08-24T10:26:34Z ERR failed to run the datagram handler error="context canceled" connIndex=0 event=0 ip=198.41.200.13
2026-08-24T10:26:34Z ERR failed to serve tunnel connection error="control stream encountered a failure while serving" connIndex=0 event=0 ip=198.41.200.13
2026-08-24T10:26:34Z ERR Serve tunnel error error="control stream encountered a failure while serving" connIndex=0 event=0 ip=198.41.200.13
2026-08-24T10:26:34Z INF Retrying connection in up to 1m4s connIndex=0 event=0 ip=198.41.200.13
2026-08-24T10:26:37Z INF Tunnel connection curve preferences: [X25519MLKEM768 CurveID(65074) CurveP256] connIndex=0 event=0 ip=198.41.200.13
2026-08-24T10:26:37Z ERR failed to run the datagram handler error="context canceled" connIndex=0 event=0 ip=198.41.200.13
2026-08-24T10:26:37Z ERR failed to serve tunnel connection error="control stream encountered a failure while serving" connIndex=0 event=0 ip=198.41.200.13
2026-08-24T10:26:37Z ERR Serve tunnel error error="control stream encountered a failure while serving" connIndex=0 event=0 ip=198.41.200.13
2026-08-24T10:26:37Z INF Retrying connection in up to 1m4s connIndex=0 event=0 ip=198.41.200.13
2026-08-24T10:26:51Z INF Tunnel connection curve preferences: [X25519MLKEM768 CurveID(65074) CurveP256] connIndex=0 event=0 ip=198.41.200.13
2026-08-24T10:26:52Z ERR failed to run the datagram handler error="context canceled" connIndex=0 event=0 ip=198.41.200.13
2026-08-24T10:26:52Z ERR failed to serve tunnel connection error="control stream encountered a failure while serving" connIndex=0 event=0 ip=198.41.200.13
2026-08-24T10:26:52Z ERR Serve tunnel error error="control stream encountered a failure while serving" connIndex=0 event=0 ip=198.41.200.13
2026-08-24T10:26:52Z INF Retrying connection in up to 1m4s connIndex=0 event=0 ip=198.41.200.13
2026-08-24T10:26:59Z INF Tunnel connection curve preferences: [X25519MLKEM768 CurveID(65074) CurveP256] connIndex=0 event=0 ip=198.41.200.13
2026-08-24T10:26:59Z ERR failed to run the datagram handler error="context canceled" connIndex=0 event=0 ip=198.41.200.13
2026-08-24T10:26:59Z ERR failed to serve tunnel connection error="control stream encountered a failure while serving" connIndex=0 event=0 ip=198.41.200.13
2026-08-24T10:26:59Z ERR Serve tunnel error error="control stream encountered a failure while serving" connIndex=0 event=0 ip=198.41.200.13
2026-08-24T10:26:59Z INF Retrying connection in up to 1m4s connIndex=0 event=0 ip=198.41.200.13
2026-08-24T10:27:20Z INF Tunnel connection curve preferences: [X25519MLKEM768 CurveID(65074) CurveP256] connIndex=0 event=0 ip=198.41.200.13
2026-08-24T10:27:21Z ERR failed to run the datagram handler error="context canceled" connIndex=0 event=0 ip=198.41.200.13
2026-08-24T10:27:21Z ERR failed to serve tunnel connection error="control stream encountered a failure while serving" connIndex=0 event=0 ip=198.41.200.13
2026-08-24T10:27:21Z ERR Serve tunnel error error="control stream encountered a failure while serving" connIndex=0 event=0 ip=198.41.200.13
2026-08-24T10:27:21Z INF Retrying connection in up to 1m4s connIndex=0 event=0 ip=198.41.200.13
2026-08-24T10:27:45Z INF Tunnel connection curve preferences: [X25519MLKEM768 CurveID(65074) CurveP256] connIndex=0 event=0 ip=198.41.200.13
2026-08-24T10:27:45Z ERR failed to run the datagram handler error="context canceled" connIndex=0 event=0 ip=198.41.200.13
2026-08-24T10:27:45Z ERR failed to serve tunnel connection error="control stream encountered a failure while serving" connIndex=0 event=0 ip=198.41.200.13
2026-08-24T10:27:45Z ERR Serve tunnel error error="control stream encountered a failure while serving" connIndex=0 event=0 ip=198.41.200.13
2026-08-24T10:27:45Z INF Retrying connection in up to 1m4s connIndex=0 event=0 ip=198.41.200.13
2026-08-24T10:27:53Z INF Tunnel connection curve preferences: [X25519MLKEM768 CurveID(65074) CurveP256] connIndex=0 event=0 ip=198.41.200.13
2026-08-24T10:27:53Z ERR failed to run the datagram handler error="context canceled" connIndex=0 event=0 ip=198.41.200.13
2026-08-24T10:27:53Z ERR failed to serve tunnel connection error="control stream encountered a failure while serving" connIndex=0 event=0 ip=198.41.200.13
2026-08-24T10:27:53Z ERR Serve tunnel error error="control stream encountered a failure while serving" connIndex=0 event=0 ip=198.41.200.13
2026-08-24T10:27:53Z INF Retrying connection in up to 1m4s connIndex=0 event=0 ip=198.41.200.13
2026-08-24T10:28:10Z INF Tunnel connection curve preferences: [X25519MLKEM768 CurveID(65074) CurveP256] connIndex=0 event=0 ip=198.41.200.13
2026-08-24T10:28:10Z ERR failed to run the datagram handler error="context canceled" connIndex=0 event=0 ip=198.41.200.13
2026-08-24T10:28:10Z ERR failed to serve tunnel connection error="control stream encountered a failure while serving" connIndex=0 event=0 ip=198.41.200.13
2026-08-24T10:28:10Z ERR Serve tunnel error error="control stream encountered a failure while serving" connIndex=0 event=0 ip=198.41.200.13
2026-08-24T10:28:10Z INF Retrying connection in up to 1m4s connIndex=0 event=0 ip=198.41.200.13
2026-08-24T10:28:17Z INF Tunnel connection curve preferences: [X25519MLKEM768 CurveID(65074) CurveP256] connIndex=0 event=0 ip=198.41.200.13
2026-08-24T10:28:18Z ERR failed to run the datagram handler error="context canceled" connIndex=0 event=0 ip=198.41.200.13
2026-08-24T10:28:18Z ERR failed to serve tunnel connection error="control stream encountered a failure while serving" connIndex=0 event=0 ip=198.41.200.13
2026-08-24T10:28:18Z ERR Serve tunnel error error="control stream encountered a failure while serving" connIndex=0 event=0 ip=198.41.200.13
2026-08-24T10:28:18Z INF Retrying connection in up to 1m4s connIndex=0 event=0 ip=198.41.200.13
2026-08-24T10:28:42Z INF Tunnel connection curve preferences: [X25519MLKEM768 CurveID(65074) CurveP256] connIndex=0 event=0 ip=198.41.200.13
2026-08-24T10:28:42Z ERR failed to run the datagram handler error="context canceled" connIndex=0 event=0 ip=198.41.200.13
2026-08-24T10:28:42Z ERR failed to serve tunnel connection error="control stream encountered a failure while serving" connIndex=0 event=0 ip=198.41.200.13
2026-08-24T10:28:42Z ERR Serve tunnel error error="control stream encountered a failure while serving" connIndex=0 event=0 ip=198.41.200.13
2026-08-24T10:28:42Z INF Retrying connection in up to 1m4s connIndex=0 event=0 ip=198.41.200.13
2026-08-24T10:28:58Z INF Tunnel connection curve preferences: [X25519MLKEM768 CurveID(65074) CurveP256] connIndex=0 event=0 ip=198.41.200.13
2026-08-24T10:28:58Z ERR failed to run the datagram handler error="context canceled" connIndex=0 event=0 ip=198.41.200.13
2026-08-24T10:28:58Z ERR failed to serve tunnel connection error="control stream encountered a failure while serving" connIndex=0 event=0 ip=198.41.200.13
2026-08-24T10:28:58Z ERR Serve tunnel error error="control stream encountered a failure while serving" connIndex=0 event=0 ip=198.41.200.13
2026-08-24T10:28:58Z INF Retrying connection in up to 1m4s connIndex=0 event=0 ip=198.41.200.13
2026-08-24T10:29:02Z INF Tunnel connection curve preferences: [X25519MLKEM768 CurveID(65074) CurveP256] connIndex=0 event=0 ip=198.41.200.13
2026-08-24T10:29:02Z ERR failed to run the datagram handler error="context canceled" connIndex=0 event=0 ip=198.41.200.13
2026-08-24T10:29:02Z ERR failed to serve tunnel connection error="control stream encountered a failure while serving" connIndex=0 event=0 ip=198.41.200.13
2026-08-24T10:29:02Z ERR Serve tunnel error error="control stream encountered a failure while serving" connIndex=0 event=0 ip=198.41.200.13
2026-08-24T10:29:02Z INF Retrying connection in up to 1m4s connIndex=0 event=0 ip=198.41.200.13
2026-08-24T10:29:22Z INF Tunnel connection curve preferences: [X25519MLKEM768 CurveID(65074) CurveP256] connIndex=0 event=0 ip=198.41.200.13
2026-08-24T10:29:22Z ERR failed to run the datagram handler error="context canceled" connIndex=0 event=0 ip=198.41.200.13
2026-08-24T10:29:22Z ERR failed to serve tunnel connection error="control stream encountered a failure while serving" connIndex=0 event=0 ip=198.41.200.13
2026-08-24T10:29:22Z ERR Serve tunnel error error="control stream encountered a failure while serving" connIndex=0 event=0 ip=198.41.200.13
2026-08-24T10:29:22Z INF Retrying connection in up to 1m4s connIndex=0 event=0 ip=198.41.200.13
2026-08-24T10:29:23Z INF Tunnel connection curve preferences: [X25519MLKEM768 CurveID(65074) CurveP256] connIndex=0 event=0 ip=198.41.200.13
2026-08-24T10:29:23Z ERR failed to run the datagram handler error="context canceled" connIndex=0 event=0 ip=198.41.200.13
2026-08-24T10:29:23Z ERR failed to serve tunnel connection error="control stream encountered a failure while serving" connIndex=0 event=0 ip=198.41.200.13
2026-08-24T10:29:23Z ERR Serve tunnel error error="control stream encountered a failure while serving" connIndex=0 event=0 ip=198.41.200.13
2026-08-24T10:29:23Z INF Retrying connection in up to 1m4s connIndex=0 event=0 ip=198.41.200.13
2026-08-24T10:29:24Z INF Tunnel connection curve preferences: [X25519MLKEM768 CurveID(65074) CurveP256] connIndex=0 event=0 ip=198.41.200.13
2026-08-24T10:29:24Z ERR failed to run the datagram handler error="context canceled" connIndex=0 event=0 ip=198.41.200.13
2026-08-24T10:29:24Z ERR failed to serve tunnel connection error="control stream encountered a failure while serving" connIndex=0 event=0 ip=198.41.200.13
2026-08-24T10:29:24Z ERR Serve tunnel error error="control stream encountered a failure while serving" connIndex=0 event=0 ip=198.41.200.13
2026-08-24T10:29:24Z INF Retrying connection in up to 1m4s connIndex=0 event=0 ip=198.41.200.13
2026-08-24T10:29:25Z INF Tunnel connection curve preferences: [X25519MLKEM768 CurveID(65074) CurveP256] connIndex=0 event=0 ip=198.41.200.13
2026-08-24T10:29:25Z ERR failed to run the datagram handler error="context canceled" connIndex=0 event=0 ip=198.41.200.13
2026-08-24T10:29:25Z ERR failed to serve tunnel connection error="control stream encountered a failure while serving" connIndex=0 event=0 ip=198.41.200.13
2026-08-24T10:29:25Z ERR Serve tunnel error error="control stream encountered a failure while serving" connIndex=0 event=0 ip=198.41.200.13
2026-08-24T10:29:25Z INF Retrying connection in up to 1m4s connIndex=0 event=0 ip=198.41.200.13
2026-08-24T10:29:56Z INF Tunnel connection curve preferences: [X25519MLKEM768 CurveID(65074) CurveP256] connIndex=0 event=0 ip=198.41.200.13
2026-08-24T10:29:56Z ERR failed to run the datagram handler error="context canceled" connIndex=0 event=0 ip=198.41.200.13
2026-08-24T10:29:56Z ERR failed to serve tunnel connection error="control stream encountered a failure while serving" connIndex=0 event=0 ip=198.41.200.13
2026-08-24T10:29:56Z ERR Serve tunnel error error="control stream encountered a failure while serving" connIndex=0 event=0 ip=198.41.200.13
2026-08-24T10:29:56Z INF Retrying connection in up to 1m4s connIndex=0 event=0 ip=198.41.200.13
2026-08-24T10:30:17Z INF Tunnel connection curve preferences: [X25519MLKEM768 CurveID(65074) CurveP256] connIndex=0 event=0 ip=198.41.200.13
2026-08-24T10:30:17Z ERR failed to run the datagram handler error="context canceled" connIndex=0 event=0 ip=198.41.200.13
2026-08-24T10:30:17Z ERR failed to serve tunnel connection error="control stream encountered a failure while serving" connIndex=0 event=0 ip=198.41.200.13
2026-08-24T10:30:17Z ERR Serve tunnel error error="control stream encountered a failure while serving" connIndex=0 event=0 ip=198.41.200.13
2026-08-24T10:30:17Z INF Retrying connection in up to 1m4s connIndex=0 event=0 ip=198.41.200.13
2026-08-24T10:30:22Z INF Tunnel connection curve preferences: [X25519MLKEM768 CurveID(65074) CurveP256] connIndex=0 event=0 ip=198.41.200.13
2026-08-24T10:30:22Z ERR failed to run the datagram handler error="context canceled" connIndex=0 event=0 ip=198.41.200.13
2026-08-24T10:30:22Z ERR failed to serve tunnel connection error="control stream encountered a failure while serving" connIndex=0 event=0 ip=198.41.200.13
2026-08-24T10:30:22Z ERR Serve tunnel error error="control stream encountered a failure while serving" connIndex=0 event=0 ip=198.41.200.13
2026-08-24T10:30:22Z INF Retrying connection in up to 1m4s connIndex=0 event=0 ip=198.41.200.13
2026-08-24T10:30:34Z INF Tunnel connection curve preferences: [X25519MLKEM768 CurveID(65074) CurveP256] connIndex=0 event=0 ip=198.41.200.13
2026-08-24T10:30:34Z ERR failed to run the datagram handler error="context canceled" connIndex=0 event=0 ip=198.41.200.13
2026-08-24T10:30:34Z ERR failed to serve tunnel connection error="control stream encountered a failure while serving" connIndex=0 event=0 ip=198.41.200.13
2026-08-24T10:30:34Z ERR Serve tunnel error error="control stream encountered a failure while serving" connIndex=0 event=0 ip=198.41.200.13
2026-08-24T10:30:34Z INF Retrying connection in up to 1m4s connIndex=0 event=0 ip=198.41.200.13
2026-08-24T10:30:43Z INF Tunnel connection curve preferences: [X25519MLKEM768 CurveID(65074) CurveP256] connIndex=0 event=0 ip=198.41.200.13
2026-08-24T10:30:43Z ERR failed to run the datagram handler error="context canceled" connIndex=0 event=0 ip=198.41.200.13
2026-08-24T10:30:43Z ERR failed to serve tunnel connection error="control stream encountered a failure while serving" connIndex=0 event=0 ip=198.41.200.13
2026-08-24T10:30:43Z ERR Serve tunnel error error="control stream encountered a failure while serving" connIndex=0 event=0 ip=198.41.200.13
2026-08-24T10:30:43Z INF Retrying connection in up to 1m4s connIndex=0 event=0 ip=198.41.200.13
2026-08-24T10:30:44Z INF Tunnel connection curve preferences: [X25519MLKEM768 CurveID(65074) CurveP256] connIndex=0 event=0 ip=198.41.200.13
2026-08-24T10:30:44Z ERR failed to run the datagram handler error="context canceled" connIndex=0 event=0 ip=198.41.200.13
2026-08-24T10:30:44Z ERR failed to serve tunnel connection error="control stream encountered a failure while serving" connIndex=0 event=0 ip=198.41.200.13
2026-08-24T10:30:44Z ERR Serve tunnel error error="control stream encountered a failure while serving" connIndex=0 event=0 ip=198.41.200.13
2026-08-24T10:30:44Z INF Retrying connection in up to 1m4s connIndex=0 event=0 ip=198.41.200.13
2026-08-24T10:31:12Z INF Tunnel connection curve preferences: [X25519MLKEM768 CurveID(65074) CurveP256] connIndex=0 event=0 ip=198.41.200.13
2026-08-24T10:31:13Z ERR failed to run the datagram handler error="context canceled" connIndex=0 event=0 ip=198.41.200.13
2026-08-24T10:31:13Z ERR failed to serve tunnel connection error="control stream encountered a failure while serving" connIndex=0 event=0 ip=198.41.200.13
2026-08-24T10:31:13Z ERR Serve tunnel error error="control stream encountered a failure while serving" connIndex=0 event=0 ip=198.41.200.13
2026-08-24T10:31:13Z INF Retrying connection in up to 1m4s connIndex=0 event=0 ip=198.41.200.13
2026-08-24T10:31:25Z INF Tunnel connection curve preferences: [X25519MLKEM768 CurveID(65074) CurveP256] connIndex=0 event=0 ip=198.41.200.13
2026-08-24T10:31:25Z ERR failed to run the datagram handler error="context canceled" connIndex=0 event=0 ip=198.41.200.13
2026-08-24T10:31:25Z ERR failed to serve tunnel connection error="control stream encountered a failure while serving" connIndex=0 event=0 ip=198.41.200.13
2026-08-24T10:31:25Z ERR Serve tunnel error error="control stream encountered a failure while serving" connIndex=0 event=0 ip=198.41.200.13
2026-08-24T10:31:25Z INF Retrying connection in up to 1m4s connIndex=0 event=0 ip=198.41.200.13
2026-08-24T10:31:39Z INF Tunnel connection curve preferences: [X25519MLKEM768 CurveID(65074) CurveP256] connIndex=0 event=0 ip=198.41.200.13
2026-08-24T10:31:39Z ERR failed to run the datagram handler error="context canceled" connIndex=0 event=0 ip=198.41.200.13
2026-08-24T10:31:39Z ERR failed to serve tunnel connection error="control stream encountered a failure while serving" connIndex=0 event=0 ip=198.41.200.13
2026-08-24T10:31:39Z ERR Serve tunnel error error="control stream encountered a failure while serving" connIndex=0 event=0 ip=198.41.200.13
2026-08-24T10:31:39Z INF Retrying connection in up to 1m4s connIndex=0 event=0 ip=198.41.200.13
2026-08-24T10:32:02Z INF Tunnel connection curve preferences: [X25519MLKEM768 CurveID(65074) CurveP256] connIndex=0 event=0 ip=198.41.200.13
2026-08-24T10:32:02Z ERR failed to run the datagram handler error="context canceled" connIndex=0 event=0 ip=198.41.200.13
2026-08-24T10:32:02Z ERR failed to serve tunnel connection error="control stream encountered a failure while serving" connIndex=0 event=0 ip=198.41.200.13
2026-08-24T10:32:02Z ERR Serve tunnel error error="control stream encountered a failure while serving" connIndex=0 event=0 ip=198.41.200.13
2026-08-24T10:32:02Z INF Retrying connection in up to 1m4s connIndex=0 event=0 ip=198.41.200.13
2026-08-24T10:32:16Z INF Tunnel connection curve preferences: [X25519MLKEM768 CurveID(65074) CurveP256] connIndex=0 event=0 ip=198.41.200.13
2026-08-24T10:32:16Z ERR failed to run the datagram handler error="context canceled" connIndex=0 event=0 ip=198.41.200.13
2026-08-24T10:32:16Z ERR failed to serve tunnel connection error="control stream encountered a failure while serving" connIndex=0 event=0 ip=198.41.200.13
2026-08-24T10:32:16Z ERR Serve tunnel error error="control stream encountered a failure while serving" connIndex=0 event=0 ip=198.41.200.13
2026-08-24T10:32:16Z INF Retrying connection in up to 1m4s connIndex=0 event=0 ip=198.41.200.13
2026-08-24T10:32:41Z INF Tunnel connection curve preferences: [X25519MLKEM768 CurveID(65074) CurveP256] connIndex=0 event=0 ip=198.41.200.13
2026-08-24T10:32:42Z ERR failed to run the datagram handler error="context canceled" connIndex=0 event=0 ip=198.41.200.13
2026-08-24T10:32:42Z ERR failed to serve tunnel connection error="control stream encountered a failure while serving" connIndex=0 event=0 ip=198.41.200.13
2026-08-24T10:32:42Z ERR Serve tunnel error error="control stream encountered a failure while serving" connIndex=0 event=0 ip=198.41.200.13
2026-08-24T10:32:42Z INF Retrying connection in up to 1m4s connIndex=0 event=0 ip=198.41.200.13
2026-08-24T10:32:58Z INF Tunnel connection curve preferences: [X25519MLKEM768 CurveID(65074) CurveP256] connIndex=0 event=0 ip=198.41.200.13
2026-08-24T10:32:58Z ERR failed to run the datagram handler error="context canceled" connIndex=0 event=0 ip=198.41.200.13
2026-08-24T10:32:58Z ERR failed to serve tunnel connection error="control stream encountered a failure while serving" connIndex=0 event=0 ip=198.41.200.13
2026-08-24T10:32:58Z ERR Serve tunnel error error="control stream encountered a failure while serving" connIndex=0 event=0 ip=198.41.200.13
2026-08-24T10:32:58Z INF Retrying connection in up to 1m4s connIndex=0 event=0 ip=198.41.200.13
2026-08-24T10:33:25Z INF Tunnel connection curve preferences: [X25519MLKEM768 CurveID(65074) CurveP256] connIndex=0 event=0 ip=198.41.200.13
2026-08-24T10:33:25Z ERR failed to run the datagram handler error="context canceled" connIndex=0 event=0 ip=198.41.200.13
2026-08-24T10:33:25Z ERR failed to serve tunnel connection error="control stream encountered a failure while serving" connIndex=0 event=0 ip=198.41.200.13
2026-08-24T10:33:25Z ERR Serve tunnel error error="control stream encountered a failure while serving" connIndex=0 event=0 ip=198.41.200.13
2026-08-24T10:33:25Z INF Retrying connection in up to 1m4s connIndex=0 event=0 ip=198.41.200.13
2026-08-24T10:33:55Z INF Tunnel connection curve preferences: [X25519MLKEM768 CurveID(65074) CurveP256] connIndex=0 event=0 ip=198.41.200.13
2026-08-24T10:33:55Z ERR failed to run the datagram handler error="context canceled" connIndex=0 event=0 ip=198.41.200.13
2026-08-24T10:33:55Z ERR failed to serve tunnel connection error="control stream encountered a failure while serving" connIndex=0 event=0 ip=198.41.200.13
2026-08-24T10:33:55Z ERR Serve tunnel error error="control stream encountered a failure while serving" connIndex=0 event=0 ip=198.41.200.13
2026-08-24T10:33:55Z INF Retrying connection in up to 1m4s connIndex=0 event=0 ip=198.41.200.13
2026-08-24T10:34:06Z INF Tunnel connection curve preferences: [X25519MLKEM768 CurveID(65074) CurveP256] connIndex=0 event=0 ip=198.41.200.13
2026-08-24T10:34:06Z ERR failed to run the datagram handler error="context canceled" connIndex=0 event=0 ip=198.41.200.13
2026-08-24T10:34:06Z ERR failed to serve tunnel connection error="control stream encountered a failure while serving" connIndex=0 event=0 ip=198.41.200.13
2026-08-24T10:34:06Z ERR Serve tunnel error error="control stream encountered a failure while serving" connIndex=0 event=0 ip=198.41.200.13
2026-08-24T10:34:06Z INF Retrying connection in up to 1m4s connIndex=0 event=0 ip=198.41.200.13
2026-08-24T10:34:15Z INF Tunnel connection curve preferences: [X25519MLKEM768 CurveID(65074) CurveP256] connIndex=0 event=0 ip=198.41.200.13
2026-08-24T10:34:15Z ERR failed to run the datagram handler error="context canceled" connIndex=0 event=0 ip=198.41.200.13
2026-08-24T10:34:15Z ERR failed to serve tunnel connection error="control stream encountered a failure while serving" connIndex=0 event=0 ip=198.41.200.13
2026-08-24T10:34:15Z ERR Serve tunnel error error="control stream encountered a failure while serving" connIndex=0 event=0 ip=198.41.200.13
2026-08-24T10:34:15Z INF Retrying connection in up to 1m4s connIndex=0 event=0 ip=198.41.200.13
2026-08-24T10:34:44Z INF Tunnel connection curve preferences: [X25519MLKEM768 CurveID(65074) CurveP256] connIndex=0 event=0 ip=198.41.200.13
2026-08-24T10:34:44Z ERR failed to run the datagram handler error="context canceled" connIndex=0 event=0 ip=198.41.200.13
2026-08-24T10:34:44Z ERR failed to serve tunnel connection error="control stream encountered a failure while serving" connIndex=0 event=0 ip=198.41.200.13
2026-08-24T10:34:44Z ERR Serve tunnel error error="control stream encountered a failure while serving" connIndex=0 event=0 ip=198.41.200.13
2026-08-24T10:34:44Z INF Retrying connection in up to 1m4s connIndex=0 event=0 ip=198.41.200.13
2026-08-24T10:35:03Z INF Tunnel connection curve preferences: [X25519MLKEM768 CurveID(65074) CurveP256] connIndex=0 event=0 ip=198.41.200.13
2026-08-24T10:35:03Z ERR failed to run the datagram handler error="context canceled" connIndex=0 event=0 ip=198.41.200.13
2026-08-24T10:35:03Z ERR failed to serve tunnel connection error="control stream encountered a failure while serving" connIndex=0 event=0 ip=198.41.200.13
2026-08-24T10:35:03Z ERR Serve tunnel error error="control stream encountered a failure while serving" connIndex=0 event=0 ip=198.41.200.13
2026-08-24T10:35:03Z INF Retrying connection in up to 1m4s connIndex=0 event=0 ip=198.41.200.13
2026-08-24T10:35:06Z INF Tunnel connection curve preferences: [X25519MLKEM768 CurveID(65074) CurveP256] connIndex=0 event=0 ip=198.41.200.13
2026-08-24T10:35:06Z ERR failed to run the datagram handler error="context canceled" connIndex=0 event=0 ip=198.41.200.13
2026-08-24T10:35:06Z ERR failed to serve tunnel connection error="control stream encountered a failure while serving" connIndex=0 event=0 ip=198.41.200.13
2026-08-24T10:35:06Z ERR Serve tunnel error error="control stream encountered a failure while serving" connIndex=0 event=0 ip=198.41.200.13
2026-08-24T10:35:06Z INF Retrying connection in up to 1m4s connIndex=0 event=0 ip=198.41.200.13
2026-08-24T10:35:17Z INF Tunnel connection curve preferences: [X25519MLKEM768 CurveID(65074) CurveP256] connIndex=0 event=0 ip=198.41.200.13
2026-08-24T10:35:18Z ERR failed to run the datagram handler error="context canceled" connIndex=0 event=0 ip=198.41.200.13
2026-08-24T10:35:18Z ERR failed to serve tunnel connection error="control stream encountered a failure while serving" connIndex=0 event=0 ip=198.41.200.13
2026-08-24T10:35:18Z ERR Serve tunnel error error="control stream encountered a failure while serving" connIndex=0 event=0 ip=198.41.200.13
2026-08-24T10:35:18Z INF Retrying connection in up to 1m4s connIndex=0 event=0 ip=198.41.200.13
2026-08-24T10:35:20Z INF Tunnel connection curve preferences: [X25519MLKEM768 CurveID(65074) CurveP256] connIndex=0 event=0 ip=198.41.200.13
2026-08-24T10:35:20Z ERR failed to run the datagram handler error="context canceled" connIndex=0 event=0 ip=198.41.200.13
2026-08-24T10:35:20Z ERR failed to serve tunnel connection error="control stream encountered a failure while serving" connIndex=0 event=0 ip=198.41.200.13
2026-08-24T10:35:20Z ERR Serve tunnel error error="control stream encountered a failure while serving" connIndex=0 event=0 ip=198.41.200.13
2026-08-24T10:35:20Z INF Retrying connection in up to 1m4s connIndex=0 event=0 ip=198.41.200.13
2026-08-24T10:35:46Z INF Tunnel connection curve preferences: [X25519MLKEM768 CurveID(65074) CurveP256] connIndex=0 event=0 ip=198.41.200.13
2026-08-24T10:35:46Z ERR failed to run the datagram handler error="context canceled" connIndex=0 event=0 ip=198.41.200.13
2026-08-24T10:35:46Z ERR failed to serve tunnel connection error="control stream encountered a failure while serving" connIndex=0 event=0 ip=198.41.200.13
2026-08-24T10:35:46Z ERR Serve tunnel error error="control stream encountered a failure while serving" connIndex=0 event=0 ip=198.41.200.13
2026-08-24T10:35:46Z INF Retrying connection in up to 1m4s connIndex=0 event=0 ip=198.41.200.13
2026-08-24T10:36:02Z INF Tunnel connection curve preferences: [X25519MLKEM768 CurveID(65074) CurveP256] connIndex=0 event=0 ip=198.41.200.13
2026-08-24T10:36:02Z ERR failed to run the datagram handler error="context canceled" connIndex=0 event=0 ip=198.41.200.13
2026-08-24T10:36:02Z ERR failed to serve tunnel connection error="control stream encountered a failure while serving" connIndex=0 event=0 ip=198.41.200.13
2026-08-24T10:36:02Z ERR Serve tunnel error error="control stream encountered a failure while serving" connIndex=0 event=0 ip=198.41.200.13
2026-08-24T10:36:02Z INF Retrying connection in up to 1m4s connIndex=0 event=0 ip=198.41.200.13
2026-08-24T10:36:02Z INF Tunnel connection curve preferences: [X25519MLKEM768 CurveID(65074) CurveP256] connIndex=0 event=0 ip=198.41.200.13
2026-08-24T10:36:02Z ERR failed to run the datagram handler error="context canceled" connIndex=0 event=0 ip=198.41.200.13
2026-08-24T10:36:02Z ERR failed to serve tunnel connection error="control stream encountered a failure while serving" connIndex=0 event=0 ip=198.41.200.13
2026-08-24T10:36:02Z ERR Serve tunnel error error="control stream encountered a failure while serving" connIndex=0 event=0 ip=198.41.200.13
2026-08-24T10:36:02Z INF Retrying connection in up to 1m4s connIndex=0 event=0 ip=198.41.200.13
2026-08-24T10:36:06Z INF Tunnel connection curve preferences: [X25519MLKEM768 CurveID(65074) CurveP256] connIndex=0 event=0 ip=198.41.200.13
2026-08-24T10:36:06Z ERR failed to run the datagram handler error="context canceled" connIndex=0 event=0 ip=198.41.200.13
2026-08-24T10:36:06Z ERR failed to serve tunnel connection error="control stream encountered a failure while serving" connIndex=0 event=0 ip=198.41.200.13
2026-08-24T10:36:06Z ERR Serve tunnel error error="control stream encountered a failure while serving" connIndex=0 event=0 ip=198.41.200.13
2026-08-24T10:36:06Z INF Retrying connection in up to 1m4s connIndex=0 event=0 ip=198.41.200.13
2026-08-24T10:36:07Z INF Tunnel connection curve preferences: [X25519MLKEM768 CurveID(65074) CurveP256] connIndex=0 event=0 ip=198.41.200.13
2026-08-24T10:36:07Z ERR failed to run the datagram handler error="context canceled" connIndex=0 event=0 ip=198.41.200.13
2026-08-24T10:36:07Z ERR failed to serve tunnel connection error="control stream encountered a failure while serving" connIndex=0 event=0 ip=198.41.200.13
2026-08-24T10:36:07Z ERR Serve tunnel error error="control stream encountered a failure while serving" connIndex=0 event=0 ip=198.41.200.13
2026-08-24T10:36:07Z INF Retrying connection in up to 1m4s connIndex=0 event=0 ip=198.41.200.13
2026-08-24T10:36:15Z INF Tunnel connection curve preferences: [X25519MLKEM768 CurveID(65074) CurveP256] connIndex=0 event=0 ip=198.41.200.13
2026-08-24T10:36:15Z ERR failed to run the datagram handler error="context canceled" connIndex=0 event=0 ip=198.41.200.13
2026-08-24T10:36:15Z ERR failed to serve tunnel connection error="control stream encountered a failure while serving" connIndex=0 event=0 ip=198.41.200.13
2026-08-24T10:36:15Z ERR Serve tunnel error error="control stream encountered a failure while serving" connIndex=0 event=0 ip=198.41.200.13
2026-08-24T10:36:15Z INF Retrying connection in up to 1m4s connIndex=0 event=0 ip=198.41.200.13
2026-08-24T10:36:29Z INF Tunnel connection curve preferences: [X25519MLKEM768 CurveID(65074) CurveP256] connIndex=0 event=0 ip=198.41.200.13
2026-08-24T10:36:29Z ERR failed to run the datagram handler error="context canceled" connIndex=0 event=0 ip=198.41.200.13
2026-08-24T10:36:29Z ERR failed to serve tunnel connection error="control stream encountered a failure while serving" connIndex=0 event=0 ip=198.41.200.13
2026-08-24T10:36:29Z ERR Serve tunnel error error="control stream encountered a failure while serving" connIndex=0 event=0 ip=198.41.200.13
2026-08-24T10:36:29Z INF Retrying connection in up to 1m4s connIndex=0 event=0 ip=198.41.200.13
2026-08-24T10:36:48Z INF Tunnel connection curve preferences: [X25519MLKEM768 CurveID(65074) CurveP256] connIndex=0 event=0 ip=198.41.200.13
2026-08-24T10:36:48Z ERR failed to run the datagram handler error="context canceled" connIndex=0 event=0 ip=198.41.200.13
2026-08-24T10:36:48Z ERR failed to serve tunnel connection error="control stream encountered a failure while serving" connIndex=0 event=0 ip=198.41.200.13
2026-08-24T10:36:48Z ERR Serve tunnel error error="control stream encountered a failure while serving" connIndex=0 event=0 ip=198.41.200.13
2026-08-24T10:36:48Z INF Retrying connection in up to 1m4s connIndex=0 event=0 ip=198.41.200.13
2026-08-24T10:36:57Z INF Tunnel connection curve preferences: [X25519MLKEM768 CurveID(65074) CurveP256] connIndex=0 event=0 ip=198.41.200.13
2026-08-24T10:36:57Z ERR failed to run the datagram handler error="context canceled" connIndex=0 event=0 ip=198.41.200.13
2026-08-24T10:36:57Z ERR failed to serve tunnel connection error="control stream encountered a failure while serving" connIndex=0 event=0 ip=198.41.200.13
2026-08-24T10:36:57Z ERR Serve tunnel error error="control stream encountered a failure while serving" connIndex=0 event=0 ip=198.41.200.13
2026-08-24T10:36:57Z INF Retrying connection in up to 1m4s connIndex=0 event=0 ip=198.41.200.13
2026-08-24T10:37:24Z INF Tunnel connection curve preferences: [X25519MLKEM768 CurveID(65074) CurveP256] connIndex=0 event=0 ip=198.41.200.13
2026-08-24T10:37:24Z ERR failed to run the datagram handler error="context canceled" connIndex=0 event=0 ip=198.41.200.13
2026-08-24T10:37:24Z ERR failed to serve tunnel connection error="control stream encountered a failure while serving" connIndex=0 event=0 ip=198.41.200.13
2026-08-24T10:37:24Z ERR Serve tunnel error error="control stream encountered a failure while serving" connIndex=0 event=0 ip=198.41.200.13
2026-08-24T10:37:24Z INF Retrying connection in up to 1m4s connIndex=0 event=0 ip=198.41.200.13
2026-08-24T10:37:49Z INF Tunnel connection curve preferences: [X25519MLKEM768 CurveID(65074) CurveP256] connIndex=0 event=0 ip=198.41.200.13
2026-08-24T10:37:49Z ERR failed to run the datagram handler error="context canceled" connIndex=0 event=0 ip=198.41.200.13
2026-08-24T10:37:49Z ERR failed to serve tunnel connection error="control stream encountered a failure while serving" connIndex=0 event=0 ip=198.41.200.13
2026-08-24T10:37:49Z ERR Serve tunnel error error="control stream encountered a failure while serving" connIndex=0 event=0 ip=198.41.200.13
2026-08-24T10:37:49Z INF Retrying connection in up to 1m4s connIndex=0 event=0 ip=198.41.200.13
2026-08-24T10:38:15Z INF Tunnel connection curve preferences: [X25519MLKEM768 CurveID(65074) CurveP256] connIndex=0 event=0 ip=198.41.200.13
2026-08-24T10:38:15Z ERR failed to run the datagram handler error="context canceled" connIndex=0 event=0 ip=198.41.200.13
2026-08-24T10:38:15Z ERR failed to serve tunnel connection error="control stream encountered a failure while serving" connIndex=0 event=0 ip=198.41.200.13
2026-08-24T10:38:15Z ERR Serve tunnel error error="control stream encountered a failure while serving" connIndex=0 event=0 ip=198.41.200.13
2026-08-24T10:38:15Z INF Retrying connection in up to 1m4s connIndex=0 event=0 ip=198.41.200.13
2026-08-24T10:38:23Z INF Tunnel connection curve preferences: [X25519MLKEM768 CurveID(65074) CurveP256] connIndex=0 event=0 ip=198.41.200.13
2026-08-24T10:38:23Z ERR failed to run the datagram handler error="context canceled" connIndex=0 event=0 ip=198.41.200.13
2026-08-24T10:38:23Z ERR failed to serve tunnel connection error="control stream encountered a failure while serving" connIndex=0 event=0 ip=198.41.200.13
2026-08-24T10:38:23Z ERR Serve tunnel error error="control stream encountered a failure while serving" connIndex=0 event=0 ip=198.41.200.13
2026-08-24T10:38:23Z INF Retrying connection in up to 1m4s connIndex=0 event=0 ip=198.41.200.13
2026-08-24T10:38:34Z INF Tunnel connection curve preferences: [X25519MLKEM768 CurveID(65074) CurveP256] connIndex=0 event=0 ip=198.41.200.13
2026-08-24T10:38:35Z ERR failed to run the datagram handler error="context canceled" connIndex=0 event=0 ip=198.41.200.13
2026-08-24T10:38:35Z ERR failed to serve tunnel connection error="control stream encountered a failure while serving" connIndex=0 event=0 ip=198.41.200.13
2026-08-24T10:38:35Z ERR Serve tunnel error error="control stream encountered a failure while serving" connIndex=0 event=0 ip=198.41.200.13
2026-08-24T10:38:35Z INF Retrying connection in up to 1m4s connIndex=0 event=0 ip=198.41.200.13
2026-08-24T10:38:46Z INF Tunnel connection curve preferences: [X25519MLKEM768 CurveID(65074) CurveP256] connIndex=0 event=0 ip=198.41.200.13
2026-08-24T10:38:46Z ERR failed to run the datagram handler error="context canceled" connIndex=0 event=0 ip=198.41.200.13
2026-08-24T10:38:46Z ERR failed to serve tunnel connection error="control stream encountered a failure while serving" connIndex=0 event=0 ip=198.41.200.13
2026-08-24T10:38:46Z ERR Serve tunnel error error="control stream encountered a failure while serving" connIndex=0 event=0 ip=198.41.200.13
2026-08-24T10:38:46Z INF Retrying connection in up to 1m4s connIndex=0 event=0 ip=198.41.200.13
2026-08-24T10:39:05Z INF Tunnel connection curve preferences: [X25519MLKEM768 CurveID(65074) CurveP256] connIndex=0 event=0 ip=198.41.200.13
2026-08-24T10:39:05Z ERR failed to run the datagram handler error="context canceled" connIndex=0 event=0 ip=198.41.200.13
2026-08-24T10:39:05Z ERR failed to serve tunnel connection error="control stream encountered a failure while serving" connIndex=0 event=0 ip=198.41.200.13
2026-08-24T10:39:05Z ERR Serve tunnel error error="control stream encountered a failure while serving" connIndex=0 event=0 ip=198.41.200.13
2026-08-24T10:39:05Z INF Retrying connection in up to 1m4s connIndex=0 event=0 ip=198.41.200.13
2026-08-24T10:39:27Z INF Tunnel connection curve preferences: [X25519MLKEM768 CurveID(65074) CurveP256] connIndex=0 event=0 ip=198.41.200.13
2026-08-24T10:39:27Z ERR failed to run the datagram handler error="context canceled" connIndex=0 event=0 ip=198.41.200.13
2026-08-24T10:39:27Z ERR failed to serve tunnel connection error="control stream encountered a failure while serving" connIndex=0 event=0 ip=198.41.200.13
2026-08-24T10:39:27Z ERR Serve tunnel error error="control stream encountered a failure while serving" connIndex=0 event=0 ip=198.41.200.13
2026-08-24T10:39:27Z INF Retrying connection in up to 1m4s connIndex=0 event=0 ip=198.41.200.13
2026-08-24T10:39:46Z INF Tunnel connection curve preferences: [X25519MLKEM768 CurveID(65074) CurveP256] connIndex=0 event=0 ip=198.41.200.13
2026-08-24T10:39:46Z ERR failed to run the datagram handler error="context canceled" connIndex=0 event=0 ip=198.41.200.13
2026-08-24T10:39:46Z ERR failed to serve tunnel connection error="control stream encountered a failure while serving" connIndex=0 event=0 ip=198.41.200.13
2026-08-24T10:39:46Z ERR Serve tunnel error error="control stream encountered a failure while serving" connIndex=0 event=0 ip=198.41.200.13
2026-08-24T10:39:46Z INF Retrying connection in up to 1m4s connIndex=0 event=0 ip=198.41.200.13
2026-08-24T10:39:48Z INF Tunnel connection curve preferences: [X25519MLKEM768 CurveID(65074) CurveP256] connIndex=0 event=0 ip=198.41.200.13
2026-08-24T10:39:48Z ERR failed to run the datagram handler error="context canceled" connIndex=0 event=0 ip=198.41.200.13
2026-08-24T10:39:48Z ERR failed to serve tunnel connection error="control stream encountered a failure while serving" connIndex=0 event=0 ip=198.41.200.13
2026-08-24T10:39:48Z ERR Serve tunnel error error="control stream encountered a failure while serving" connIndex=0 event=0 ip=198.41.200.13
2026-08-24T10:39:48Z INF Retrying connection in up to 1m4s connIndex=0 event=0 ip=198.41.200.13
2026-08-24T10:40:10Z INF Tunnel connection curve preferences: [X25519MLKEM768 CurveID(65074) CurveP256] connIndex=0 event=0 ip=198.41.200.13
2026-08-24T10:40:10Z ERR failed to run the datagram handler error="context canceled" connIndex=0 event=0 ip=198.41.200.13
2026-08-24T10:40:10Z ERR failed to serve tunnel connection error="control stream encountered a failure while serving" connIndex=0 event=0 ip=198.41.200.13
2026-08-24T10:40:10Z ERR Serve tunnel error error="control stream encountered a failure while serving" connIndex=0 event=0 ip=198.41.200.13
2026-08-24T10:40:10Z INF Retrying connection in up to 1m4s connIndex=0 event=0 ip=198.41.200.13
2026-08-24T10:40:12Z INF Tunnel connection curve preferences: [X25519MLKEM768 CurveID(65074) CurveP256] connIndex=0 event=0 ip=198.41.200.13
2026-08-24T10:40:12Z ERR failed to run the datagram handler error="context canceled" connIndex=0 event=0 ip=198.41.200.13
2026-08-24T10:40:12Z ERR failed to serve tunnel connection error="control stream encountered a failure while serving" connIndex=0 event=0 ip=198.41.200.13
2026-08-24T10:40:12Z ERR Serve tunnel error error="control stream encountered a failure while serving" connIndex=0 event=0 ip=198.41.200.13
2026-08-24T10:40:12Z INF Retrying connection in up to 1m4s connIndex=0 event=0 ip=198.41.200.13
2026-08-24T10:40:37Z INF Tunnel connection curve preferences: [X25519MLKEM768 CurveID(65074) CurveP256] connIndex=0 event=0 ip=198.41.200.13
2026-08-24T10:40:37Z ERR failed to run the datagram handler error="context canceled" connIndex=0 event=0 ip=198.41.200.13
2026-08-24T10:40:37Z ERR failed to serve tunnel connection error="control stream encountered a failure while serving" connIndex=0 event=0 ip=198.41.200.13
2026-08-24T10:40:37Z ERR Serve tunnel error error="control stream encountered a failure while serving" connIndex=0 event=0 ip=198.41.200.13
2026-08-24T10:40:37Z INF Retrying connection in up to 1m4s connIndex=0 event=0 ip=198.41.200.13
2026-08-24T10:41:01Z INF Tunnel connection curve preferences: [X25519MLKEM768 CurveID(65074) CurveP256] connIndex=0 event=0 ip=198.41.200.13
2026-08-24T10:41:01Z ERR failed to run the datagram handler error="context canceled" connIndex=0 event=0 ip=198.41.200.13
2026-08-24T10:41:01Z ERR failed to serve tunnel connection error="control stream encountered a failure while serving" connIndex=0 event=0 ip=198.41.200.13
2026-08-24T10:41:01Z ERR Serve tunnel error error="control stream encountered a failure while serving" connIndex=0 event=0 ip=198.41.200.13
2026-08-24T10:41:01Z INF Retrying connection in up to 1m4s connIndex=0 event=0 ip=198.41.200.13
2026-08-24T10:41:28Z INF Tunnel connection curve preferences: [X25519MLKEM768 CurveID(65074) CurveP256] connIndex=0 event=0 ip=198.41.200.13
2026-08-24T10:41:28Z ERR failed to run the datagram handler error="context canceled" connIndex=0 event=0 ip=198.41.200.13
2026-08-24T10:41:28Z ERR failed to serve tunnel connection error="control stream encountered a failure while serving" connIndex=0 event=0 ip=198.41.200.13
2026-08-24T10:41:28Z ERR Serve tunnel error error="control stream encountered a failure while serving" connIndex=0 event=0 ip=198.41.200.13
2026-08-24T10:41:28Z INF Retrying connection in up to 1m4s connIndex=0 event=0 ip=198.41.200.13
2026-08-24T10:41:30Z INF Tunnel connection curve preferences: [X25519MLKEM768 CurveID(65074) CurveP256] connIndex=0 event=0 ip=198.41.200.13
2026-08-24T10:41:31Z ERR failed to run the datagram handler error="context canceled" connIndex=0 event=0 ip=198.41.200.13
2026-08-24T10:41:31Z ERR failed to serve tunnel connection error="control stream encountered a failure while serving" connIndex=0 event=0 ip=198.41.200.13
2026-08-24T10:41:31Z ERR Serve tunnel error error="control stream encountered a failure while serving" connIndex=0 event=0 ip=198.41.200.13
2026-08-24T10:41:31Z INF Retrying connection in up to 1m4s connIndex=0 event=0 ip=198.41.200.13
2026-08-24T10:41:50Z INF Tunnel connection curve preferences: [X25519MLKEM768 CurveID(65074) CurveP256] connIndex=0 event=0 ip=198.41.200.13
2026-08-24T10:41:50Z ERR failed to run the datagram handler error="context canceled" connIndex=0 event=0 ip=198.41.200.13
2026-08-24T10:41:50Z ERR failed to serve tunnel connection error="control stream encountered a failure while serving" connIndex=0 event=0 ip=198.41.200.13
2026-08-24T10:41:50Z ERR Serve tunnel error error="control stream encountered a failure while serving" connIndex=0 event=0 ip=198.41.200.13
2026-08-24T10:41:50Z INF Retrying connection in up to 1m4s connIndex=0 event=0 ip=198.41.200.13
2026-08-24T10:41:55Z INF Tunnel connection curve preferences: [X25519MLKEM768 CurveID(65074) CurveP256] connIndex=0 event=0 ip=198.41.200.13
2026-08-24T10:41:55Z ERR failed to run the datagram handler error="context canceled" connIndex=0 event=0 ip=198.41.200.13
2026-08-24T10:41:55Z ERR failed to serve tunnel connection error="control stream encountered a failure while serving" connIndex=0 event=0 ip=198.41.200.13
2026-08-24T10:41:55Z ERR Serve tunnel error error="control stream encountered a failure while serving" connIndex=0 event=0 ip=198.41.200.13
2026-08-24T10:41:55Z INF Retrying connection in up to 1m4s connIndex=0 event=0 ip=198.41.200.13
2026-08-24T10:42:07Z INF Tunnel connection curve preferences: [X25519MLKEM768 CurveID(65074) CurveP256] connIndex=0 event=0 ip=198.41.200.13
2026-08-24T10:42:08Z ERR failed to run the datagram handler error="context canceled" connIndex=0 event=0 ip=198.41.200.13
2026-08-24T10:42:08Z ERR failed to serve tunnel connection error="control stream encountered a failure while serving" connIndex=0 event=0 ip=198.41.200.13
2026-08-24T10:42:08Z ERR Serve tunnel error error="control stream encountered a failure while serving" connIndex=0 event=0 ip=198.41.200.13
2026-08-24T10:42:08Z INF Retrying connection in up to 1m4s connIndex=0 event=0 ip=198.41.200.13
2026-08-24T10:42:25Z INF Tunnel connection curve preferences: [X25519MLKEM768 CurveID(65074) CurveP256] connIndex=0 event=0 ip=198.41.200.13
2026-08-24T10:42:25Z ERR failed to run the datagram handler error="context canceled" connIndex=0 event=0 ip=198.41.200.13
2026-08-24T10:42:25Z ERR failed to serve tunnel connection error="control stream encountered a failure while serving" connIndex=0 event=0 ip=198.41.200.13
2026-08-24T10:42:25Z ERR Serve tunnel error error="control stream encountered a failure while serving" connIndex=0 event=0 ip=198.41.200.13
2026-08-24T10:42:25Z INF Retrying connection in up to 1m4s connIndex=0 event=0 ip=198.41.200.13
2026-08-24T10:42:31Z INF Tunnel connection curve preferences: [X25519MLKEM768 CurveID(65074) CurveP256] connIndex=0 event=0 ip=198.41.200.13
2026-08-24T10:42:31Z ERR failed to run the datagram handler error="context canceled" connIndex=0 event=0 ip=198.41.200.13
2026-08-24T10:42:31Z ERR failed to serve tunnel connection error="control stream encountered a failure while serving" connIndex=0 event=0 ip=198.41.200.13
2026-08-24T10:42:31Z ERR Serve tunnel error error="control stream encountered a failure while serving" connIndex=0 event=0 ip=198.41.200.13
2026-08-24T10:42:31Z INF Retrying connection in up to 1m4s connIndex=0 event=0 ip=198.41.200.13
2026-08-24T10:42:38Z INF Tunnel connection curve preferences: [X25519MLKEM768 CurveID(65074) CurveP256] connIndex=0 event=0 ip=198.41.200.13
2026-08-24T10:42:38Z ERR failed to run the datagram handler error="context canceled" connIndex=0 event=0 ip=198.41.200.13
2026-08-24T10:42:38Z ERR failed to serve tunnel connection error="control stream encountered a failure while serving" connIndex=0 event=0 ip=198.41.200.13
2026-08-24T10:42:38Z ERR Serve tunnel error error="control stream encountered a failure while serving" connIndex=0 event=0 ip=198.41.200.13
2026-08-24T10:42:38Z INF Retrying connection in up to 1m4s connIndex=0 event=0 ip=198.41.200.13
2026-08-24T10:42:54Z INF Tunnel connection curve preferences: [X25519MLKEM768 CurveID(65074) CurveP256] connIndex=0 event=0 ip=198.41.200.13
2026-08-24T10:42:54Z ERR failed to run the datagram handler error="context canceled" connIndex=0 event=0 ip=198.41.200.13
2026-08-24T10:42:54Z ERR failed to serve tunnel connection error="control stream encountered a failure while serving" connIndex=0 event=0 ip=198.41.200.13
2026-08-24T10:42:54Z ERR Serve tunnel error error="control stream encountered a failure while serving" connIndex=0 event=0 ip=198.41.200.13
2026-08-24T10:42:54Z INF Retrying connection in up to 1m4s connIndex=0 event=0 ip=198.41.200.13
2026-08-24T10:43:08Z INF Tunnel connection curve preferences: [X25519MLKEM768 CurveID(65074) CurveP256] connIndex=0 event=0 ip=198.41.200.13
2026-08-24T10:43:08Z ERR failed to run the datagram handler error="context canceled" connIndex=0 event=0 ip=198.41.200.13
2026-08-24T10:43:08Z ERR failed to serve tunnel connection error="control stream encountered a failure while serving" connIndex=0 event=0 ip=198.41.200.13
2026-08-24T10:43:08Z ERR Serve tunnel error error="control stream encountered a failure while serving" connIndex=0 event=0 ip=198.41.200.13
2026-08-24T10:43:08Z INF Retrying connection in up to 1m4s connIndex=0 event=0 ip=198.41.200.13
2026-08-24T10:43:19Z INF Tunnel connection curve preferences: [X25519MLKEM768 CurveID(65074) CurveP256] connIndex=0 event=0 ip=198.41.200.13
2026-08-24T10:43:19Z ERR failed to run the datagram handler error="context canceled" connIndex=0 event=0 ip=198.41.200.13
2026-08-24T10:43:19Z ERR failed to serve tunnel connection error="control stream encountered a failure while serving" connIndex=0 event=0 ip=198.41.200.13
2026-08-24T10:43:19Z ERR Serve tunnel error error="control stream encountered a failure while serving" connIndex=0 event=0 ip=198.41.200.13
2026-08-24T10:43:19Z INF Retrying connection in up to 1m4s connIndex=0 event=0 ip=198.41.200.13
2026-08-24T10:43:22Z INF Tunnel connection curve preferences: [X25519MLKEM768 CurveID(65074) CurveP256] connIndex=0 event=0 ip=198.41.200.13
2026-08-24T10:43:22Z ERR failed to run the datagram handler error="context canceled" connIndex=0 event=0 ip=198.41.200.13
2026-08-24T10:43:22Z ERR failed to serve tunnel connection error="control stream encountered a failure while serving" connIndex=0 event=0 ip=198.41.200.13
2026-08-24T10:43:22Z ERR Serve tunnel error error="control stream encountered a failure while serving" connIndex=0 event=0 ip=198.41.200.13
2026-08-24T10:43:22Z INF Retrying connection in up to 1m4s connIndex=0 event=0 ip=198.41.200.13
2026-08-24T10:43:32Z INF Tunnel connection curve preferences: [X25519MLKEM768 CurveID(65074) CurveP256] connIndex=0 event=0 ip=198.41.200.13
2026-08-24T10:43:33Z ERR failed to run the datagram handler error="context canceled" connIndex=0 event=0 ip=198.41.200.13
2026-08-24T10:43:33Z ERR failed to serve tunnel connection error="control stream encountered a failure while serving" connIndex=0 event=0 ip=198.41.200.13
2026-08-24T10:43:33Z ERR Serve tunnel error error="control stream encountered a failure while serving" connIndex=0 event=0 ip=198.41.200.13
2026-08-24T10:43:33Z INF Retrying connection in up to 1m4s connIndex=0 event=0 ip=198.41.200.13
2026-08-24T10:43:43Z INF Tunnel connection curve preferences: [X25519MLKEM768 CurveID(65074) CurveP256] connIndex=0 event=0 ip=198.41.200.13
2026-08-24T10:43:43Z ERR failed to run the datagram handler error="context canceled" connIndex=0 event=0 ip=198.41.200.13
2026-08-24T10:43:43Z ERR failed to serve tunnel connection error="control stream encountered a failure while serving" connIndex=0 event=0 ip=198.41.200.13
2026-08-24T10:43:43Z ERR Serve tunnel error error="control stream encountered a failure while serving" connIndex=0 event=0 ip=198.41.200.13
2026-08-24T10:43:43Z INF Retrying connection in up to 1m4s connIndex=0 event=0 ip=198.41.200.13
2026-08-24T10:44:08Z INF Tunnel connection curve preferences: [X25519MLKEM768 CurveID(65074) CurveP256] connIndex=0 event=0 ip=198.41.200.13
2026-08-24T10:44:08Z ERR failed to run the datagram handler error="context canceled" connIndex=0 event=0 ip=198.41.200.13
2026-08-24T10:44:08Z ERR failed to serve tunnel connection error="control stream encountered a failure while serving" connIndex=0 event=0 ip=198.41.200.13
2026-08-24T10:44:08Z ERR Serve tunnel error error="control stream encountered a failure while serving" connIndex=0 event=0 ip=198.41.200.13
2026-08-24T10:44:08Z INF Retrying connection in up to 1m4s connIndex=0 event=0 ip=198.41.200.13
2026-08-24T10:44:10Z INF Tunnel connection curve preferences: [X25519MLKEM768 CurveID(65074) CurveP256] connIndex=0 event=0 ip=198.41.200.13
2026-08-24T10:44:10Z ERR failed to run the datagram handler error="context canceled" connIndex=0 event=0 ip=198.41.200.13
2026-08-24T10:44:10Z ERR failed to serve tunnel connection error="control stream encountered a failure while serving" connIndex=0 event=0 ip=198.41.200.13
2026-08-24T10:44:10Z ERR Serve tunnel error error="control stream encountered a failure while serving" connIndex=0 event=0 ip=198.41.200.13
2026-08-24T10:44:10Z INF Retrying connection in up to 1m4s connIndex=0 event=0 ip=198.41.200.13
2026-08-24T10:44:12Z INF Tunnel connection curve preferences: [X25519MLKEM768 CurveID(65074) CurveP256] connIndex=0 event=0 ip=198.41.200.13
2026-08-24T10:44:12Z ERR failed to run the datagram handler error="context canceled" connIndex=0 event=0 ip=198.41.200.13
2026-08-24T10:44:12Z ERR failed to serve tunnel connection error="control stream encountered a failure while serving" connIndex=0 event=0 ip=198.41.200.13
2026-08-24T10:44:12Z ERR Serve tunnel error error="control stream encountered a failure while serving" connIndex=0 event=0 ip=198.41.200.13
2026-08-24T10:44:12Z INF Retrying connection in up to 1m4s connIndex=0 event=0 ip=198.41.200.13
2026-08-24T10:44:39Z INF Tunnel connection curve preferences: [X25519MLKEM768 CurveID(65074) CurveP256] connIndex=0 event=0 ip=198.41.200.13
2026-08-24T10:44:39Z ERR failed to run the datagram handler error="context canceled" connIndex=0 event=0 ip=198.41.200.13
2026-08-24T10:44:39Z ERR failed to serve tunnel connection error="control stream encountered a failure while serving" connIndex=0 event=0 ip=198.41.200.13
2026-08-24T10:44:39Z ERR Serve tunnel error error="control stream encountered a failure while serving" connIndex=0 event=0 ip=198.41.200.13
2026-08-24T10:44:39Z INF Retrying connection in up to 1m4s connIndex=0 event=0 ip=198.41.200.13
2026-08-24T10:44:47Z INF Tunnel connection curve preferences: [X25519MLKEM768 CurveID(65074) CurveP256] connIndex=0 event=0 ip=198.41.200.13
2026-08-24T10:44:47Z ERR failed to run the datagram handler error="context canceled" connIndex=0 event=0 ip=198.41.200.13
2026-08-24T10:44:47Z ERR failed to serve tunnel connection error="control stream encountered a failure while serving" connIndex=0 event=0 ip=198.41.200.13
2026-08-24T10:44:47Z ERR Serve tunnel error error="control stream encountered a failure while serving" connIndex=0 event=0 ip=198.41.200.13
2026-08-24T10:44:47Z INF Retrying connection in up to 1m4s connIndex=0 event=0 ip=198.41.200.13
2026-08-24T10:45:15Z INF Tunnel connection curve preferences: [X25519MLKEM768 CurveID(65074) CurveP256] connIndex=0 event=0 ip=198.41.200.13
2026-08-24T10:45:15Z ERR failed to run the datagram handler error="context canceled" connIndex=0 event=0 ip=198.41.200.13
2026-08-24T10:45:15Z ERR failed to serve tunnel connection error="control stream encountered a failure while serving" connIndex=0 event=0 ip=198.41.200.13
2026-08-24T10:45:15Z ERR Serve tunnel error error="control stream encountered a failure while serving" connIndex=0 event=0 ip=198.41.200.13
2026-08-24T10:45:15Z INF Retrying connection in up to 1m4s connIndex=0 event=0 ip=198.41.200.13
2026-08-24T10:45:34Z INF Tunnel connection curve preferences: [X25519MLKEM768 CurveID(65074) CurveP256] connIndex=0 event=0 ip=198.41.200.13
2026-08-24T10:45:34Z ERR failed to run the datagram handler error="context canceled" connIndex=0 event=0 ip=198.41.200.13
2026-08-24T10:45:34Z ERR failed to serve tunnel connection error="control stream encountered a failure while serving" connIndex=0 event=0 ip=198.41.200.13
2026-08-24T10:45:34Z ERR Serve tunnel error error="control stream encountered a failure while serving" connIndex=0 event=0 ip=198.41.200.13
2026-08-24T10:45:34Z INF Retrying connection in up to 1m4s connIndex=0 event=0 ip=198.41.200.13
2026-08-24T10:45:46Z INF Tunnel connection curve preferences: [X25519MLKEM768 CurveID(65074) CurveP256] connIndex=0 event=0 ip=198.41.200.13
2026-08-24T10:45:46Z ERR failed to run the datagram handler error="context canceled" connIndex=0 event=0 ip=198.41.200.13
2026-08-24T10:45:46Z ERR failed to serve tunnel connection error="control stream encountered a failure while serving" connIndex=0 event=0 ip=198.41.200.13
2026-08-24T10:45:46Z ERR Serve tunnel error error="control stream encountered a failure while serving" connIndex=0 event=0 ip=198.41.200.13
2026-08-24T10:45:46Z INF Retrying connection in up to 1m4s connIndex=0 event=0 ip=198.41.200.13
2026-08-24T10:46:07Z INF Tunnel connection curve preferences: [X25519MLKEM768 CurveID(65074) CurveP256] connIndex=0 event=0 ip=198.41.200.13
2026-08-24T10:46:07Z ERR failed to run the datagram handler error="context canceled" connIndex=0 event=0 ip=198.41.200.13
2026-08-24T10:46:07Z ERR failed to serve tunnel connection error="control stream encountered a failure while serving" connIndex=0 event=0 ip=198.41.200.13
2026-08-24T10:46:07Z ERR Serve tunnel error error="control stream encountered a failure while serving" connIndex=0 event=0 ip=198.41.200.13
2026-08-24T10:46:07Z INF Retrying connection in up to 1m4s connIndex=0 event=0 ip=198.41.200.13
2026-08-24T10:46:21Z INF Tunnel connection curve preferences: [X25519MLKEM768 CurveID(65074) CurveP256] connIndex=0 event=0 ip=198.41.200.13
2026-08-24T10:46:21Z ERR failed to run the datagram handler error="context canceled" connIndex=0 event=0 ip=198.41.200.13
2026-08-24T10:46:21Z ERR failed to serve tunnel connection error="control stream encountered a failure while serving" connIndex=0 event=0 ip=198.41.200.13
2026-08-24T10:46:21Z ERR Serve tunnel error error="control stream encountered a failure while serving" connIndex=0 event=0 ip=198.41.200.13
2026-08-24T10:46:21Z INF Retrying connection in up to 1m4s connIndex=0 event=0 ip=198.41.200.13
2026-08-24T10:46:35Z INF Tunnel connection curve preferences: [X25519MLKEM768 CurveID(65074) CurveP256] connIndex=0 event=0 ip=198.41.200.13
2026-08-24T10:46:36Z ERR failed to run the datagram handler error="context canceled" connIndex=0 event=0 ip=198.41.200.13
2026-08-24T10:46:36Z ERR failed to serve tunnel connection error="control stream encountered a failure while serving" connIndex=0 event=0 ip=198.41.200.13
2026-08-24T10:46:36Z ERR Serve tunnel error error="control stream encountered a failure while serving" connIndex=0 event=0 ip=198.41.200.13
2026-08-24T10:46:36Z INF Retrying connection in up to 1m4s connIndex=0 event=0 ip=198.41.200.13
2026-08-24T10:46:47Z INF Tunnel connection curve preferences: [X25519MLKEM768 CurveID(65074) CurveP256] connIndex=0 event=0 ip=198.41.200.13
2026-08-24T10:46:47Z ERR failed to run the datagram handler error="context canceled" connIndex=0 event=0 ip=198.41.200.13
2026-08-24T10:46:47Z ERR failed to serve tunnel connection error="control stream encountered a failure while serving" connIndex=0 event=0 ip=198.41.200.13
2026-08-24T10:46:47Z ERR Serve tunnel error error="control stream encountered a failure while serving" connIndex=0 event=0 ip=198.41.200.13
2026-08-24T10:46:47Z INF Retrying connection in up to 1m4s connIndex=0 event=0 ip=198.41.200.13
2026-08-24T10:47:06Z INF Tunnel connection curve preferences: [X25519MLKEM768 CurveID(65074) CurveP256] connIndex=0 event=0 ip=198.41.200.13
2026-08-24T10:47:06Z ERR failed to run the datagram handler error="context canceled" connIndex=0 event=0 ip=198.41.200.13
2026-08-24T10:47:06Z ERR failed to serve tunnel connection error="control stream encountered a failure while serving" connIndex=0 event=0 ip=198.41.200.13
2026-08-24T10:47:06Z ERR Serve tunnel error error="control stream encountered a failure while serving" connIndex=0 event=0 ip=198.41.200.13
2026-08-24T10:47:06Z INF Retrying connection in up to 1m4s connIndex=0 event=0 ip=198.41.200.13
2026-08-24T10:47:09Z INF Tunnel connection curve preferences: [X25519MLKEM768 CurveID(65074) CurveP256] connIndex=0 event=0 ip=198.41.200.13
2026-08-24T10:47:09Z ERR failed to run the datagram handler error="context canceled" connIndex=0 event=0 ip=198.41.200.13
2026-08-24T10:47:09Z ERR failed to serve tunnel connection error="control stream encountered a failure while serving" connIndex=0 event=0 ip=198.41.200.13
2026-08-24T10:47:09Z ERR Serve tunnel error error="control stream encountered a failure while serving" connIndex=0 event=0 ip=198.41.200.13
2026-08-24T10:47:09Z INF Retrying connection in up to 1m4s connIndex=0 event=0 ip=198.41.200.13
2026-08-24T10:47:31Z INF Tunnel connection curve preferences: [X25519MLKEM768 CurveID(65074) CurveP256] connIndex=0 event=0 ip=198.41.200.13
2026-08-24T10:47:31Z ERR failed to run the datagram handler error="context canceled" connIndex=0 event=0 ip=198.41.200.13
2026-08-24T10:47:31Z ERR failed to serve tunnel connection error="control stream encountered a failure while serving" connIndex=0 event=0 ip=198.41.200.13
2026-08-24T10:47:31Z ERR Serve tunnel error error="control stream encountered a failure while serving" connIndex=0 event=0 ip=198.41.200.13
2026-08-24T10:47:31Z INF Retrying connection in up to 1m4s connIndex=0 event=0 ip=198.41.200.13
2026-08-24T10:48:01Z INF Tunnel connection curve preferences: [X25519MLKEM768 CurveID(65074) CurveP256] connIndex=0 event=0 ip=198.41.200.13
2026-08-24T10:48:01Z ERR failed to run the datagram handler error="context canceled" connIndex=0 event=0 ip=198.41.200.13
2026-08-24T10:48:01Z ERR failed to serve tunnel connection error="control stream encountered a failure while serving" connIndex=0 event=0 ip=198.41.200.13
2026-08-24T10:48:01Z ERR Serve tunnel error error="control stream encountered a failure while serving" connIndex=0 event=0 ip=198.41.200.13
2026-08-24T10:48:01Z INF Retrying connection in up to 1m4s connIndex=0 event=0 ip=198.41.200.13
2026-08-24T10:48:09Z INF Tunnel connection curve preferences: [X25519MLKEM768 CurveID(65074) CurveP256] connIndex=0 event=0 ip=198.41.200.13
2026-08-24T10:48:09Z ERR failed to run the datagram handler error="context canceled" connIndex=0 event=0 ip=198.41.200.13
2026-08-24T10:48:09Z ERR failed to serve tunnel connection error="control stream encountered a failure while serving" connIndex=0 event=0 ip=198.41.200.13
2026-08-24T10:48:09Z ERR Serve tunnel error error="control stream encountered a failure while serving" connIndex=0 event=0 ip=198.41.200.13
2026-08-24T10:48:09Z INF Retrying connection in up to 1m4s connIndex=0 event=0 ip=198.41.200.13
2026-08-24T10:48:21Z INF Tunnel connection curve preferences: [X25519MLKEM768 CurveID(65074) CurveP256] connIndex=0 event=0 ip=198.41.200.13
2026-08-24T10:48:22Z ERR failed to run the datagram handler error="context canceled" connIndex=0 event=0 ip=198.41.200.13
2026-08-24T10:48:22Z ERR failed to serve tunnel connection error="control stream encountered a failure while serving" connIndex=0 event=0 ip=198.41.200.13
2026-08-24T10:48:22Z ERR Serve tunnel error error="control stream encountered a failure while serving" connIndex=0 event=0 ip=198.41.200.13
2026-08-24T10:48:22Z INF Retrying connection in up to 1m4s connIndex=0 event=0 ip=198.41.200.13
2026-08-24T10:48:44Z INF Tunnel connection curve preferences: [X25519MLKEM768 CurveID(65074) CurveP256] connIndex=0 event=0 ip=198.41.200.13
2026-08-24T10:48:45Z ERR failed to run the datagram handler error="context canceled" connIndex=0 event=0 ip=198.41.200.13
2026-08-24T10:48:45Z ERR failed to serve tunnel connection error="control stream encountered a failure while serving" connIndex=0 event=0 ip=198.41.200.13
2026-08-24T10:48:45Z ERR Serve tunnel error error="control stream encountered a failure while serving" connIndex=0 event=0 ip=198.41.200.13
2026-08-24T10:48:45Z INF Retrying connection in up to 1m4s connIndex=0 event=0 ip=198.41.200.13
2026-08-24T10:49:10Z INF Tunnel connection curve preferences: [X25519MLKEM768 CurveID(65074) CurveP256] connIndex=0 event=0 ip=198.41.200.13
2026-08-24T10:49:10Z ERR failed to run the datagram handler error="context canceled" connIndex=0 event=0 ip=198.41.200.13
2026-08-24T10:49:10Z ERR failed to serve tunnel connection error="control stream encountered a failure while serving" connIndex=0 event=0 ip=198.41.200.13
2026-08-24T10:49:10Z ERR Serve tunnel error error="control stream encountered a failure while serving" connIndex=0 event=0 ip=198.41.200.13
2026-08-24T10:49:10Z INF Retrying connection in up to 1m4s connIndex=0 event=0 ip=198.41.200.13
2026-08-24T10:49:40Z INF Tunnel connection curve preferences: [X25519MLKEM768 CurveID(65074) CurveP256] connIndex=0 event=0 ip=198.41.200.13
2026-08-24T10:49:40Z ERR failed to run the datagram handler error="context canceled" connIndex=0 event=0 ip=198.41.200.13
2026-08-24T10:49:40Z ERR failed to serve tunnel connection error="control stream encountered a failure while serving" connIndex=0 event=0 ip=198.41.200.13
2026-08-24T10:49:40Z ERR Serve tunnel error error="control stream encountered a failure while serving" connIndex=0 event=0 ip=198.41.200.13
2026-08-24T10:49:40Z INF Retrying connection in up to 1m4s connIndex=0 event=0 ip=198.41.200.13
2026-08-24T10:49:40Z INF Tunnel connection curve preferences: [X25519MLKEM768 CurveID(65074) CurveP256] connIndex=0 event=0 ip=198.41.200.13
2026-08-24T10:49:40Z ERR failed to run the datagram handler error="context canceled" connIndex=0 event=0 ip=198.41.200.13
2026-08-24T10:49:40Z ERR failed to serve tunnel connection error="control stream encountered a failure while serving" connIndex=0 event=0 ip=198.41.200.13
2026-08-24T10:49:40Z ERR Serve tunnel error error="control stream encountered a failure while serving" connIndex=0 event=0 ip=198.41.200.13
2026-08-24T10:49:40Z INF Retrying connection in up to 1m4s connIndex=0 event=0 ip=198.41.200.13
2026-08-24T10:49:59Z INF Tunnel connection curve preferences: [X25519MLKEM768 CurveID(65074) CurveP256] connIndex=0 event=0 ip=198.41.200.13
2026-08-24T10:49:59Z ERR failed to run the datagram handler error="context canceled" connIndex=0 event=0 ip=198.41.200.13
2026-08-24T10:49:59Z ERR failed to serve tunnel connection error="control stream encountered a failure while serving" connIndex=0 event=0 ip=198.41.200.13
2026-08-24T10:49:59Z ERR Serve tunnel error error="control stream encountered a failure while serving" connIndex=0 event=0 ip=198.41.200.13
2026-08-24T10:49:59Z INF Retrying connection in up to 1m4s connIndex=0 event=0 ip=198.41.200.13
2026-08-24T10:50:14Z INF Tunnel connection curve preferences: [X25519MLKEM768 CurveID(65074) CurveP256] connIndex=0 event=0 ip=198.41.200.13
2026-08-24T10:50:14Z ERR failed to run the datagram handler error="context canceled" connIndex=0 event=0 ip=198.41.200.13
2026-08-24T10:50:14Z ERR failed to serve tunnel connection error="control stream encountered a failure while serving" connIndex=0 event=0 ip=198.41.200.13
2026-08-24T10:50:14Z ERR Serve tunnel error error="control stream encountered a failure while serving" connIndex=0 event=0 ip=198.41.200.13
2026-08-24T10:50:14Z INF Retrying connection in up to 1m4s connIndex=0 event=0 ip=198.41.200.13
2026-08-24T10:50:21Z INF Tunnel connection curve preferences: [X25519MLKEM768 CurveID(65074) CurveP256] connIndex=0 event=0 ip=198.41.200.13
2026-08-24T10:50:21Z ERR failed to run the datagram handler error="context canceled" connIndex=0 event=0 ip=198.41.200.13
2026-08-24T10:50:21Z ERR failed to serve tunnel connection error="control stream encountered a failure while serving" connIndex=0 event=0 ip=198.41.200.13
2026-08-24T10:50:21Z ERR Serve tunnel error error="control stream encountered a failure while serving" connIndex=0 event=0 ip=198.41.200.13
2026-08-24T10:50:21Z INF Retrying connection in up to 1m4s connIndex=0 event=0 ip=198.41.200.13
2026-08-24T10:50:37Z INF Tunnel connection curve preferences: [X25519MLKEM768 CurveID(65074) CurveP256] connIndex=0 event=0 ip=198.41.200.13
2026-08-24T10:50:37Z ERR failed to run the datagram handler error="context canceled" connIndex=0 event=0 ip=198.41.200.13
2026-08-24T10:50:37Z ERR failed to serve tunnel connection error="control stream encountered a failure while serving" connIndex=0 event=0 ip=198.41.200.13
2026-08-24T10:50:37Z ERR Serve tunnel error error="control stream encountered a failure while serving" connIndex=0 event=0 ip=198.41.200.13
2026-08-24T10:50:37Z INF Retrying connection in up to 1m4s connIndex=0 event=0 ip=198.41.200.13
2026-08-24T10:50:58Z INF Tunnel connection curve preferences: [X25519MLKEM768 CurveID(65074) CurveP256] connIndex=0 event=0 ip=198.41.200.13
2026-08-24T10:50:58Z ERR failed to run the datagram handler error="context canceled" connIndex=0 event=0 ip=198.41.200.13
2026-08-24T10:50:58Z ERR failed to serve tunnel connection error="control stream encountered a failure while serving" connIndex=0 event=0 ip=198.41.200.13
2026-08-24T10:50:58Z ERR Serve tunnel error error="control stream encountered a failure while serving" connIndex=0 event=0 ip=198.41.200.13
2026-08-24T10:50:58Z INF Retrying connection in up to 1m4s connIndex=0 event=0 ip=198.41.200.13
2026-08-24T10:51:23Z INF Tunnel connection curve preferences: [X25519MLKEM768 CurveID(65074) CurveP256] connIndex=0 event=0 ip=198.41.200.13
2026-08-24T10:51:23Z ERR failed to run the datagram handler error="context canceled" connIndex=0 event=0 ip=198.41.200.13
2026-08-24T10:51:23Z ERR failed to serve tunnel connection error="control stream encountered a failure while serving" connIndex=0 event=0 ip=198.41.200.13
2026-08-24T10:51:23Z ERR Serve tunnel error error="control stream encountered a failure while serving" connIndex=0 event=0 ip=198.41.200.13
2026-08-24T10:51:23Z INF Retrying connection in up to 1m4s connIndex=0 event=0 ip=198.41.200.13
2026-08-24T10:51:44Z INF Tunnel connection curve preferences: [X25519MLKEM768 CurveID(65074) CurveP256] connIndex=0 event=0 ip=198.41.200.13
2026-08-24T10:51:44Z ERR failed to run the datagram handler error="context canceled" connIndex=0 event=0 ip=198.41.200.13
2026-08-24T10:51:44Z ERR failed to serve tunnel connection error="control stream encountered a failure while serving" connIndex=0 event=0 ip=198.41.200.13
2026-08-24T10:51:44Z ERR Serve tunnel error error="control stream encountered a failure while serving" connIndex=0 event=0 ip=198.41.200.13
2026-08-24T10:51:44Z INF Retrying connection in up to 1m4s connIndex=0 event=0 ip=198.41.200.13
2026-08-24T10:51:46Z INF Tunnel connection curve preferences: [X25519MLKEM768 CurveID(65074) CurveP256] connIndex=0 event=0 ip=198.41.200.13
2026-08-24T10:51:46Z ERR failed to run the datagram handler error="context canceled" connIndex=0 event=0 ip=198.41.200.13
2026-08-24T10:51:46Z ERR failed to serve tunnel connection error="control stream encountered a failure while serving" connIndex=0 event=0 ip=198.41.200.13
2026-08-24T10:51:46Z ERR Serve tunnel error error="control stream encountered a failure while serving" connIndex=0 event=0 ip=198.41.200.13
2026-08-24T10:51:46Z INF Retrying connection in up to 1m4s connIndex=0 event=0 ip=198.41.200.13
2026-08-24T10:51:48Z INF Tunnel connection curve preferences: [X25519MLKEM768 CurveID(65074) CurveP256] connIndex=0 event=0 ip=198.41.200.13
2026-08-24T10:51:48Z ERR failed to run the datagram handler error="context canceled" connIndex=0 event=0 ip=198.41.200.13
2026-08-24T10:51:48Z ERR failed to serve tunnel connection error="control stream encountered a failure while serving" connIndex=0 event=0 ip=198.41.200.13
2026-08-24T10:51:48Z ERR Serve tunnel error error="control stream encountered a failure while serving" connIndex=0 event=0 ip=198.41.200.13
2026-08-24T10:51:48Z INF Retrying connection in up to 1m4s connIndex=0 event=0 ip=198.41.200.13
2026-08-24T10:52:09Z INF Tunnel connection curve preferences: [X25519MLKEM768 CurveID(65074) CurveP256] connIndex=0 event=0 ip=198.41.200.13
2026-08-24T10:52:10Z ERR failed to run the datagram handler error="context canceled" connIndex=0 event=0 ip=198.41.200.13
2026-08-24T10:52:10Z ERR failed to serve tunnel connection error="control stream encountered a failure while serving" connIndex=0 event=0 ip=198.41.200.13
2026-08-24T10:52:10Z ERR Serve tunnel error error="control stream encountered a failure while serving" connIndex=0 event=0 ip=198.41.200.13
2026-08-24T10:52:10Z INF Retrying connection in up to 1m4s connIndex=0 event=0 ip=198.41.200.13
2026-08-24T10:52:17Z INF Tunnel connection curve preferences: [X25519MLKEM768 CurveID(65074) CurveP256] connIndex=0 event=0 ip=198.41.200.13
2026-08-24T10:52:17Z ERR failed to run the datagram handler error="context canceled" connIndex=0 event=0 ip=198.41.200.13
2026-08-24T10:52:17Z ERR failed to serve tunnel connection error="control stream encountered a failure while serving" connIndex=0 event=0 ip=198.41.200.13
2026-08-24T10:52:17Z ERR Serve tunnel error error="control stream encountered a failure while serving" connIndex=0 event=0 ip=198.41.200.13
2026-08-24T10:52:17Z INF Retrying connection in up to 1m4s connIndex=0 event=0 ip=198.41.200.13
2026-08-24T10:52:45Z INF Tunnel connection curve preferences: [X25519MLKEM768 CurveID(65074) CurveP256] connIndex=0 event=0 ip=198.41.200.13
2026-08-24T10:52:46Z ERR failed to run the datagram handler error="context canceled" connIndex=0 event=0 ip=198.41.200.13
2026-08-24T10:52:46Z ERR failed to serve tunnel connection error="control stream encountered a failure while serving" connIndex=0 event=0 ip=198.41.200.13
2026-08-24T10:52:46Z ERR Serve tunnel error error="control stream encountered a failure while serving" connIndex=0 event=0 ip=198.41.200.13
2026-08-24T10:52:46Z INF Retrying connection in up to 1m4s connIndex=0 event=0 ip=198.41.200.13
2026-08-24T10:53:03Z INF Tunnel connection curve preferences: [X25519MLKEM768 CurveID(65074) CurveP256] connIndex=0 event=0 ip=198.41.200.13
2026-08-24T10:53:03Z ERR failed to run the datagram handler error="context canceled" connIndex=0 event=0 ip=198.41.200.13
2026-08-24T10:53:03Z ERR failed to serve tunnel connection error="control stream encountered a failure while serving" connIndex=0 event=0 ip=198.41.200.13
2026-08-24T10:53:03Z ERR Serve tunnel error error="control stream encountered a failure while serving" connIndex=0 event=0 ip=198.41.200.13
2026-08-24T10:53:03Z INF Retrying connection in up to 1m4s connIndex=0 event=0 ip=198.41.200.13
2026-08-24T10:53:18Z INF Tunnel connection curve preferences: [X25519MLKEM768 CurveID(65074) CurveP256] connIndex=0 event=0 ip=198.41.200.13
2026-08-24T10:53:18Z ERR failed to run the datagram handler error="context canceled" connIndex=0 event=0 ip=198.41.200.13
2026-08-24T10:53:18Z ERR failed to serve tunnel connection error="control stream encountered a failure while serving" connIndex=0 event=0 ip=198.41.200.13
2026-08-24T10:53:18Z ERR Serve tunnel error error="control stream encountered a failure while serving" connIndex=0 event=0 ip=198.41.200.13
2026-08-24T10:53:18Z INF Retrying connection in up to 1m4s connIndex=0 event=0 ip=198.41.200.13
2026-08-24T10:53:25Z INF Tunnel connection curve preferences: [X25519MLKEM768 CurveID(65074) CurveP256] connIndex=0 event=0 ip=198.41.200.13
2026-08-24T10:53:25Z ERR failed to run the datagram handler error="context canceled" connIndex=0 event=0 ip=198.41.200.13
2026-08-24T10:53:25Z ERR failed to serve tunnel connection error="control stream encountered a failure while serving" connIndex=0 event=0 ip=198.41.200.13
2026-08-24T10:53:25Z ERR Serve tunnel error error="control stream encountered a failure while serving" connIndex=0 event=0 ip=198.41.200.13
2026-08-24T10:53:25Z INF Retrying connection in up to 1m4s connIndex=0 event=0 ip=198.41.200.13
2026-08-24T10:53:55Z INF Tunnel connection curve preferences: [X25519MLKEM768 CurveID(65074) CurveP256] connIndex=0 event=0 ip=198.41.200.13
2026-08-24T10:53:55Z ERR failed to run the datagram handler error="context canceled" connIndex=0 event=0 ip=198.41.200.13
2026-08-24T10:53:55Z ERR failed to serve tunnel connection error="control stream encountered a failure while serving" connIndex=0 event=0 ip=198.41.200.13
2026-08-24T10:53:55Z ERR Serve tunnel error error="control stream encountered a failure while serving" connIndex=0 event=0 ip=198.41.200.13
2026-08-24T10:53:55Z INF Retrying connection in up to 1m4s connIndex=0 event=0 ip=198.41.200.13
2026-08-24T10:53:56Z INF Tunnel connection curve preferences: [X25519MLKEM768 CurveID(65074) CurveP256] connIndex=0 event=0 ip=198.41.200.13
2026-08-24T10:53:56Z ERR failed to run the datagram handler error="context canceled" connIndex=0 event=0 ip=198.41.200.13
2026-08-24T10:53:56Z ERR failed to serve tunnel connection error="control stream encountered a failure while serving" connIndex=0 event=0 ip=198.41.200.13
2026-08-24T10:53:56Z ERR Serve tunnel error error="control stream encountered a failure while serving" connIndex=0 event=0 ip=198.41.200.13
2026-08-24T10:53:56Z INF Retrying connection in up to 1m4s connIndex=0 event=0 ip=198.41.200.13
2026-08-24T10:54:18Z INF Tunnel connection curve preferences: [X25519MLKEM768 CurveID(65074) CurveP256] connIndex=0 event=0 ip=198.41.200.13
2026-08-24T10:54:18Z ERR failed to run the datagram handler error="context canceled" connIndex=0 event=0 ip=198.41.200.13
2026-08-24T10:54:18Z ERR failed to serve tunnel connection error="control stream encountered a failure while serving" connIndex=0 event=0 ip=198.41.200.13
2026-08-24T10:54:18Z ERR Serve tunnel error error="control stream encountered a failure while serving" connIndex=0 event=0 ip=198.41.200.13
2026-08-24T10:54:18Z INF Retrying connection in up to 1m4s connIndex=0 event=0 ip=198.41.200.13
2026-08-24T10:54:38Z INF Tunnel connection curve preferences: [X25519MLKEM768 CurveID(65074) CurveP256] connIndex=0 event=0 ip=198.41.200.13
2026-08-24T10:54:38Z ERR failed to run the datagram handler error="context canceled" connIndex=0 event=0 ip=198.41.200.13
2026-08-24T10:54:38Z ERR failed to serve tunnel connection error="control stream encountered a failure while serving" connIndex=0 event=0 ip=198.41.200.13
2026-08-24T10:54:38Z ERR Serve tunnel error error="control stream encountered a failure while serving" connIndex=0 event=0 ip=198.41.200.13
2026-08-24T10:54:38Z INF Retrying connection in up to 1m4s connIndex=0 event=0 ip=198.41.200.13
2026-08-24T10:54:44Z INF Tunnel connection curve preferences: [X25519MLKEM768 CurveID(65074) CurveP256] connIndex=0 event=0 ip=198.41.200.13
2026-08-24T10:54:44Z ERR failed to run the datagram handler error="context canceled" connIndex=0 event=0 ip=198.41.200.13
2026-08-24T10:54:44Z ERR failed to serve tunnel connection error="control stream encountered a failure while serving" connIndex=0 event=0 ip=198.41.200.13
2026-08-24T10:54:44Z ERR Serve tunnel error error="control stream encountered a failure while serving" connIndex=0 event=0 ip=198.41.200.13
2026-08-24T10:54:44Z INF Retrying connection in up to 1m4s connIndex=0 event=0 ip=198.41.200.13
2026-08-24T10:55:04Z INF Tunnel connection curve preferences: [X25519MLKEM768 CurveID(65074) CurveP256] connIndex=0 event=0 ip=198.41.200.13
2026-08-24T10:55:05Z ERR failed to run the datagram handler error="context canceled" connIndex=0 event=0 ip=198.41.200.13
2026-08-24T10:55:05Z ERR failed to serve tunnel connection error="control stream encountered a failure while serving" connIndex=0 event=0 ip=198.41.200.13
2026-08-24T10:55:05Z ERR Serve tunnel error error="control stream encountered a failure while serving" connIndex=0 event=0 ip=198.41.200.13
2026-08-24T10:55:05Z INF Retrying connection in up to 1m4s connIndex=0 event=0 ip=198.41.200.13
2026-08-24T10:55:33Z INF Tunnel connection curve preferences: [X25519MLKEM768 CurveID(65074) CurveP256] connIndex=0 event=0 ip=198.41.200.13
2026-08-24T10:55:33Z ERR failed to run the datagram handler error="context canceled" connIndex=0 event=0 ip=198.41.200.13
2026-08-24T10:55:33Z ERR failed to serve tunnel connection error="control stream encountered a failure while serving" connIndex=0 event=0 ip=198.41.200.13
2026-08-24T10:55:33Z ERR Serve tunnel error error="control stream encountered a failure while serving" connIndex=0 event=0 ip=198.41.200.13
2026-08-24T10:55:33Z INF Retrying connection in up to 1m4s connIndex=0 event=0 ip=198.41.200.13
2026-08-24T10:55:57Z INF Tunnel connection curve preferences: [X25519MLKEM768 CurveID(65074) CurveP256] connIndex=0 event=0 ip=198.41.200.13
2026-08-24T10:55:57Z ERR failed to run the datagram handler error="context canceled" connIndex=0 event=0 ip=198.41.200.13
2026-08-24T10:55:57Z ERR failed to serve tunnel connection error="control stream encountered a failure while serving" connIndex=0 event=0 ip=198.41.200.13
2026-08-24T10:55:57Z ERR Serve tunnel error error="control stream encountered a failure while serving" connIndex=0 event=0 ip=198.41.200.13
2026-08-24T10:55:57Z INF Retrying connection in up to 1m4s connIndex=0 event=0 ip=198.41.200.13
2026-08-24T10:56:18Z INF Tunnel connection curve preferences: [X25519MLKEM768 CurveID(65074) CurveP256] connIndex=0 event=0 ip=198.41.200.13
2026-08-24T10:56:18Z ERR failed to run the datagram handler error="context canceled" connIndex=0 event=0 ip=198.41.200.13
2026-08-24T10:56:18Z ERR failed to serve tunnel connection error="control stream encountered a failure while serving" connIndex=0 event=0 ip=198.41.200.13
2026-08-24T10:56:18Z ERR Serve tunnel error error="control stream encountered a failure while serving" connIndex=0 event=0 ip=198.41.200.13
2026-08-24T10:56:18Z INF Retrying connection in up to 1m4s connIndex=0 event=0 ip=198.41.200.13
2026-08-24T10:56:19Z INF Tunnel connection curve preferences: [X25519MLKEM768 CurveID(65074) CurveP256] connIndex=0 event=0 ip=198.41.200.13
2026-08-24T10:56:19Z ERR failed to run the datagram handler error="context canceled" connIndex=0 event=0 ip=198.41.200.13
2026-08-24T10:56:19Z ERR failed to serve tunnel connection error="control stream encountered a failure while serving" connIndex=0 event=0 ip=198.41.200.13
2026-08-24T10:56:19Z ERR Serve tunnel error error="control stream encountered a failure while serving" connIndex=0 event=0 ip=198.41.200.13
2026-08-24T10:56:19Z INF Retrying connection in up to 1m4s connIndex=0 event=0 ip=198.41.200.13
2026-08-24T10:56:20Z INF Tunnel connection curve preferences: [X25519MLKEM768 CurveID(65074) CurveP256] connIndex=0 event=0 ip=198.41.200.13
2026-08-24T10:56:20Z ERR failed to run the datagram handler error="context canceled" connIndex=0 event=0 ip=198.41.200.13
2026-08-24T10:56:20Z ERR failed to serve tunnel connection error="control stream encountered a failure while serving" connIndex=0 event=0 ip=198.41.200.13
2026-08-24T10:56:20Z ERR Serve tunnel error error="control stream encountered a failure while serving" connIndex=0 event=0 ip=198.41.200.13
2026-08-24T10:56:20Z INF Retrying connection in up to 1m4s connIndex=0 event=0 ip=198.41.200.13
2026-08-24T10:56:47Z INF Tunnel connection curve preferences: [X25519MLKEM768 CurveID(65074) CurveP256] connIndex=0 event=0 ip=198.41.200.13
2026-08-24T10:56:47Z ERR failed to run the datagram handler error="context canceled" connIndex=0 event=0 ip=198.41.200.13
2026-08-24T10:56:47Z ERR failed to serve tunnel connection error="control stream encountered a failure while serving" connIndex=0 event=0 ip=198.41.200.13
2026-08-24T10:56:47Z ERR Serve tunnel error error="control stream encountered a failure while serving" connIndex=0 event=0 ip=198.41.200.13
2026-08-24T10:56:47Z INF Retrying connection in up to 1m4s connIndex=0 event=0 ip=198.41.200.13
2026-08-24T10:57:16Z INF Tunnel connection curve preferences: [X25519MLKEM768 CurveID(65074) CurveP256] connIndex=0 event=0 ip=198.41.200.13
2026-08-24T10:57:16Z ERR failed to run the datagram handler error="context canceled" connIndex=0 event=0 ip=198.41.200.13
2026-08-24T10:57:16Z ERR failed to serve tunnel connection error="control stream encountered a failure while serving" connIndex=0 event=0 ip=198.41.200.13
2026-08-24T10:57:16Z ERR Serve tunnel error error="control stream encountered a failure while serving" connIndex=0 event=0 ip=198.41.200.13
2026-08-24T10:57:16Z INF Retrying connection in up to 1m4s connIndex=0 event=0 ip=198.41.200.13
2026-08-24T10:57:26Z INF Tunnel connection curve preferences: [X25519MLKEM768 CurveID(65074) CurveP256] connIndex=0 event=0 ip=198.41.200.13
2026-08-24T10:57:26Z ERR failed to run the datagram handler error="context canceled" connIndex=0 event=0 ip=198.41.200.13
2026-08-24T10:57:26Z ERR failed to serve tunnel connection error="control stream encountered a failure while serving" connIndex=0 event=0 ip=198.41.200.13
2026-08-24T10:57:26Z ERR Serve tunnel error error="control stream encountered a failure while serving" connIndex=0 event=0 ip=198.41.200.13
2026-08-24T10:57:26Z INF Retrying connection in up to 1m4s connIndex=0 event=0 ip=198.41.200.13
2026-08-24T10:57:35Z INF Tunnel connection curve preferences: [X25519MLKEM768 CurveID(65074) CurveP256] connIndex=0 event=0 ip=198.41.200.13
2026-08-24T10:57:35Z ERR failed to run the datagram handler error="context canceled" connIndex=0 event=0 ip=198.41.200.13
2026-08-24T10:57:35Z ERR failed to serve tunnel connection error="control stream encountered a failure while serving" connIndex=0 event=0 ip=198.41.200.13
2026-08-24T10:57:35Z ERR Serve tunnel error error="control stream encountered a failure while serving" connIndex=0 event=0 ip=198.41.200.13
2026-08-24T10:57:35Z INF Retrying connection in up to 1m4s connIndex=0 event=0 ip=198.41.200.13
2026-08-24T10:58:01Z INF Tunnel connection curve preferences: [X25519MLKEM768 CurveID(65074) CurveP256] connIndex=0 event=0 ip=198.41.200.13
2026-08-24T10:58:02Z ERR failed to run the datagram handler error="context canceled" connIndex=0 event=0 ip=198.41.200.13
2026-08-24T10:58:02Z ERR failed to serve tunnel connection error="control stream encountered a failure while serving" connIndex=0 event=0 ip=198.41.200.13
2026-08-24T10:58:02Z ERR Serve tunnel error error="control stream encountered a failure while serving" connIndex=0 event=0 ip=198.41.200.13
2026-08-24T10:58:02Z INF Retrying connection in up to 1m4s connIndex=0 event=0 ip=198.41.200.13
2026-08-24T10:58:29Z INF Tunnel connection curve preferences: [X25519MLKEM768 CurveID(65074) CurveP256] connIndex=0 event=0 ip=198.41.200.13
2026-08-24T10:58:29Z ERR failed to run the datagram handler error="context canceled" connIndex=0 event=0 ip=198.41.200.13
2026-08-24T10:58:29Z ERR failed to serve tunnel connection error="control stream encountered a failure while serving" connIndex=0 event=0 ip=198.41.200.13
2026-08-24T10:58:29Z ERR Serve tunnel error error="control stream encountered a failure while serving" connIndex=0 event=0 ip=198.41.200.13
2026-08-24T10:58:29Z INF Retrying connection in up to 1m4s connIndex=0 event=0 ip=198.41.200.13
2026-08-24T10:58:45Z INF Tunnel connection curve preferences: [X25519MLKEM768 CurveID(65074) CurveP256] connIndex=0 event=0 ip=198.41.200.13
2026-08-24T10:58:46Z ERR failed to run the datagram handler error="context canceled" connIndex=0 event=0 ip=198.41.200.13
2026-08-24T10:58:46Z ERR failed to serve tunnel connection error="control stream encountered a failure while serving" connIndex=0 event=0 ip=198.41.200.13
2026-08-24T10:58:46Z ERR Serve tunnel error error="control stream encountered a failure while serving" connIndex=0 event=0 ip=198.41.200.13
2026-08-24T10:58:46Z INF Retrying connection in up to 1m4s connIndex=0 event=0 ip=198.41.200.13
2026-08-24T10:58:53Z INF Tunnel connection curve preferences: [X25519MLKEM768 CurveID(65074) CurveP256] connIndex=0 event=0 ip=198.41.200.13
2026-08-24T10:58:54Z ERR failed to run the datagram handler error="context canceled" connIndex=0 event=0 ip=198.41.200.13
2026-08-24T10:58:54Z ERR failed to serve tunnel connection error="control stream encountered a failure while serving" connIndex=0 event=0 ip=198.41.200.13
2026-08-24T10:58:54Z ERR Serve tunnel error error="control stream encountered a failure while serving" connIndex=0 event=0 ip=198.41.200.13
2026-08-24T10:58:54Z INF Retrying connection in up to 1m4s connIndex=0 event=0 ip=198.41.200.13
2026-08-24T10:58:56Z INF Tunnel connection curve preferences: [X25519MLKEM768 CurveID(65074) CurveP256] connIndex=0 event=0 ip=198.41.200.13
2026-08-24T10:58:56Z ERR failed to run the datagram handler error="context canceled" connIndex=0 event=0 ip=198.41.200.13
2026-08-24T10:58:56Z ERR failed to serve tunnel connection error="control stream encountered a failure while serving" connIndex=0 event=0 ip=198.41.200.13
2026-08-24T10:58:56Z ERR Serve tunnel error error="control stream encountered a failure while serving" connIndex=0 event=0 ip=198.41.200.13
2026-08-24T10:58:56Z INF Retrying connection in up to 1m4s connIndex=0 event=0 ip=198.41.200.13
2026-08-24T10:59:16Z INF Tunnel connection curve preferences: [X25519MLKEM768 CurveID(65074) CurveP256] connIndex=0 event=0 ip=198.41.200.13
2026-08-24T10:59:17Z ERR failed to run the datagram handler error="context canceled" connIndex=0 event=0 ip=198.41.200.13
2026-08-24T10:59:17Z ERR failed to serve tunnel connection error="control stream encountered a failure while serving" connIndex=0 event=0 ip=198.41.200.13
2026-08-24T10:59:17Z ERR Serve tunnel error error="control stream encountered a failure while serving" connIndex=0 event=0 ip=198.41.200.13
2026-08-24T10:59:17Z INF Retrying connection in up to 1m4s connIndex=0 event=0 ip=198.41.200.13
2026-08-24T10:59:18Z INF Tunnel connection curve preferences: [X25519MLKEM768 CurveID(65074) CurveP256] connIndex=0 event=0 ip=198.41.200.13
2026-08-24T10:59:18Z ERR failed to run the datagram handler error="context canceled" connIndex=0 event=0 ip=198.41.200.13
2026-08-24T10:59:18Z ERR failed to serve tunnel connection error="control stream encountered a failure while serving" connIndex=0 event=0 ip=198.41.200.13
2026-08-24T10:59:18Z ERR Serve tunnel error error="control stream encountered a failure while serving" connIndex=0 event=0 ip=198.41.200.13
2026-08-24T10:59:18Z INF Retrying connection in up to 1m4s connIndex=0 event=0 ip=198.41.200.13
2026-08-24T10:59:19Z INF Tunnel connection curve preferences: [X25519MLKEM768 CurveID(65074) CurveP256] connIndex=0 event=0 ip=198.41.200.13
2026-08-24T10:59:19Z ERR failed to run the datagram handler error="context canceled" connIndex=0 event=0 ip=198.41.200.13
2026-08-24T10:59:19Z ERR failed to serve tunnel connection error="control stream encountered a failure while serving" connIndex=0 event=0 ip=198.41.200.13
2026-08-24T10:59:19Z ERR Serve tunnel error error="control stream encountered a failure while serving" connIndex=0 event=0 ip=198.41.200.13
2026-08-24T10:59:19Z INF Retrying connection in up to 1m4s connIndex=0 event=0 ip=198.41.200.13
2026-08-24T10:59:24Z INF Tunnel connection curve preferences: [X25519MLKEM768 CurveID(65074) CurveP256] connIndex=0 event=0 ip=198.41.200.13
2026-08-24T10:59:24Z ERR failed to run the datagram handler error="context canceled" connIndex=0 event=0 ip=198.41.200.13
2026-08-24T10:59:24Z ERR failed to serve tunnel connection error="control stream encountered a failure while serving" connIndex=0 event=0 ip=198.41.200.13
2026-08-24T10:59:24Z ERR Serve tunnel error error="control stream encountered a failure while serving" connIndex=0 event=0 ip=198.41.200.13
2026-08-24T10:59:24Z INF Retrying connection in up to 1m4s connIndex=0 event=0 ip=198.41.200.13
2026-08-24T10:59:27Z INF Tunnel connection curve preferences: [X25519MLKEM768 CurveID(65074) CurveP256] connIndex=0 event=0 ip=198.41.200.13
2026-08-24T10:59:27Z ERR failed to run the datagram handler error="context canceled" connIndex=0 event=0 ip=198.41.200.13
2026-08-24T10:59:27Z ERR failed to serve tunnel connection error="control stream encountered a failure while serving" connIndex=0 event=0 ip=198.41.200.13
2026-08-24T10:59:27Z ERR Serve tunnel error error="control stream encountered a failure while serving" connIndex=0 event=0 ip=198.41.200.13
2026-08-24T10:59:27Z INF Retrying connection in up to 1m4s connIndex=0 event=0 ip=198.41.200.13
2026-08-24T10:59:38Z INF Tunnel connection curve preferences: [X25519MLKEM768 CurveID(65074) CurveP256] connIndex=0 event=0 ip=198.41.200.13
2026-08-24T10:59:38Z ERR failed to run the datagram handler error="context canceled" connIndex=0 event=0 ip=198.41.200.13
2026-08-24T10:59:38Z ERR failed to serve tunnel connection error="control stream encountered a failure while serving" connIndex=0 event=0 ip=198.41.200.13
2026-08-24T10:59:38Z ERR Serve tunnel error error="control stream encountered a failure while serving" connIndex=0 event=0 ip=198.41.200.13
2026-08-24T10:59:38Z INF Retrying connection in up to 1m4s connIndex=0 event=0 ip=198.41.200.13
2026-08-24T11:00:04Z INF Tunnel connection curve preferences: [X25519MLKEM768 CurveID(65074) CurveP256] connIndex=0 event=0 ip=198.41.200.13
2026-08-24T11:00:04Z ERR failed to run the datagram handler error="context canceled" connIndex=0 event=0 ip=198.41.200.13
2026-08-24T11:00:04Z ERR failed to serve tunnel connection error="control stream encountered a failure while serving" connIndex=0 event=0 ip=198.41.200.13
2026-08-24T11:00:04Z ERR Serve tunnel error error="control stream encountered a failure while serving" connIndex=0 event=0 ip=198.41.200.13
2026-08-24T11:00:04Z INF Retrying connection in up to 1m4s connIndex=0 event=0 ip=198.41.200.13
2026-08-24T11:00:25Z INF Tunnel connection curve preferences: [X25519MLKEM768 CurveID(65074) CurveP256] connIndex=0 event=0 ip=198.41.200.13
2026-08-24T11:00:26Z ERR failed to run the datagram handler error="context canceled" connIndex=0 event=0 ip=198.41.200.13
2026-08-24T11:00:26Z ERR failed to serve tunnel connection error="control stream encountered a failure while serving" connIndex=0 event=0 ip=198.41.200.13
2026-08-24T11:00:26Z ERR Serve tunnel error error="control stream encountered a failure while serving" connIndex=0 event=0 ip=198.41.200.13
2026-08-24T11:00:26Z INF Retrying connection in up to 1m4s connIndex=0 event=0 ip=198.41.200.13
2026-08-24T11:00:26Z INF Tunnel connection curve preferences: [X25519MLKEM768 CurveID(65074) CurveP256] connIndex=0 event=0 ip=198.41.200.13
2026-08-24T11:00:26Z ERR failed to run the datagram handler error="context canceled" connIndex=0 event=0 ip=198.41.200.13
2026-08-24T11:00:26Z ERR failed to serve tunnel connection error="control stream encountered a failure while serving" connIndex=0 event=0 ip=198.41.200.13
2026-08-24T11:00:26Z ERR Serve tunnel error error="control stream encountered a failure while serving" connIndex=0 event=0 ip=198.41.200.13
2026-08-24T11:00:26Z INF Retrying connection in up to 1m4s connIndex=0 event=0 ip=198.41.200.13
2026-08-24T11:00:37Z INF Tunnel connection curve preferences: [X25519MLKEM768 CurveID(65074) CurveP256] connIndex=0 event=0 ip=198.41.200.13
2026-08-24T11:00:37Z ERR failed to run the datagram handler error="context canceled" connIndex=0 event=0 ip=198.41.200.13
2026-08-24T11:00:37Z ERR failed to serve tunnel connection error="control stream encountered a failure while serving" connIndex=0 event=0 ip=198.41.200.13
2026-08-24T11:00:37Z ERR Serve tunnel error error="control stream encountered a failure while serving" connIndex=0 event=0 ip=198.41.200.13
2026-08-24T11:00:37Z INF Retrying connection in up to 1m4s connIndex=0 event=0 ip=198.41.200.13
2026-08-24T11:01:08Z INF Tunnel connection curve preferences: [X25519MLKEM768 CurveID(65074) CurveP256] connIndex=0 event=0 ip=198.41.200.13
2026-08-24T11:01:08Z ERR failed to run the datagram handler error="context canceled" connIndex=0 event=0 ip=198.41.200.13
2026-08-24T11:01:08Z ERR failed to serve tunnel connection error="control stream encountered a failure while serving" connIndex=0 event=0 ip=198.41.200.13
2026-08-24T11:01:08Z ERR Serve tunnel error error="control stream encountered a failure while serving" connIndex=0 event=0 ip=198.41.200.13
2026-08-24T11:01:08Z INF Retrying connection in up to 1m4s connIndex=0 event=0 ip=198.41.200.13
2026-08-24T11:01:31Z INF Tunnel connection curve preferences: [X25519MLKEM768 CurveID(65074) CurveP256] connIndex=0 event=0 ip=198.41.200.13
2026-08-24T11:01:31Z ERR failed to run the datagram handler error="context canceled" connIndex=0 event=0 ip=198.41.200.13
2026-08-24T11:01:31Z ERR failed to serve tunnel connection error="control stream encountered a failure while serving" connIndex=0 event=0 ip=198.41.200.13
2026-08-24T11:01:31Z ERR Serve tunnel error error="control stream encountered a failure while serving" connIndex=0 event=0 ip=198.41.200.13
2026-08-24T11:01:31Z INF Retrying connection in up to 1m4s connIndex=0 event=0 ip=198.41.200.13
2026-08-24T11:01:33Z INF Tunnel connection curve preferences: [X25519MLKEM768 CurveID(65074) CurveP256] connIndex=0 event=0 ip=198.41.200.13
2026-08-24T11:01:33Z ERR failed to run the datagram handler error="context canceled" connIndex=0 event=0 ip=198.41.200.13
2026-08-24T11:01:33Z ERR failed to serve tunnel connection error="control stream encountered a failure while serving" connIndex=0 event=0 ip=198.41.200.13
2026-08-24T11:01:33Z ERR Serve tunnel error error="control stream encountered a failure while serving" connIndex=0 event=0 ip=198.41.200.13
2026-08-24T11:01:33Z INF Retrying connection in up to 1m4s connIndex=0 event=0 ip=198.41.200.13
2026-08-24T11:01:56Z INF Tunnel connection curve preferences: [X25519MLKEM768 CurveID(65074) CurveP256] connIndex=0 event=0 ip=198.41.200.13
2026-08-24T11:01:57Z ERR failed to run the datagram handler error="context canceled" connIndex=0 event=0 ip=198.41.200.13
2026-08-24T11:01:57Z ERR failed to serve tunnel connection error="control stream encountered a failure while serving" connIndex=0 event=0 ip=198.41.200.13
2026-08-24T11:01:57Z ERR Serve tunnel error error="control stream encountered a failure while serving" connIndex=0 event=0 ip=198.41.200.13
2026-08-24T11:01:57Z INF Retrying connection in up to 1m4s connIndex=0 event=0 ip=198.41.200.13
2026-08-24T11:02:25Z INF Tunnel connection curve preferences: [X25519MLKEM768 CurveID(65074) CurveP256] connIndex=0 event=0 ip=198.41.200.13
2026-08-24T11:02:25Z ERR failed to run the datagram handler error="context canceled" connIndex=0 event=0 ip=198.41.200.13
2026-08-24T11:02:25Z ERR failed to serve tunnel connection error="control stream encountered a failure while serving" connIndex=0 event=0 ip=198.41.200.13
2026-08-24T11:02:25Z ERR Serve tunnel error error="control stream encountered a failure while serving" connIndex=0 event=0 ip=198.41.200.13
2026-08-24T11:02:25Z INF Retrying connection in up to 1m4s connIndex=0 event=0 ip=198.41.200.13
2026-08-24T11:02:45Z INF Tunnel connection curve preferences: [X25519MLKEM768 CurveID(65074) CurveP256] connIndex=0 event=0 ip=198.41.200.13
2026-08-24T11:02:45Z ERR failed to run the datagram handler error="context canceled" connIndex=0 event=0 ip=198.41.200.13
2026-08-24T11:02:45Z ERR failed to serve tunnel connection error="control stream encountered a failure while serving" connIndex=0 event=0 ip=198.41.200.13
2026-08-24T11:02:45Z ERR Serve tunnel error error="control stream encountered a failure while serving" connIndex=0 event=0 ip=198.41.200.13
2026-08-24T11:02:45Z INF Retrying connection in up to 1m4s connIndex=0 event=0 ip=198.41.200.13
2026-08-24T11:02:57Z INF Tunnel connection curve preferences: [X25519MLKEM768 CurveID(65074) CurveP256] connIndex=0 event=0 ip=198.41.200.13
2026-08-24T11:02:58Z ERR failed to run the datagram handler error="context canceled" connIndex=0 event=0 ip=198.41.200.13
2026-08-24T11:02:58Z ERR failed to serve tunnel connection error="control stream encountered a failure while serving" connIndex=0 event=0 ip=198.41.200.13
2026-08-24T11:02:58Z ERR Serve tunnel error error="control stream encountered a failure while serving" connIndex=0 event=0 ip=198.41.200.13
2026-08-24T11:02:58Z INF Retrying connection in up to 1m4s connIndex=0 event=0 ip=198.41.200.13
2026-08-24T11:03:07Z INF Tunnel connection curve preferences: [X25519MLKEM768 CurveID(65074) CurveP256] connIndex=0 event=0 ip=198.41.200.13
2026-08-24T11:03:07Z ERR failed to run the datagram handler error="context canceled" connIndex=0 event=0 ip=198.41.200.13
2026-08-24T11:03:07Z ERR failed to serve tunnel connection error="control stream encountered a failure while serving" connIndex=0 event=0 ip=198.41.200.13
2026-08-24T11:03:07Z ERR Serve tunnel error error="control stream encountered a failure while serving" connIndex=0 event=0 ip=198.41.200.13
2026-08-24T11:03:07Z INF Retrying connection in up to 1m4s connIndex=0 event=0 ip=198.41.200.13
2026-08-24T11:03:15Z INF Tunnel connection curve preferences: [X25519MLKEM768 CurveID(65074) CurveP256] connIndex=0 event=0 ip=198.41.200.13
2026-08-24T11:03:16Z ERR failed to run the datagram handler error="context canceled" connIndex=0 event=0 ip=198.41.200.13
2026-08-24T11:03:16Z ERR failed to serve tunnel connection error="control stream encountered a failure while serving" connIndex=0 event=0 ip=198.41.200.13
2026-08-24T11:03:16Z ERR Serve tunnel error error="control stream encountered a failure while serving" connIndex=0 event=0 ip=198.41.200.13
2026-08-24T11:03:16Z INF Retrying connection in up to 1m4s connIndex=0 event=0 ip=198.41.200.13
2026-08-24T11:03:45Z INF Tunnel connection curve preferences: [X25519MLKEM768 CurveID(65074) CurveP256] connIndex=0 event=0 ip=198.41.200.13
2026-08-24T11:03:45Z ERR failed to run the datagram handler error="context canceled" connIndex=0 event=0 ip=198.41.200.13
2026-08-24T11:03:45Z ERR failed to serve tunnel connection error="control stream encountered a failure while serving" connIndex=0 event=0 ip=198.41.200.13
2026-08-24T11:03:45Z ERR Serve tunnel error error="control stream encountered a failure while serving" connIndex=0 event=0 ip=198.41.200.13
2026-08-24T11:03:45Z INF Retrying connection in up to 1m4s connIndex=0 event=0 ip=198.41.200.13
2026-08-24T11:03:47Z INF Tunnel connection curve preferences: [X25519MLKEM768 CurveID(65074) CurveP256] connIndex=0 event=0 ip=198.41.200.13
2026-08-24T11:03:47Z ERR failed to run the datagram handler error="context canceled" connIndex=0 event=0 ip=198.41.200.13
2026-08-24T11:03:47Z ERR failed to serve tunnel connection error="control stream encountered a failure while serving" connIndex=0 event=0 ip=198.41.200.13
2026-08-24T11:03:47Z ERR Serve tunnel error error="control stream encountered a failure while serving" connIndex=0 event=0 ip=198.41.200.13
2026-08-24T11:03:47Z INF Retrying connection in up to 1m4s connIndex=0 event=0 ip=198.41.200.13
2026-08-24T11:04:12Z INF Tunnel connection curve preferences: [X25519MLKEM768 CurveID(65074) CurveP256] connIndex=0 event=0 ip=198.41.200.13
2026-08-24T11:04:13Z ERR failed to run the datagram handler error="context canceled" connIndex=0 event=0 ip=198.41.200.13
2026-08-24T11:04:13Z ERR failed to serve tunnel connection error="control stream encountered a failure while serving" connIndex=0 event=0 ip=198.41.200.13
2026-08-24T11:04:13Z ERR Serve tunnel error error="control stream encountered a failure while serving" connIndex=0 event=0 ip=198.41.200.13
2026-08-24T11:04:13Z INF Retrying connection in up to 1m4s connIndex=0 event=0 ip=198.41.200.13
2026-08-24T11:04:24Z INF Tunnel connection curve preferences: [X25519MLKEM768 CurveID(65074) CurveP256] connIndex=0 event=0 ip=198.41.200.13
2026-08-24T11:04:24Z ERR failed to run the datagram handler error="context canceled" connIndex=0 event=0 ip=198.41.200.13
2026-08-24T11:04:24Z ERR failed to serve tunnel connection error="control stream encountered a failure while serving" connIndex=0 event=0 ip=198.41.200.13
2026-08-24T11:04:24Z ERR Serve tunnel error error="control stream encountered a failure while serving" connIndex=0 event=0 ip=198.41.200.13
2026-08-24T11:04:24Z INF Retrying connection in up to 1m4s connIndex=0 event=0 ip=198.41.200.13
2026-08-24T11:04:46Z INF Tunnel connection curve preferences: [X25519MLKEM768 CurveID(65074) CurveP256] connIndex=0 event=0 ip=198.41.200.13
2026-08-24T11:04:46Z ERR failed to run the datagram handler error="context canceled" connIndex=0 event=0 ip=198.41.200.13
2026-08-24T11:04:46Z ERR failed to serve tunnel connection error="control stream encountered a failure while serving" connIndex=0 event=0 ip=198.41.200.13
2026-08-24T11:04:46Z ERR Serve tunnel error error="control stream encountered a failure while serving" connIndex=0 event=0 ip=198.41.200.13
2026-08-24T11:04:46Z INF Retrying connection in up to 1m4s connIndex=0 event=0 ip=198.41.200.13
2026-08-24T11:04:55Z INF Tunnel connection curve preferences: [X25519MLKEM768 CurveID(65074) CurveP256] connIndex=0 event=0 ip=198.41.200.13
2026-08-24T11:04:55Z ERR failed to run the datagram handler error="context canceled" connIndex=0 event=0 ip=198.41.200.13
2026-08-24T11:04:55Z ERR failed to serve tunnel connection error="control stream encountered a failure while serving" connIndex=0 event=0 ip=198.41.200.13
2026-08-24T11:04:55Z ERR Serve tunnel error error="control stream encountered a failure while serving" connIndex=0 event=0 ip=198.41.200.13
2026-08-24T11:04:55Z INF Retrying connection in up to 1m4s connIndex=0 event=0 ip=198.41.200.13
2026-08-24T11:05:21Z INF Tunnel connection curve preferences: [X25519MLKEM768 CurveID(65074) CurveP256] connIndex=0 event=0 ip=198.41.200.13
2026-08-24T11:05:21Z ERR failed to run the datagram handler error="context canceled" connIndex=0 event=0 ip=198.41.200.13
2026-08-24T11:05:21Z ERR failed to serve tunnel connection error="control stream encountered a failure while serving" connIndex=0 event=0 ip=198.41.200.13
2026-08-24T11:05:21Z ERR Serve tunnel error error="control stream encountered a failure while serving" connIndex=0 event=0 ip=198.41.200.13
2026-08-24T11:05:21Z INF Retrying connection in up to 1m4s connIndex=0 event=0 ip=198.41.200.13
2026-08-24T11:05:45Z INF Tunnel connection curve preferences: [X25519MLKEM768 CurveID(65074) CurveP256] connIndex=0 event=0 ip=198.41.200.13
2026-08-24T11:05:45Z ERR failed to run the datagram handler error="context canceled" connIndex=0 event=0 ip=198.41.200.13
2026-08-24T11:05:45Z ERR failed to serve tunnel connection error="control stream encountered a failure while serving" connIndex=0 event=0 ip=198.41.200.13
2026-08-24T11:05:45Z ERR Serve tunnel error error="control stream encountered a failure while serving" connIndex=0 event=0 ip=198.41.200.13
2026-08-24T11:05:45Z INF Retrying connection in up to 1m4s connIndex=0 event=0 ip=198.41.200.13
2026-08-24T11:06:15Z INF Tunnel connection curve preferences: [X25519MLKEM768 CurveID(65074) CurveP256] connIndex=0 event=0 ip=198.41.200.13
2026-08-24T11:06:16Z ERR failed to run the datagram handler error="context canceled" connIndex=0 event=0 ip=198.41.200.13
2026-08-24T11:06:16Z ERR failed to serve tunnel connection error="control stream encountered a failure while serving" connIndex=0 event=0 ip=198.41.200.13
2026-08-24T11:06:16Z ERR Serve tunnel error error="control stream encountered a failure while serving" connIndex=0 event=0 ip=198.41.200.13
2026-08-24T11:06:16Z INF Retrying connection in up to 1m4s connIndex=0 event=0 ip=198.41.200.13
2026-08-24T11:06:17Z INF Tunnel connection curve preferences: [X25519MLKEM768 CurveID(65074) CurveP256] connIndex=0 event=0 ip=198.41.200.13
2026-08-24T11:06:17Z ERR failed to run the datagram handler error="context canceled" connIndex=0 event=0 ip=198.41.200.13
2026-08-24T11:06:17Z ERR failed to serve tunnel connection error="control stream encountered a failure while serving" connIndex=0 event=0 ip=198.41.200.13
2026-08-24T11:06:17Z ERR Serve tunnel error error="control stream encountered a failure while serving" connIndex=0 event=0 ip=198.41.200.13
2026-08-24T11:06:17Z INF Retrying connection in up to 1m4s connIndex=0 event=0 ip=198.41.200.13
2026-08-24T11:06:49Z INF Tunnel connection curve preferences: [X25519MLKEM768 CurveID(65074) CurveP256] connIndex=0 event=0 ip=198.41.200.13
2026-08-24T11:06:49Z ERR failed to run the datagram handler error="context canceled" connIndex=0 event=0 ip=198.41.200.13
2026-08-24T11:06:49Z ERR failed to serve tunnel connection error="control stream encountered a failure while serving" connIndex=0 event=0 ip=198.41.200.13
2026-08-24T11:06:49Z ERR Serve tunnel error error="control stream encountered a failure while serving" connIndex=0 event=0 ip=198.41.200.13
2026-08-24T11:06:49Z INF Retrying connection in up to 1m4s connIndex=0 event=0 ip=198.41.200.13
2026-08-24T11:07:07Z INF Tunnel connection curve preferences: [X25519MLKEM768 CurveID(65074) CurveP256] connIndex=0 event=0 ip=198.41.200.13
2026-08-24T11:07:07Z ERR failed to run the datagram handler error="context canceled" connIndex=0 event=0 ip=198.41.200.13
2026-08-24T11:07:07Z ERR failed to serve tunnel connection error="control stream encountered a failure while serving" connIndex=0 event=0 ip=198.41.200.13
2026-08-24T11:07:07Z ERR Serve tunnel error error="control stream encountered a failure while serving" connIndex=0 event=0 ip=198.41.200.13
2026-08-24T11:07:07Z INF Retrying connection in up to 1m4s connIndex=0 event=0 ip=198.41.200.13
2026-08-24T11:07:33Z INF Tunnel connection curve preferences: [X25519MLKEM768 CurveID(65074) CurveP256] connIndex=0 event=0 ip=198.41.200.13
2026-08-24T11:07:33Z ERR failed to run the datagram handler error="context canceled" connIndex=0 event=0 ip=198.41.200.13
2026-08-24T11:07:33Z ERR failed to serve tunnel connection error="control stream encountered a failure while serving" connIndex=0 event=0 ip=198.41.200.13
2026-08-24T11:07:33Z ERR Serve tunnel error error="control stream encountered a failure while serving" connIndex=0 event=0 ip=198.41.200.13
2026-08-24T11:07:33Z INF Retrying connection in up to 1m4s connIndex=0 event=0 ip=198.41.200.13
2026-08-24T11:07:33Z INF Tunnel connection curve preferences: [X25519MLKEM768 CurveID(65074) CurveP256] connIndex=0 event=0 ip=198.41.200.13
2026-08-24T11:07:34Z ERR failed to run the datagram handler error="context canceled" connIndex=0 event=0 ip=198.41.200.13
2026-08-24T11:07:34Z ERR failed to serve tunnel connection error="control stream encountered a failure while serving" connIndex=0 event=0 ip=198.41.200.13
2026-08-24T11:07:34Z ERR Serve tunnel error error="control stream encountered a failure while serving" connIndex=0 event=0 ip=198.41.200.13
2026-08-24T11:07:34Z INF Retrying connection in up to 1m4s connIndex=0 event=0 ip=198.41.200.13
2026-08-24T11:07:49Z INF Tunnel connection curve preferences: [X25519MLKEM768 CurveID(65074) CurveP256] connIndex=0 event=0 ip=198.41.200.13
2026-08-24T11:07:49Z ERR failed to run the datagram handler error="context canceled" connIndex=0 event=0 ip=198.41.200.13
2026-08-24T11:07:49Z ERR failed to serve tunnel connection error="control stream encountered a failure while serving" connIndex=0 event=0 ip=198.41.200.13
2026-08-24T11:07:49Z ERR Serve tunnel error error="control stream encountered a failure while serving" connIndex=0 event=0 ip=198.41.200.13
2026-08-24T11:07:49Z INF Retrying connection in up to 1m4s connIndex=0 event=0 ip=198.41.200.13
2026-08-24T11:08:15Z INF Tunnel connection curve preferences: [X25519MLKEM768 CurveID(65074) CurveP256] connIndex=0 event=0 ip=198.41.200.13
2026-08-24T11:08:15Z ERR failed to run the datagram handler error="context canceled" connIndex=0 event=0 ip=198.41.200.13
2026-08-24T11:08:15Z ERR failed to serve tunnel connection error="control stream encountered a failure while serving" connIndex=0 event=0 ip=198.41.200.13
2026-08-24T11:08:15Z ERR Serve tunnel error error="control stream encountered a failure while serving" connIndex=0 event=0 ip=198.41.200.13
2026-08-24T11:08:15Z INF Retrying connection in up to 1m4s connIndex=0 event=0 ip=198.41.200.13
2026-08-24T11:08:46Z INF Tunnel connection curve preferences: [X25519MLKEM768 CurveID(65074) CurveP256] connIndex=0 event=0 ip=198.41.200.13
2026-08-24T11:08:47Z ERR failed to run the datagram handler error="context canceled" connIndex=0 event=0 ip=198.41.200.13
2026-08-24T11:08:47Z ERR failed to serve tunnel connection error="control stream encountered a failure while serving" connIndex=0 event=0 ip=198.41.200.13
2026-08-24T11:08:47Z ERR Serve tunnel error error="control stream encountered a failure while serving" connIndex=0 event=0 ip=198.41.200.13
2026-08-24T11:08:47Z INF Retrying connection in up to 1m4s connIndex=0 event=0 ip=198.41.200.13
2026-08-24T11:08:57Z INF Tunnel connection curve preferences: [X25519MLKEM768 CurveID(65074) CurveP256] connIndex=0 event=0 ip=198.41.200.13
2026-08-24T11:08:57Z ERR failed to run the datagram handler error="context canceled" connIndex=0 event=0 ip=198.41.200.13
2026-08-24T11:08:57Z ERR failed to serve tunnel connection error="control stream encountered a failure while serving" connIndex=0 event=0 ip=198.41.200.13
2026-08-24T11:08:57Z ERR Serve tunnel error error="control stream encountered a failure while serving" connIndex=0 event=0 ip=198.41.200.13
2026-08-24T11:08:57Z INF Retrying connection in up to 1m4s connIndex=0 event=0 ip=198.41.200.13
2026-08-24T11:09:00Z INF Tunnel connection curve preferences: [X25519MLKEM768 CurveID(65074) CurveP256] connIndex=0 event=0 ip=198.41.200.13
2026-08-24T11:09:00Z ERR failed to run the datagram handler error="context canceled" connIndex=0 event=0 ip=198.41.200.13
2026-08-24T11:09:00Z ERR failed to serve tunnel connection error="control stream encountered a failure while serving" connIndex=0 event=0 ip=198.41.200.13
2026-08-24T11:09:00Z ERR Serve tunnel error error="control stream encountered a failure while serving" connIndex=0 event=0 ip=198.41.200.13
2026-08-24T11:09:00Z INF Retrying connection in up to 1m4s connIndex=0 event=0 ip=198.41.200.13
2026-08-24T11:09:15Z INF Tunnel connection curve preferences: [X25519MLKEM768 CurveID(65074) CurveP256] connIndex=0 event=0 ip=198.41.200.13
2026-08-24T11:09:15Z ERR failed to run the datagram handler error="context canceled" connIndex=0 event=0 ip=198.41.200.13
2026-08-24T11:09:15Z ERR failed to serve tunnel connection error="control stream encountered a failure while serving" connIndex=0 event=0 ip=198.41.200.13
2026-08-24T11:09:15Z ERR Serve tunnel error error="control stream encountered a failure while serving" connIndex=0 event=0 ip=198.41.200.13
2026-08-24T11:09:15Z INF Retrying connection in up to 1m4s connIndex=0 event=0 ip=198.41.200.13
2026-08-24T11:09:24Z INF Tunnel connection curve preferences: [X25519MLKEM768 CurveID(65074) CurveP256] connIndex=0 event=0 ip=198.41.200.13
2026-08-24T11:09:24Z ERR failed to run the datagram handler error="context canceled" connIndex=0 event=0 ip=198.41.200.13
2026-08-24T11:09:24Z ERR failed to serve tunnel connection error="control stream encountered a failure while serving" connIndex=0 event=0 ip=198.41.200.13
2026-08-24T11:09:24Z ERR Serve tunnel error error="control stream encountered a failure while serving" connIndex=0 event=0 ip=198.41.200.13
2026-08-24T11:09:24Z INF Retrying connection in up to 1m4s connIndex=0 event=0 ip=198.41.200.13
2026-08-24T11:09:28Z INF Tunnel connection curve preferences: [X25519MLKEM768 CurveID(65074) CurveP256] connIndex=0 event=0 ip=198.41.200.13
2026-08-24T11:09:28Z ERR failed to run the datagram handler error="context canceled" connIndex=0 event=0 ip=198.41.200.13
2026-08-24T11:09:28Z ERR failed to serve tunnel connection error="control stream encountered a failure while serving" connIndex=0 event=0 ip=198.41.200.13
2026-08-24T11:09:28Z ERR Serve tunnel error error="control stream encountered a failure while serving" connIndex=0 event=0 ip=198.41.200.13
2026-08-24T11:09:28Z INF Retrying connection in up to 1m4s connIndex=0 event=0 ip=198.41.200.13
2026-08-24T11:09:51Z INF Tunnel connection curve preferences: [X25519MLKEM768 CurveID(65074) CurveP256] connIndex=0 event=0 ip=198.41.200.13
2026-08-24T11:09:51Z ERR failed to run the datagram handler error="context canceled" connIndex=0 event=0 ip=198.41.200.13
2026-08-24T11:09:51Z ERR failed to serve tunnel connection error="control stream encountered a failure while serving" connIndex=0 event=0 ip=198.41.200.13
2026-08-24T11:09:51Z ERR Serve tunnel error error="control stream encountered a failure while serving" connIndex=0 event=0 ip=198.41.200.13
2026-08-24T11:09:51Z INF Retrying connection in up to 1m4s connIndex=0 event=0 ip=198.41.200.13
2026-08-24T11:10:21Z INF Tunnel connection curve preferences: [X25519MLKEM768 CurveID(65074) CurveP256] connIndex=0 event=0 ip=198.41.200.13
2026-08-24T11:10:21Z ERR failed to run the datagram handler error="context canceled" connIndex=0 event=0 ip=198.41.200.13
2026-08-24T11:10:21Z ERR failed to serve tunnel connection error="control stream encountered a failure while serving" connIndex=0 event=0 ip=198.41.200.13
2026-08-24T11:10:21Z ERR Serve tunnel error error="control stream encountered a failure while serving" connIndex=0 event=0 ip=198.41.200.13
2026-08-24T11:10:21Z INF Retrying connection in up to 1m4s connIndex=0 event=0 ip=198.41.200.13
2026-08-24T11:10:43Z INF Tunnel connection curve preferences: [X25519MLKEM768 CurveID(65074) CurveP256] connIndex=0 event=0 ip=198.41.200.13
2026-08-24T11:10:43Z ERR failed to run the datagram handler error="context canceled" connIndex=0 event=0 ip=198.41.200.13
2026-08-24T11:10:43Z ERR failed to serve tunnel connection error="control stream encountered a failure while serving" connIndex=0 event=0 ip=198.41.200.13
2026-08-24T11:10:43Z ERR Serve tunnel error error="control stream encountered a failure while serving" connIndex=0 event=0 ip=198.41.200.13
2026-08-24T11:10:43Z INF Retrying connection in up to 1m4s connIndex=0 event=0 ip=198.41.200.13
2026-08-24T11:11:05Z INF Tunnel connection curve preferences: [X25519MLKEM768 CurveID(65074) CurveP256] connIndex=0 event=0 ip=198.41.200.13
2026-08-24T11:11:05Z ERR failed to run the datagram handler error="context canceled" connIndex=0 event=0 ip=198.41.200.13
2026-08-24T11:11:05Z ERR failed to serve tunnel connection error="control stream encountered a failure while serving" connIndex=0 event=0 ip=198.41.200.13
2026-08-24T11:11:05Z ERR Serve tunnel error error="control stream encountered a failure while serving" connIndex=0 event=0 ip=198.41.200.13
2026-08-24T11:11:05Z INF Retrying connection in up to 1m4s connIndex=0 event=0 ip=198.41.200.13
2026-08-24T11:11:06Z INF Tunnel connection curve preferences: [X25519MLKEM768 CurveID(65074) CurveP256] connIndex=0 event=0 ip=198.41.200.13
2026-08-24T11:11:07Z ERR failed to run the datagram handler error="context canceled" connIndex=0 event=0 ip=198.41.200.13
2026-08-24T11:11:07Z ERR failed to serve tunnel connection error="control stream encountered a failure while serving" connIndex=0 event=0 ip=198.41.200.13
2026-08-24T11:11:07Z ERR Serve tunnel error error="control stream encountered a failure while serving" connIndex=0 event=0 ip=198.41.200.13
2026-08-24T11:11:07Z INF Retrying connection in up to 1m4s connIndex=0 event=0 ip=198.41.200.13
2026-08-24T11:11:08Z INF Tunnel connection curve preferences: [X25519MLKEM768 CurveID(65074) CurveP256] connIndex=0 event=0 ip=198.41.200.13
2026-08-24T11:11:09Z ERR failed to run the datagram handler error="context canceled" connIndex=0 event=0 ip=198.41.200.13
2026-08-24T11:11:09Z ERR failed to serve tunnel connection error="control stream encountered a failure while serving" connIndex=0 event=0 ip=198.41.200.13
2026-08-24T11:11:09Z ERR Serve tunnel error error="control stream encountered a failure while serving" connIndex=0 event=0 ip=198.41.200.13
2026-08-24T11:11:09Z INF Retrying connection in up to 1m4s connIndex=0 event=0 ip=198.41.200.13
2026-08-24T11:11:32Z INF Tunnel connection curve preferences: [X25519MLKEM768 CurveID(65074) CurveP256] connIndex=0 event=0 ip=198.41.200.13
2026-08-24T11:11:32Z ERR failed to run the datagram handler error="context canceled" connIndex=0 event=0 ip=198.41.200.13
2026-08-24T11:11:32Z ERR failed to serve tunnel connection error="control stream encountered a failure while serving" connIndex=0 event=0 ip=198.41.200.13
2026-08-24T11:11:32Z ERR Serve tunnel error error="control stream encountered a failure while serving" connIndex=0 event=0 ip=198.41.200.13
2026-08-24T11:11:32Z INF Retrying connection in up to 1m4s connIndex=0 event=0 ip=198.41.200.13
2026-08-24T11:12:02Z INF Tunnel connection curve preferences: [X25519MLKEM768 CurveID(65074) CurveP256] connIndex=0 event=0 ip=198.41.200.13
2026-08-24T11:12:02Z ERR failed to run the datagram handler error="context canceled" connIndex=0 event=0 ip=198.41.200.13
2026-08-24T11:12:02Z ERR failed to serve tunnel connection error="control stream encountered a failure while serving" connIndex=0 event=0 ip=198.41.200.13
2026-08-24T11:12:02Z ERR Serve tunnel error error="control stream encountered a failure while serving" connIndex=0 event=0 ip=198.41.200.13
2026-08-24T11:12:02Z INF Retrying connection in up to 1m4s connIndex=0 event=0 ip=198.41.200.13
2026-08-24T11:12:03Z INF Tunnel connection curve preferences: [X25519MLKEM768 CurveID(65074) CurveP256] connIndex=0 event=0 ip=198.41.200.13
2026-08-24T11:12:03Z ERR failed to run the datagram handler error="context canceled" connIndex=0 event=0 ip=198.41.200.13
2026-08-24T11:12:03Z ERR failed to serve tunnel connection error="control stream encountered a failure while serving" connIndex=0 event=0 ip=198.41.200.13
2026-08-24T11:12:03Z ERR Serve tunnel error error="control stream encountered a failure while serving" connIndex=0 event=0 ip=198.41.200.13
2026-08-24T11:12:03Z INF Retrying connection in up to 1m4s connIndex=0 event=0 ip=198.41.200.13
2026-08-24T11:12:23Z INF Tunnel connection curve preferences: [X25519MLKEM768 CurveID(65074) CurveP256] connIndex=0 event=0 ip=198.41.200.13
2026-08-24T11:12:23Z ERR failed to run the datagram handler error="context canceled" connIndex=0 event=0 ip=198.41.200.13
2026-08-24T11:12:23Z ERR failed to serve tunnel connection error="control stream encountered a failure while serving" connIndex=0 event=0 ip=198.41.200.13
2026-08-24T11:12:23Z ERR Serve tunnel error error="control stream encountered a failure while serving" connIndex=0 event=0 ip=198.41.200.13
2026-08-24T11:12:23Z INF Retrying connection in up to 1m4s connIndex=0 event=0 ip=198.41.200.13
2026-08-24T11:12:50Z INF Tunnel connection curve preferences: [X25519MLKEM768 CurveID(65074) CurveP256] connIndex=0 event=0 ip=198.41.200.13
2026-08-24T11:12:50Z ERR failed to run the datagram handler error="context canceled" connIndex=0 event=0 ip=198.41.200.13
2026-08-24T11:12:50Z ERR failed to serve tunnel connection error="control stream encountered a failure while serving" connIndex=0 event=0 ip=198.41.200.13
2026-08-24T11:12:50Z ERR Serve tunnel error error="control stream encountered a failure while serving" connIndex=0 event=0 ip=198.41.200.13
2026-08-24T11:12:50Z INF Retrying connection in up to 1m4s connIndex=0 event=0 ip=198.41.200.13
2026-08-24T11:12:58Z INF Tunnel connection curve preferences: [X25519MLKEM768 CurveID(65074) CurveP256] connIndex=0 event=0 ip=198.41.200.13
2026-08-24T11:12:58Z ERR failed to run the datagram handler error="context canceled" connIndex=0 event=0 ip=198.41.200.13
2026-08-24T11:12:58Z ERR failed to serve tunnel connection error="control stream encountered a failure while serving" connIndex=0 event=0 ip=198.41.200.13
2026-08-24T11:12:58Z ERR Serve tunnel error error="control stream encountered a failure while serving" connIndex=0 event=0 ip=198.41.200.13
2026-08-24T11:12:58Z INF Retrying connection in up to 1m4s connIndex=0 event=0 ip=198.41.200.13
2026-08-24T11:13:08Z INF Tunnel connection curve preferences: [X25519MLKEM768 CurveID(65074) CurveP256] connIndex=0 event=0 ip=198.41.200.13
2026-08-24T11:13:09Z ERR failed to run the datagram handler error="context canceled" connIndex=0 event=0 ip=198.41.200.13
2026-08-24T11:13:09Z ERR failed to serve tunnel connection error="control stream encountered a failure while serving" connIndex=0 event=0 ip=198.41.200.13
2026-08-24T11:13:09Z ERR Serve tunnel error error="control stream encountered a failure while serving" connIndex=0 event=0 ip=198.41.200.13
2026-08-24T11:13:09Z INF Retrying connection in up to 1m4s connIndex=0 event=0 ip=198.41.200.13
2026-08-24T11:13:10Z INF Tunnel connection curve preferences: [X25519MLKEM768 CurveID(65074) CurveP256] connIndex=0 event=0 ip=198.41.200.13
2026-08-24T11:13:10Z ERR failed to run the datagram handler error="context canceled" connIndex=0 event=0 ip=198.41.200.13
2026-08-24T11:13:10Z ERR failed to serve tunnel connection error="control stream encountered a failure while serving" connIndex=0 event=0 ip=198.41.200.13
2026-08-24T11:13:10Z ERR Serve tunnel error error="control stream encountered a failure while serving" connIndex=0 event=0 ip=198.41.200.13
2026-08-24T11:13:10Z INF Retrying connection in up to 1m4s connIndex=0 event=0 ip=198.41.200.13
2026-08-24T11:13:34Z INF Tunnel connection curve preferences: [X25519MLKEM768 CurveID(65074) CurveP256] connIndex=0 event=0 ip=198.41.200.13
2026-08-24T11:13:34Z ERR failed to run the datagram handler error="context canceled" connIndex=0 event=0 ip=198.41.200.13
2026-08-24T11:13:34Z ERR failed to serve tunnel connection error="control stream encountered a failure while serving" connIndex=0 event=0 ip=198.41.200.13
2026-08-24T11:13:34Z ERR Serve tunnel error error="control stream encountered a failure while serving" connIndex=0 event=0 ip=198.41.200.13
2026-08-24T11:13:34Z INF Retrying connection in up to 1m4s connIndex=0 event=0 ip=198.41.200.13
2026-08-24T11:13:35Z INF Tunnel connection curve preferences: [X25519MLKEM768 CurveID(65074) CurveP256] connIndex=0 event=0 ip=198.41.200.13
2026-08-24T11:13:35Z ERR failed to run the datagram handler error="context canceled" connIndex=0 event=0 ip=198.41.200.13
2026-08-24T11:13:35Z ERR failed to serve tunnel connection error="control stream encountered a failure while serving" connIndex=0 event=0 ip=198.41.200.13
2026-08-24T11:13:35Z ERR Serve tunnel error error="control stream encountered a failure while serving" connIndex=0 event=0 ip=198.41.200.13
2026-08-24T11:13:35Z INF Retrying connection in up to 1m4s connIndex=0 event=0 ip=198.41.200.13
2026-08-24T11:13:55Z INF Tunnel connection curve preferences: [X25519MLKEM768 CurveID(65074) CurveP256] connIndex=0 event=0 ip=198.41.200.13
2026-08-24T11:13:55Z ERR failed to run the datagram handler error="context canceled" connIndex=0 event=0 ip=198.41.200.13
2026-08-24T11:13:55Z ERR failed to serve tunnel connection error="control stream encountered a failure while serving" connIndex=0 event=0 ip=198.41.200.13
2026-08-24T11:13:55Z ERR Serve tunnel error error="control stream encountered a failure while serving" connIndex=0 event=0 ip=198.41.200.13
2026-08-24T11:13:55Z INF Retrying connection in up to 1m4s connIndex=0 event=0 ip=198.41.200.13
2026-08-24T11:13:55Z INF Tunnel connection curve preferences: [X25519MLKEM768 CurveID(65074) CurveP256] connIndex=0 event=0 ip=198.41.200.13
2026-08-24T11:13:55Z ERR failed to run the datagram handler error="context canceled" connIndex=0 event=0 ip=198.41.200.13
2026-08-24T11:13:55Z ERR failed to serve tunnel connection error="control stream encountered a failure while serving" connIndex=0 event=0 ip=198.41.200.13
2026-08-24T11:13:55Z ERR Serve tunnel error error="control stream encountered a failure while serving" connIndex=0 event=0 ip=198.41.200.13
2026-08-24T11:13:55Z INF Retrying connection in up to 1m4s connIndex=0 event=0 ip=198.41.200.13
2026-08-24T11:13:58Z INF Tunnel connection curve preferences: [X25519MLKEM768 CurveID(65074) CurveP256] connIndex=0 event=0 ip=198.41.200.13
2026-08-24T11:13:58Z ERR failed to run the datagram handler error="context canceled" connIndex=0 event=0 ip=198.41.200.13
2026-08-24T11:13:58Z ERR failed to serve tunnel connection error="control stream encountered a failure while serving" connIndex=0 event=0 ip=198.41.200.13
2026-08-24T11:13:58Z ERR Serve tunnel error error="control stream encountered a failure while serving" connIndex=0 event=0 ip=198.41.200.13
2026-08-24T11:13:58Z INF Retrying connection in up to 1m4s connIndex=0 event=0 ip=198.41.200.13
2026-08-24T11:14:27Z INF Tunnel connection curve preferences: [X25519MLKEM768 CurveID(65074) CurveP256] connIndex=0 event=0 ip=198.41.200.13
2026-08-24T11:14:27Z ERR failed to run the datagram handler error="context canceled" connIndex=0 event=0 ip=198.41.200.13
2026-08-24T11:14:27Z ERR failed to serve tunnel connection error="control stream encountered a failure while serving" connIndex=0 event=0 ip=198.41.200.13
2026-08-24T11:14:27Z ERR Serve tunnel error error="control stream encountered a failure while serving" connIndex=0 event=0 ip=198.41.200.13
2026-08-24T11:14:27Z INF Retrying connection in up to 1m4s connIndex=0 event=0 ip=198.41.200.13
2026-08-24T11:14:44Z INF Tunnel connection curve preferences: [X25519MLKEM768 CurveID(65074) CurveP256] connIndex=0 event=0 ip=198.41.200.13
2026-08-24T11:14:44Z ERR failed to run the datagram handler error="context canceled" connIndex=0 event=0 ip=198.41.200.13
2026-08-24T11:14:44Z ERR failed to serve tunnel connection error="control stream encountered a failure while serving" connIndex=0 event=0 ip=198.41.200.13
2026-08-24T11:14:44Z ERR Serve tunnel error error="control stream encountered a failure while serving" connIndex=0 event=0 ip=198.41.200.13
2026-08-24T11:14:44Z INF Retrying connection in up to 1m4s connIndex=0 event=0 ip=198.41.200.13
2026-08-24T11:15:11Z INF Tunnel connection curve preferences: [X25519MLKEM768 CurveID(65074) CurveP256] connIndex=0 event=0 ip=198.41.200.13
2026-08-24T11:15:11Z ERR failed to run the datagram handler error="context canceled" connIndex=0 event=0 ip=198.41.200.13
2026-08-24T11:15:11Z ERR failed to serve tunnel connection error="control stream encountered a failure while serving" connIndex=0 event=0 ip=198.41.200.13
2026-08-24T11:15:11Z ERR Serve tunnel error error="control stream encountered a failure while serving" connIndex=0 event=0 ip=198.41.200.13
2026-08-24T11:15:11Z INF Retrying connection in up to 1m4s connIndex=0 event=0 ip=198.41.200.13
2026-08-24T11:15:20Z INF Tunnel connection curve preferences: [X25519MLKEM768 CurveID(65074) CurveP256] connIndex=0 event=0 ip=198.41.200.13
2026-08-24T11:15:21Z ERR failed to run the datagram handler error="context canceled" connIndex=0 event=0 ip=198.41.200.13
2026-08-24T11:15:21Z ERR failed to serve tunnel connection error="control stream encountered a failure while serving" connIndex=0 event=0 ip=198.41.200.13
2026-08-24T11:15:21Z ERR Serve tunnel error error="control stream encountered a failure while serving" connIndex=0 event=0 ip=198.41.200.13
2026-08-24T11:15:21Z INF Retrying connection in up to 1m4s connIndex=0 event=0 ip=198.41.200.13
2026-08-24T11:15:43Z INF Tunnel connection curve preferences: [X25519MLKEM768 CurveID(65074) CurveP256] connIndex=0 event=0 ip=198.41.200.13
2026-08-24T11:15:43Z ERR failed to run the datagram handler error="context canceled" connIndex=0 event=0 ip=198.41.200.13
2026-08-24T11:15:43Z ERR failed to serve tunnel connection error="control stream encountered a failure while serving" connIndex=0 event=0 ip=198.41.200.13
2026-08-24T11:15:43Z ERR Serve tunnel error error="control stream encountered a failure while serving" connIndex=0 event=0 ip=198.41.200.13
2026-08-24T11:15:43Z INF Retrying connection in up to 1m4s connIndex=0 event=0 ip=198.41.200.13
2026-08-24T11:16:02Z INF Tunnel connection curve preferences: [X25519MLKEM768 CurveID(65074) CurveP256] connIndex=0 event=0 ip=198.41.200.13
2026-08-24T11:16:02Z ERR failed to run the datagram handler error="context canceled" connIndex=0 event=0 ip=198.41.200.13
2026-08-24T11:16:02Z ERR failed to serve tunnel connection error="control stream encountered a failure while serving" connIndex=0 event=0 ip=198.41.200.13
2026-08-24T11:16:02Z ERR Serve tunnel error error="control stream encountered a failure while serving" connIndex=0 event=0 ip=198.41.200.13
2026-08-24T11:16:02Z INF Retrying connection in up to 1m4s connIndex=0 event=0 ip=198.41.200.13
2026-08-24T11:16:11Z INF Tunnel connection curve preferences: [X25519MLKEM768 CurveID(65074) CurveP256] connIndex=0 event=0 ip=198.41.200.13
2026-08-24T11:16:11Z ERR failed to run the datagram handler error="context canceled" connIndex=0 event=0 ip=198.41.200.13
2026-08-24T11:16:11Z ERR failed to serve tunnel connection error="control stream encountered a failure while serving" connIndex=0 event=0 ip=198.41.200.13
2026-08-24T11:16:11Z ERR Serve tunnel error error="control stream encountered a failure while serving" connIndex=0 event=0 ip=198.41.200.13
2026-08-24T11:16:11Z INF Retrying connection in up to 1m4s connIndex=0 event=0 ip=198.41.200.13
2026-08-24T11:16:14Z INF Tunnel connection curve preferences: [X25519MLKEM768 CurveID(65074) CurveP256] connIndex=0 event=0 ip=198.41.200.13
2026-08-24T11:16:14Z ERR failed to run the datagram handler error="context canceled" connIndex=0 event=0 ip=198.41.200.13
2026-08-24T11:16:14Z ERR failed to serve tunnel connection error="control stream encountered a failure while serving" connIndex=0 event=0 ip=198.41.200.13
2026-08-24T11:16:14Z ERR Serve tunnel error error="control stream encountered a failure while serving" connIndex=0 event=0 ip=198.41.200.13
2026-08-24T11:16:14Z INF Retrying connection in up to 1m4s connIndex=0 event=0 ip=198.41.200.13
2026-08-24T11:16:27Z INF Tunnel connection curve preferences: [X25519MLKEM768 CurveID(65074) CurveP256] connIndex=0 event=0 ip=198.41.200.13
2026-08-24T11:16:27Z ERR failed to run the datagram handler error="context canceled" connIndex=0 event=0 ip=198.41.200.13
2026-08-24T11:16:27Z ERR failed to serve tunnel connection error="control stream encountered a failure while serving" connIndex=0 event=0 ip=198.41.200.13
2026-08-24T11:16:27Z ERR Serve tunnel error error="control stream encountered a failure while serving" connIndex=0 event=0 ip=198.41.200.13
2026-08-24T11:16:27Z INF Retrying connection in up to 1m4s connIndex=0 event=0 ip=198.41.200.13
2026-08-24T11:16:59Z INF Tunnel connection curve preferences: [X25519MLKEM768 CurveID(65074) CurveP256] connIndex=0 event=0 ip=198.41.200.13
2026-08-24T11:16:59Z ERR failed to run the datagram handler error="context canceled" connIndex=0 event=0 ip=198.41.200.13
2026-08-24T11:16:59Z ERR failed to serve tunnel connection error="control stream encountered a failure while serving" connIndex=0 event=0 ip=198.41.200.13
2026-08-24T11:16:59Z ERR Serve tunnel error error="control stream encountered a failure while serving" connIndex=0 event=0 ip=198.41.200.13
2026-08-24T11:16:59Z INF Retrying connection in up to 1m4s connIndex=0 event=0 ip=198.41.200.13
2026-08-24T11:17:26Z INF Tunnel connection curve preferences: [X25519MLKEM768 CurveID(65074) CurveP256] connIndex=0 event=0 ip=198.41.200.13
2026-08-24T11:17:27Z ERR failed to run the datagram handler error="context canceled" connIndex=0 event=0 ip=198.41.200.13
2026-08-24T11:17:27Z ERR failed to serve tunnel connection error="control stream encountered a failure while serving" connIndex=0 event=0 ip=198.41.200.13
2026-08-24T11:17:27Z ERR Serve tunnel error error="control stream encountered a failure while serving" connIndex=0 event=0 ip=198.41.200.13
2026-08-24T11:17:27Z INF Retrying connection in up to 1m4s connIndex=0 event=0 ip=198.41.200.13
2026-08-24T11:17:28Z INF Tunnel connection curve preferences: [X25519MLKEM768 CurveID(65074) CurveP256] connIndex=0 event=0 ip=198.41.200.13
2026-08-24T11:17:28Z ERR failed to run the datagram handler error="context canceled" connIndex=0 event=0 ip=198.41.200.13
2026-08-24T11:17:28Z ERR failed to serve tunnel connection error="control stream encountered a failure while serving" connIndex=0 event=0 ip=198.41.200.13
2026-08-24T11:17:28Z ERR Serve tunnel error error="control stream encountered a failure while serving" connIndex=0 event=0 ip=198.41.200.13
2026-08-24T11:17:28Z INF Retrying connection in up to 1m4s connIndex=0 event=0 ip=198.41.200.13
2026-08-24T11:17:34Z INF Tunnel connection curve preferences: [X25519MLKEM768 CurveID(65074) CurveP256] connIndex=0 event=0 ip=198.41.200.13
2026-08-24T11:17:34Z ERR failed to run the datagram handler error="context canceled" connIndex=0 event=0 ip=198.41.200.13
2026-08-24T11:17:34Z ERR failed to serve tunnel connection error="control stream encountered a failure while serving" connIndex=0 event=0 ip=198.41.200.13
2026-08-24T11:17:34Z ERR Serve tunnel error error="control stream encountered a failure while serving" connIndex=0 event=0 ip=198.41.200.13
2026-08-24T11:17:34Z INF Retrying connection in up to 1m4s connIndex=0 event=0 ip=198.41.200.13
2026-08-24T11:17:54Z INF Tunnel connection curve preferences: [X25519MLKEM768 CurveID(65074) CurveP256] connIndex=0 event=0 ip=198.41.200.13
2026-08-24T11:17:55Z ERR failed to run the datagram handler error="context canceled" connIndex=0 event=0 ip=198.41.200.13
2026-08-24T11:17:55Z ERR failed to serve tunnel connection error="control stream encountered a failure while serving" connIndex=0 event=0 ip=198.41.200.13
2026-08-24T11:17:55Z ERR Serve tunnel error error="control stream encountered a failure while serving" connIndex=0 event=0 ip=198.41.200.13
2026-08-24T11:17:55Z INF Retrying connection in up to 1m4s connIndex=0 event=0 ip=198.41.200.13
2026-08-24T11:18:26Z INF Tunnel connection curve preferences: [X25519MLKEM768 CurveID(65074) CurveP256] connIndex=0 event=0 ip=198.41.200.13
2026-08-24T11:18:27Z ERR failed to run the datagram handler error="context canceled" connIndex=0 event=0 ip=198.41.200.13
2026-08-24T11:18:27Z ERR failed to serve tunnel connection error="control stream encountered a failure while serving" connIndex=0 event=0 ip=198.41.200.13
2026-08-24T11:18:27Z ERR Serve tunnel error error="control stream encountered a failure while serving" connIndex=0 event=0 ip=198.41.200.13
2026-08-24T11:18:27Z INF Retrying connection in up to 1m4s connIndex=0 event=0 ip=198.41.200.13
2026-08-24T11:18:52Z INF Tunnel connection curve preferences: [X25519MLKEM768 CurveID(65074) CurveP256] connIndex=0 event=0 ip=198.41.200.13
2026-08-24T11:18:52Z ERR failed to run the datagram handler error="context canceled" connIndex=0 event=0 ip=198.41.200.13
2026-08-24T11:18:52Z ERR failed to serve tunnel connection error="control stream encountered a failure while serving" connIndex=0 event=0 ip=198.41.200.13
2026-08-24T11:18:52Z ERR Serve tunnel error error="control stream encountered a failure while serving" connIndex=0 event=0 ip=198.41.200.13
2026-08-24T11:18:52Z INF Retrying connection in up to 1m4s connIndex=0 event=0 ip=198.41.200.13
2026-08-24T11:18:52Z INF Tunnel connection curve preferences: [X25519MLKEM768 CurveID(65074) CurveP256] connIndex=0 event=0 ip=198.41.200.13
2026-08-24T11:18:52Z ERR failed to run the datagram handler error="context canceled" connIndex=0 event=0 ip=198.41.200.13
2026-08-24T11:18:52Z ERR failed to serve tunnel connection error="control stream encountered a failure while serving" connIndex=0 event=0 ip=198.41.200.13
2026-08-24T11:18:52Z ERR Serve tunnel error error="control stream encountered a failure while serving" connIndex=0 event=0 ip=198.41.200.13
2026-08-24T11:18:52Z INF Retrying connection in up to 1m4s connIndex=0 event=0 ip=198.41.200.13
2026-08-24T11:18:58Z INF Tunnel connection curve preferences: [X25519MLKEM768 CurveID(65074) CurveP256] connIndex=0 event=0 ip=198.41.200.13
2026-08-24T11:18:58Z ERR failed to run the datagram handler error="context canceled" connIndex=0 event=0 ip=198.41.200.13
2026-08-24T11:18:58Z ERR failed to serve tunnel connection error="control stream encountered a failure while serving" connIndex=0 event=0 ip=198.41.200.13
2026-08-24T11:18:58Z ERR Serve tunnel error error="control stream encountered a failure while serving" connIndex=0 event=0 ip=198.41.200.13
2026-08-24T11:18:58Z INF Retrying connection in up to 1m4s connIndex=0 event=0 ip=198.41.200.13
2026-08-24T11:19:03Z INF Tunnel connection curve preferences: [X25519MLKEM768 CurveID(65074) CurveP256] connIndex=0 event=0 ip=198.41.200.13
2026-08-24T11:19:04Z ERR failed to run the datagram handler error="context canceled" connIndex=0 event=0 ip=198.41.200.13
2026-08-24T11:19:04Z ERR failed to serve tunnel connection error="control stream encountered a failure while serving" connIndex=0 event=0 ip=198.41.200.13
2026-08-24T11:19:04Z ERR Serve tunnel error error="control stream encountered a failure while serving" connIndex=0 event=0 ip=198.41.200.13
2026-08-24T11:19:04Z INF Retrying connection in up to 1m4s connIndex=0 event=0 ip=198.41.200.13
2026-08-24T11:19:06Z INF Tunnel connection curve preferences: [X25519MLKEM768 CurveID(65074) CurveP256] connIndex=0 event=0 ip=198.41.200.13
2026-08-24T11:19:06Z ERR failed to run the datagram handler error="context canceled" connIndex=0 event=0 ip=198.41.200.13
2026-08-24T11:19:06Z ERR failed to serve tunnel connection error="control stream encountered a failure while serving" connIndex=0 event=0 ip=198.41.200.13
2026-08-24T11:19:06Z ERR Serve tunnel error error="control stream encountered a failure while serving" connIndex=0 event=0 ip=198.41.200.13
2026-08-24T11:19:06Z INF Retrying connection in up to 1m4s connIndex=0 event=0 ip=198.41.200.13
2026-08-24T11:19:16Z INF Tunnel connection curve preferences: [X25519MLKEM768 CurveID(65074) CurveP256] connIndex=0 event=0 ip=198.41.200.13
2026-08-24T11:19:16Z ERR failed to run the datagram handler error="context canceled" connIndex=0 event=0 ip=198.41.200.13
2026-08-24T11:19:16Z ERR failed to serve tunnel connection error="control stream encountered a failure while serving" connIndex=0 event=0 ip=198.41.200.13
2026-08-24T11:19:16Z ERR Serve tunnel error error="control stream encountered a failure while serving" connIndex=0 event=0 ip=198.41.200.13
2026-08-24T11:19:16Z INF Retrying connection in up to 1m4s connIndex=0 event=0 ip=198.41.200.13
2026-08-24T11:20:34Z INF Tunnel connection curve preferences: [X25519MLKEM768 CurveID(65074) CurveP256] connIndex=0 event=0 ip=198.41.200.13
2026-08-24T11:20:34Z ERR failed to run the datagram handler error="context canceled" connIndex=0 event=0 ip=198.41.200.13
2026-08-24T11:20:34Z ERR failed to serve tunnel connection error="control stream encountered a failure while serving" connIndex=0 event=0 ip=198.41.200.13
2026-08-24T11:20:34Z ERR Serve tunnel error error="control stream encountered a failure while serving" connIndex=0 event=0 ip=198.41.200.13
2026-08-24T11:20:34Z INF Retrying connection in up to 1m4s connIndex=0 event=0 ip=198.41.200.13
2026-08-24T11:21:06Z INF Tunnel connection curve preferences: [X25519MLKEM768 CurveID(65074) CurveP256] connIndex=0 event=0 ip=198.41.200.13
2026-08-24T11:21:06Z ERR failed to run the datagram handler error="context canceled" connIndex=0 event=0 ip=198.41.200.13
2026-08-24T11:21:06Z ERR failed to serve tunnel connection error="control stream encountered a failure while serving" connIndex=0 event=0 ip=198.41.200.13
2026-08-24T11:21:06Z ERR Serve tunnel error error="control stream encountered a failure while serving" connIndex=0 event=0 ip=198.41.200.13
2026-08-24T11:21:06Z INF Retrying connection in up to 1m4s connIndex=0 event=0 ip=198.41.200.13
2026-08-24T11:21:15Z INF Tunnel connection curve preferences: [X25519MLKEM768 CurveID(65074) CurveP256] connIndex=0 event=0 ip=198.41.200.13
2026-08-24T11:21:15Z ERR failed to run the datagram handler error="context canceled" connIndex=0 event=0 ip=198.41.200.13
2026-08-24T11:21:15Z ERR failed to serve tunnel connection error="control stream encountered a failure while serving" connIndex=0 event=0 ip=198.41.200.13
2026-08-24T11:21:15Z ERR Serve tunnel error error="control stream encountered a failure while serving" connIndex=0 event=0 ip=198.41.200.13
2026-08-24T11:21:15Z INF Retrying connection in up to 1m4s connIndex=0 event=0 ip=198.41.200.13
2026-08-24T11:21:30Z INF Tunnel connection curve preferences: [X25519MLKEM768 CurveID(65074) CurveP256] connIndex=0 event=0 ip=198.41.200.13
2026-08-24T11:21:30Z ERR failed to run the datagram handler error="context canceled" connIndex=0 event=0 ip=198.41.200.13
2026-08-24T11:21:30Z ERR failed to serve tunnel connection error="control stream encountered a failure while serving" connIndex=0 event=0 ip=198.41.200.13
2026-08-24T11:21:30Z ERR Serve tunnel error error="control stream encountered a failure while serving" connIndex=0 event=0 ip=198.41.200.13
2026-08-24T11:21:30Z INF Retrying connection in up to 1m4s connIndex=0 event=0 ip=198.41.200.13
2026-08-24T11:21:46Z INF Tunnel connection curve preferences: [X25519MLKEM768 CurveID(65074) CurveP256] connIndex=0 event=0 ip=198.41.200.13
2026-08-24T11:21:46Z ERR failed to run the datagram handler error="context canceled" connIndex=0 event=0 ip=198.41.200.13
2026-08-24T11:21:46Z ERR failed to serve tunnel connection error="control stream encountered a failure while serving" connIndex=0 event=0 ip=198.41.200.13
2026-08-24T11:21:46Z ERR Serve tunnel error error="control stream encountered a failure while serving" connIndex=0 event=0 ip=198.41.200.13
2026-08-24T11:21:46Z INF Retrying connection in up to 1m4s connIndex=0 event=0 ip=198.41.200.13
2026-08-24T11:21:54Z INF Tunnel connection curve preferences: [X25519MLKEM768 CurveID(65074) CurveP256] connIndex=0 event=0 ip=198.41.200.13
2026-08-24T11:21:54Z ERR failed to run the datagram handler error="context canceled" connIndex=0 event=0 ip=198.41.200.13
2026-08-24T11:21:54Z ERR failed to serve tunnel connection error="control stream encountered a failure while serving" connIndex=0 event=0 ip=198.41.200.13
2026-08-24T11:21:54Z ERR Serve tunnel error error="control stream encountered a failure while serving" connIndex=0 event=0 ip=198.41.200.13
2026-08-24T11:21:54Z INF Retrying connection in up to 1m4s connIndex=0 event=0 ip=198.41.200.13
2026-08-24T11:22:24Z INF Tunnel connection curve preferences: [X25519MLKEM768 CurveID(65074) CurveP256] connIndex=0 event=0 ip=198.41.200.13
2026-08-24T11:22:24Z ERR failed to run the datagram handler error="context canceled" connIndex=0 event=0 ip=198.41.200.13
2026-08-24T11:22:24Z ERR failed to serve tunnel connection error="control stream encountered a failure while serving" connIndex=0 event=0 ip=198.41.200.13
2026-08-24T11:22:24Z ERR Serve tunnel error error="control stream encountered a failure while serving" connIndex=0 event=0 ip=198.41.200.13
2026-08-24T11:22:24Z INF Retrying connection in up to 1m4s connIndex=0 event=0 ip=198.41.200.13
2026-08-24T11:22:36Z INF Tunnel connection curve preferences: [X25519MLKEM768 CurveID(65074) CurveP256] connIndex=0 event=0 ip=198.41.200.13
2026-08-24T11:22:36Z ERR failed to run the datagram handler error="context canceled" connIndex=0 event=0 ip=198.41.200.13
2026-08-24T11:22:36Z ERR failed to serve tunnel connection error="control stream encountered a failure while serving" connIndex=0 event=0 ip=198.41.200.13
2026-08-24T11:22:36Z ERR Serve tunnel error error="control stream encountered a failure while serving" connIndex=0 event=0 ip=198.41.200.13
2026-08-24T11:22:36Z INF Retrying connection in up to 1m4s connIndex=0 event=0 ip=198.41.200.13
2026-08-24T11:22:58Z INF Tunnel connection curve preferences: [X25519MLKEM768 CurveID(65074) CurveP256] connIndex=0 event=0 ip=198.41.200.13
2026-08-24T11:22:58Z ERR failed to run the datagram handler error="context canceled" connIndex=0 event=0 ip=198.41.200.13
2026-08-24T11:22:58Z ERR failed to serve tunnel connection error="control stream encountered a failure while serving" connIndex=0 event=0 ip=198.41.200.13
2026-08-24T11:22:58Z ERR Serve tunnel error error="control stream encountered a failure while serving" connIndex=0 event=0 ip=198.41.200.13
2026-08-24T11:22:58Z INF Retrying connection in up to 1m4s connIndex=0 event=0 ip=198.41.200.13
2026-08-24T11:23:27Z INF Tunnel connection curve preferences: [X25519MLKEM768 CurveID(65074) CurveP256] connIndex=0 event=0 ip=198.41.200.13
2026-08-24T11:23:27Z ERR failed to run the datagram handler error="context canceled" connIndex=0 event=0 ip=198.41.200.13
2026-08-24T11:23:27Z ERR failed to serve tunnel connection error="control stream encountered a failure while serving" connIndex=0 event=0 ip=198.41.200.13
2026-08-24T11:23:27Z ERR Serve tunnel error error="control stream encountered a failure while serving" connIndex=0 event=0 ip=198.41.200.13
2026-08-24T11:23:27Z INF Retrying connection in up to 1m4s connIndex=0 event=0 ip=198.41.200.13
2026-08-24T11:23:49Z INF Tunnel connection curve preferences: [X25519MLKEM768 CurveID(65074) CurveP256] connIndex=0 event=0 ip=198.41.200.13
2026-08-24T11:23:49Z ERR failed to run the datagram handler error="context canceled" connIndex=0 event=0 ip=198.41.200.13
2026-08-24T11:23:49Z ERR failed to serve tunnel connection error="control stream encountered a failure while serving" connIndex=0 event=0 ip=198.41.200.13
2026-08-24T11:23:49Z ERR Serve tunnel error error="control stream encountered a failure while serving" connIndex=0 event=0 ip=198.41.200.13
2026-08-24T11:23:49Z INF Retrying connection in up to 1m4s connIndex=0 event=0 ip=198.41.200.13
2026-08-24T11:24:03Z INF Tunnel connection curve preferences: [X25519MLKEM768 CurveID(65074) CurveP256] connIndex=0 event=0 ip=198.41.200.13
2026-08-24T11:24:03Z ERR failed to run the datagram handler error="context canceled" connIndex=0 event=0 ip=198.41.200.13
2026-08-24T11:24:03Z ERR failed to serve tunnel connection error="control stream encountered a failure while serving" connIndex=0 event=0 ip=198.41.200.13
2026-08-24T11:24:03Z ERR Serve tunnel error error="control stream encountered a failure while serving" connIndex=0 event=0 ip=198.41.200.13
2026-08-24T11:24:03Z INF Retrying connection in up to 1m4s connIndex=0 event=0 ip=198.41.200.13
2026-08-24T11:24:29Z INF Tunnel connection curve preferences: [X25519MLKEM768 CurveID(65074) CurveP256] connIndex=0 event=0 ip=198.41.200.13
2026-08-24T11:24:29Z ERR failed to run the datagram handler error="context canceled" connIndex=0 event=0 ip=198.41.200.13
2026-08-24T11:24:29Z ERR failed to serve tunnel connection error="control stream encountered a failure while serving" connIndex=0 event=0 ip=198.41.200.13
2026-08-24T11:24:29Z ERR Serve tunnel error error="control stream encountered a failure while serving" connIndex=0 event=0 ip=198.41.200.13
2026-08-24T11:24:29Z INF Retrying connection in up to 1m4s connIndex=0 event=0 ip=198.41.200.13
2026-08-24T11:24:39Z INF Tunnel connection curve preferences: [X25519MLKEM768 CurveID(65074) CurveP256] connIndex=0 event=0 ip=198.41.200.13
2026-08-24T11:24:40Z ERR failed to run the datagram handler error="context canceled" connIndex=0 event=0 ip=198.41.200.13
2026-08-24T11:24:40Z ERR failed to serve tunnel connection error="control stream encountered a failure while serving" connIndex=0 event=0 ip=198.41.200.13
2026-08-24T11:24:40Z ERR Serve tunnel error error="control stream encountered a failure while serving" connIndex=0 event=0 ip=198.41.200.13
2026-08-24T11:24:40Z INF Retrying connection in up to 1m4s connIndex=0 event=0 ip=198.41.200.13
2026-08-24T11:24:50Z INF Tunnel connection curve preferences: [X25519MLKEM768 CurveID(65074) CurveP256] connIndex=0 event=0 ip=198.41.200.13
2026-08-24T11:24:50Z ERR failed to run the datagram handler error="context canceled" connIndex=0 event=0 ip=198.41.200.13
2026-08-24T11:24:50Z ERR failed to serve tunnel connection error="control stream encountered a failure while serving" connIndex=0 event=0 ip=198.41.200.13
2026-08-24T11:24:50Z ERR Serve tunnel error error="control stream encountered a failure while serving" connIndex=0 event=0 ip=198.41.200.13
2026-08-24T11:24:50Z INF Retrying connection in up to 1m4s connIndex=0 event=0 ip=198.41.200.13
2026-08-24T11:25:17Z INF Tunnel connection curve preferences: [X25519MLKEM768 CurveID(65074) CurveP256] connIndex=0 event=0 ip=198.41.200.13
2026-08-24T11:25:17Z ERR failed to run the datagram handler error="context canceled" connIndex=0 event=0 ip=198.41.200.13
2026-08-24T11:25:17Z ERR failed to serve tunnel connection error="control stream encountered a failure while serving" connIndex=0 event=0 ip=198.41.200.13
2026-08-24T11:25:17Z ERR Serve tunnel error error="control stream encountered a failure while serving" connIndex=0 event=0 ip=198.41.200.13
2026-08-24T11:25:17Z INF Retrying connection in up to 1m4s connIndex=0 event=0 ip=198.41.200.13
2026-08-24T11:25:38Z INF Tunnel connection curve preferences: [X25519MLKEM768 CurveID(65074) CurveP256] connIndex=0 event=0 ip=198.41.200.13
2026-08-24T11:25:38Z ERR failed to run the datagram handler error="context canceled" connIndex=0 event=0 ip=198.41.200.13
2026-08-24T11:25:38Z ERR failed to serve tunnel connection error="control stream encountered a failure while serving" connIndex=0 event=0 ip=198.41.200.13
2026-08-24T11:25:38Z ERR Serve tunnel error error="control stream encountered a failure while serving" connIndex=0 event=0 ip=198.41.200.13
2026-08-24T11:25:38Z INF Retrying connection in up to 1m4s connIndex=0 event=0 ip=198.41.200.13
2026-08-24T11:26:01Z INF Tunnel connection curve preferences: [X25519MLKEM768 CurveID(65074) CurveP256] connIndex=0 event=0 ip=198.41.200.13
2026-08-24T11:26:01Z ERR failed to run the datagram handler error="context canceled" connIndex=0 event=0 ip=198.41.200.13
2026-08-24T11:26:01Z ERR failed to serve tunnel connection error="control stream encountered a failure while serving" connIndex=0 event=0 ip=198.41.200.13
2026-08-24T11:26:01Z ERR Serve tunnel error error="control stream encountered a failure while serving" connIndex=0 event=0 ip=198.41.200.13
2026-08-24T11:26:01Z INF Retrying connection in up to 1m4s connIndex=0 event=0 ip=198.41.200.13
2026-08-24T11:26:31Z INF Tunnel connection curve preferences: [X25519MLKEM768 CurveID(65074) CurveP256] connIndex=0 event=0 ip=198.41.200.13
2026-08-24T11:26:31Z ERR failed to run the datagram handler error="context canceled" connIndex=0 event=0 ip=198.41.200.13
2026-08-24T11:26:31Z ERR failed to serve tunnel connection error="control stream encountered a failure while serving" connIndex=0 event=0 ip=198.41.200.13
2026-08-24T11:26:31Z ERR Serve tunnel error error="control stream encountered a failure while serving" connIndex=0 event=0 ip=198.41.200.13
2026-08-24T11:26:31Z INF Retrying connection in up to 1m4s connIndex=0 event=0 ip=198.41.200.13
2026-08-24T11:26:59Z INF Tunnel connection curve preferences: [X25519MLKEM768 CurveID(65074) CurveP256] connIndex=0 event=0 ip=198.41.200.13
2026-08-24T11:26:59Z ERR failed to run the datagram handler error="context canceled" connIndex=0 event=0 ip=198.41.200.13
2026-08-24T11:26:59Z ERR failed to serve tunnel connection error="control stream encountered a failure while serving" connIndex=0 event=0 ip=198.41.200.13
2026-08-24T11:26:59Z ERR Serve tunnel error error="control stream encountered a failure while serving" connIndex=0 event=0 ip=198.41.200.13
2026-08-24T11:26:59Z INF Retrying connection in up to 1m4s connIndex=0 event=0 ip=198.41.200.13
2026-08-24T11:27:01Z INF Tunnel connection curve preferences: [X25519MLKEM768 CurveID(65074) CurveP256] connIndex=0 event=0 ip=198.41.200.13
2026-08-24T11:27:01Z ERR failed to run the datagram handler error="context canceled" connIndex=0 event=0 ip=198.41.200.13
2026-08-24T11:27:01Z ERR failed to serve tunnel connection error="control stream encountered a failure while serving" connIndex=0 event=0 ip=198.41.200.13
2026-08-24T11:27:01Z ERR Serve tunnel error error="control stream encountered a failure while serving" connIndex=0 event=0 ip=198.41.200.13
2026-08-24T11:27:01Z INF Retrying connection in up to 1m4s connIndex=0 event=0 ip=198.41.200.13
2026-08-24T11:27:18Z INF Tunnel connection curve preferences: [X25519MLKEM768 CurveID(65074) CurveP256] connIndex=0 event=0 ip=198.41.200.13
2026-08-24T11:27:18Z ERR failed to run the datagram handler error="context canceled" connIndex=0 event=0 ip=198.41.200.13
2026-08-24T11:27:18Z ERR failed to serve tunnel connection error="control stream encountered a failure while serving" connIndex=0 event=0 ip=198.41.200.13
2026-08-24T11:27:18Z ERR Serve tunnel error error="control stream encountered a failure while serving" connIndex=0 event=0 ip=198.41.200.13
2026-08-24T11:27:18Z INF Retrying connection in up to 1m4s connIndex=0 event=0 ip=198.41.200.13
2026-08-24T11:27:20Z INF Tunnel connection curve preferences: [X25519MLKEM768 CurveID(65074) CurveP256] connIndex=0 event=0 ip=198.41.200.13
2026-08-24T11:27:20Z ERR failed to run the datagram handler error="context canceled" connIndex=0 event=0 ip=198.41.200.13
2026-08-24T11:27:20Z ERR failed to serve tunnel connection error="control stream encountered a failure while serving" connIndex=0 event=0 ip=198.41.200.13
2026-08-24T11:27:20Z ERR Serve tunnel error error="control stream encountered a failure while serving" connIndex=0 event=0 ip=198.41.200.13
2026-08-24T11:27:20Z INF Retrying connection in up to 1m4s connIndex=0 event=0 ip=198.41.200.13
2026-08-24T11:27:35Z INF Tunnel connection curve preferences: [X25519MLKEM768 CurveID(65074) CurveP256] connIndex=0 event=0 ip=198.41.200.13
2026-08-24T11:27:35Z ERR failed to run the datagram handler error="context canceled" connIndex=0 event=0 ip=198.41.200.13
2026-08-24T11:27:35Z ERR failed to serve tunnel connection error="control stream encountered a failure while serving" connIndex=0 event=0 ip=198.41.200.13
2026-08-24T11:27:35Z ERR Serve tunnel error error="control stream encountered a failure while serving" connIndex=0 event=0 ip=198.41.200.13
2026-08-24T11:27:35Z INF Retrying connection in up to 1m4s connIndex=0 event=0 ip=198.41.200.13
2026-08-24T11:27:55Z INF Tunnel connection curve preferences: [X25519MLKEM768 CurveID(65074) CurveP256] connIndex=0 event=0 ip=198.41.200.13
2026-08-24T11:27:55Z ERR failed to run the datagram handler error="context canceled" connIndex=0 event=0 ip=198.41.200.13
2026-08-24T11:27:55Z ERR failed to serve tunnel connection error="control stream encountered a failure while serving" connIndex=0 event=0 ip=198.41.200.13
2026-08-24T11:27:55Z ERR Serve tunnel error error="control stream encountered a failure while serving" connIndex=0 event=0 ip=198.41.200.13
2026-08-24T11:27:55Z INF Retrying connection in up to 1m4s connIndex=0 event=0 ip=198.41.200.13
2026-08-24T11:28:18Z INF Tunnel connection curve preferences: [X25519MLKEM768 CurveID(65074) CurveP256] connIndex=0 event=0 ip=198.41.200.13
2026-08-24T11:28:19Z ERR failed to run the datagram handler error="context canceled" connIndex=0 event=0 ip=198.41.200.13
2026-08-24T11:28:19Z ERR failed to serve tunnel connection error="control stream encountered a failure while serving" connIndex=0 event=0 ip=198.41.200.13
2026-08-24T11:28:19Z ERR Serve tunnel error error="control stream encountered a failure while serving" connIndex=0 event=0 ip=198.41.200.13
2026-08-24T11:28:19Z INF Retrying connection in up to 1m4s connIndex=0 event=0 ip=198.41.200.13
2026-08-24T11:28:50Z INF Tunnel connection curve preferences: [X25519MLKEM768 CurveID(65074) CurveP256] connIndex=0 event=0 ip=198.41.200.13
2026-08-24T11:28:50Z ERR failed to run the datagram handler error="context canceled" connIndex=0 event=0 ip=198.41.200.13
2026-08-24T11:28:50Z ERR failed to serve tunnel connection error="control stream encountered a failure while serving" connIndex=0 event=0 ip=198.41.200.13
2026-08-24T11:28:50Z ERR Serve tunnel error error="control stream encountered a failure while serving" connIndex=0 event=0 ip=198.41.200.13
2026-08-24T11:28:50Z INF Retrying connection in up to 1m4s connIndex=0 event=0 ip=198.41.200.13
2026-08-24T11:29:02Z INF Tunnel connection curve preferences: [X25519MLKEM768 CurveID(65074) CurveP256] connIndex=0 event=0 ip=198.41.200.13
2026-08-24T11:29:02Z ERR failed to run the datagram handler error="context canceled" connIndex=0 event=0 ip=198.41.200.13
2026-08-24T11:29:02Z ERR failed to serve tunnel connection error="control stream encountered a failure while serving" connIndex=0 event=0 ip=198.41.200.13
2026-08-24T11:29:02Z ERR Serve tunnel error error="control stream encountered a failure while serving" connIndex=0 event=0 ip=198.41.200.13
2026-08-24T11:29:02Z INF Retrying connection in up to 1m4s connIndex=0 event=0 ip=198.41.200.13
2026-08-24T11:29:30Z INF Tunnel connection curve preferences: [X25519MLKEM768 CurveID(65074) CurveP256] connIndex=0 event=0 ip=198.41.200.13
2026-08-24T11:29:30Z ERR failed to run the datagram handler error="context canceled" connIndex=0 event=0 ip=198.41.200.13
2026-08-24T11:29:30Z ERR failed to serve tunnel connection error="control stream encountered a failure while serving" connIndex=0 event=0 ip=198.41.200.13
2026-08-24T11:29:30Z ERR Serve tunnel error error="control stream encountered a failure while serving" connIndex=0 event=0 ip=198.41.200.13
2026-08-24T11:29:30Z INF Retrying connection in up to 1m4s connIndex=0 event=0 ip=198.41.200.13
2026-08-24T11:29:52Z INF Tunnel connection curve preferences: [X25519MLKEM768 CurveID(65074) CurveP256] connIndex=0 event=0 ip=198.41.200.13
2026-08-24T11:29:52Z ERR failed to run the datagram handler error="context canceled" connIndex=0 event=0 ip=198.41.200.13
2026-08-24T11:29:52Z ERR failed to serve tunnel connection error="control stream encountered a failure while serving" connIndex=0 event=0 ip=198.41.200.13
2026-08-24T11:29:52Z ERR Serve tunnel error error="control stream encountered a failure while serving" connIndex=0 event=0 ip=198.41.200.13
2026-08-24T11:29:52Z INF Retrying connection in up to 1m4s connIndex=0 event=0 ip=198.41.200.13
2026-08-24T11:30:09Z INF Tunnel connection curve preferences: [X25519MLKEM768 CurveID(65074) CurveP256] connIndex=0 event=0 ip=198.41.200.13
2026-08-24T11:30:09Z ERR failed to run the datagram handler error="context canceled" connIndex=0 event=0 ip=198.41.200.13
2026-08-24T11:30:09Z ERR failed to serve tunnel connection error="control stream encountered a failure while serving" connIndex=0 event=0 ip=198.41.200.13
2026-08-24T11:30:09Z ERR Serve tunnel error error="control stream encountered a failure while serving" connIndex=0 event=0 ip=198.41.200.13
2026-08-24T11:30:09Z INF Retrying connection in up to 1m4s connIndex=0 event=0 ip=198.41.200.13
2026-08-24T11:30:16Z INF Tunnel connection curve preferences: [X25519MLKEM768 CurveID(65074) CurveP256] connIndex=0 event=0 ip=198.41.200.13
2026-08-24T11:30:17Z ERR failed to run the datagram handler error="context canceled" connIndex=0 event=0 ip=198.41.200.13
2026-08-24T11:30:17Z ERR failed to serve tunnel connection error="control stream encountered a failure while serving" connIndex=0 event=0 ip=198.41.200.13
2026-08-24T11:30:17Z ERR Serve tunnel error error="control stream encountered a failure while serving" connIndex=0 event=0 ip=198.41.200.13
2026-08-24T11:30:17Z INF Retrying connection in up to 1m4s connIndex=0 event=0 ip=198.41.200.13
2026-08-24T11:30:43Z INF Tunnel connection curve preferences: [X25519MLKEM768 CurveID(65074) CurveP256] connIndex=0 event=0 ip=198.41.200.13
2026-08-24T11:30:43Z ERR failed to run the datagram handler error="context canceled" connIndex=0 event=0 ip=198.41.200.13
2026-08-24T11:30:43Z ERR failed to serve tunnel connection error="control stream encountered a failure while serving" connIndex=0 event=0 ip=198.41.200.13
2026-08-24T11:30:43Z ERR Serve tunnel error error="control stream encountered a failure while serving" connIndex=0 event=0 ip=198.41.200.13
2026-08-24T11:30:43Z INF Retrying connection in up to 1m4s connIndex=0 event=0 ip=198.41.200.13
2026-08-24T11:31:06Z INF Tunnel connection curve preferences: [X25519MLKEM768 CurveID(65074) CurveP256] connIndex=0 event=0 ip=198.41.200.13
2026-08-24T11:31:06Z ERR failed to run the datagram handler error="context canceled" connIndex=0 event=0 ip=198.41.200.13
2026-08-24T11:31:06Z ERR failed to serve tunnel connection error="control stream encountered a failure while serving" connIndex=0 event=0 ip=198.41.200.13
2026-08-24T11:31:06Z ERR Serve tunnel error error="control stream encountered a failure while serving" connIndex=0 event=0 ip=198.41.200.13
2026-08-24T11:31:06Z INF Retrying connection in up to 1m4s connIndex=0 event=0 ip=198.41.200.13
2026-08-24T11:31:32Z INF Tunnel connection curve preferences: [X25519MLKEM768 CurveID(65074) CurveP256] connIndex=0 event=0 ip=198.41.200.13
2026-08-24T11:31:32Z ERR failed to run the datagram handler error="context canceled" connIndex=0 event=0 ip=198.41.200.13
2026-08-24T11:31:32Z ERR failed to serve tunnel connection error="control stream encountered a failure while serving" connIndex=0 event=0 ip=198.41.200.13
2026-08-24T11:31:32Z ERR Serve tunnel error error="control stream encountered a failure while serving" connIndex=0 event=0 ip=198.41.200.13
2026-08-24T11:31:32Z INF Retrying connection in up to 1m4s connIndex=0 event=0 ip=198.41.200.13
2026-08-24T11:32:03Z INF Tunnel connection curve preferences: [X25519MLKEM768 CurveID(65074) CurveP256] connIndex=0 event=0 ip=198.41.200.13
2026-08-24T11:32:03Z ERR failed to run the datagram handler error="context canceled" connIndex=0 event=0 ip=198.41.200.13
2026-08-24T11:32:03Z ERR failed to serve tunnel connection error="control stream encountered a failure while serving" connIndex=0 event=0 ip=198.41.200.13
2026-08-24T11:32:03Z ERR Serve tunnel error error="control stream encountered a failure while serving" connIndex=0 event=0 ip=198.41.200.13
2026-08-24T11:32:03Z INF Retrying connection in up to 1m4s connIndex=0 event=0 ip=198.41.200.13
2026-08-24T11:32:32Z INF Tunnel connection curve preferences: [X25519MLKEM768 CurveID(65074) CurveP256] connIndex=0 event=0 ip=198.41.200.13
2026-08-24T11:32:32Z ERR failed to run the datagram handler error="context canceled" connIndex=0 event=0 ip=198.41.200.13
2026-08-24T11:32:32Z ERR failed to serve tunnel connection error="control stream encountered a failure while serving" connIndex=0 event=0 ip=198.41.200.13
2026-08-24T11:32:32Z ERR Serve tunnel error error="control stream encountered a failure while serving" connIndex=0 event=0 ip=198.41.200.13
2026-08-24T11:32:32Z INF Retrying connection in up to 1m4s connIndex=0 event=0 ip=198.41.200.13
2026-08-24T11:32:55Z INF Tunnel connection curve preferences: [X25519MLKEM768 CurveID(65074) CurveP256] connIndex=0 event=0 ip=198.41.200.13
2026-08-24T11:32:55Z ERR failed to run the datagram handler error="context canceled" connIndex=0 event=0 ip=198.41.200.13
2026-08-24T11:32:55Z ERR failed to serve tunnel connection error="control stream encountered a failure while serving" connIndex=0 event=0 ip=198.41.200.13
2026-08-24T11:32:55Z ERR Serve tunnel error error="control stream encountered a failure while serving" connIndex=0 event=0 ip=198.41.200.13
2026-08-24T11:32:55Z INF Retrying connection in up to 1m4s connIndex=0 event=0 ip=198.41.200.13
2026-08-24T11:33:20Z INF Tunnel connection curve preferences: [X25519MLKEM768 CurveID(65074) CurveP256] connIndex=0 event=0 ip=198.41.200.13
2026-08-24T11:33:20Z ERR failed to run the datagram handler error="context canceled" connIndex=0 event=0 ip=198.41.200.13
2026-08-24T11:33:20Z ERR failed to serve tunnel connection error="control stream encountered a failure while serving" connIndex=0 event=0 ip=198.41.200.13
2026-08-24T11:33:20Z ERR Serve tunnel error error="control stream encountered a failure while serving" connIndex=0 event=0 ip=198.41.200.13
2026-08-24T11:33:20Z INF Retrying connection in up to 1m4s connIndex=0 event=0 ip=198.41.200.13
2026-08-24T11:33:32Z INF Tunnel connection curve preferences: [X25519MLKEM768 CurveID(65074) CurveP256] connIndex=0 event=0 ip=198.41.200.13
2026-08-24T11:33:32Z ERR failed to run the datagram handler error="context canceled" connIndex=0 event=0 ip=198.41.200.13
2026-08-24T11:33:32Z ERR failed to serve tunnel connection error="control stream encountered a failure while serving" connIndex=0 event=0 ip=198.41.200.13
2026-08-24T11:33:32Z ERR Serve tunnel error error="control stream encountered a failure while serving" connIndex=0 event=0 ip=198.41.200.13
2026-08-24T11:33:32Z INF Retrying connection in up to 1m4s connIndex=0 event=0 ip=198.41.200.13
2026-08-24T11:33:32Z INF Tunnel connection curve preferences: [X25519MLKEM768 CurveID(65074) CurveP256] connIndex=0 event=0 ip=198.41.200.13
2026-08-24T11:33:32Z ERR failed to run the datagram handler error="context canceled" connIndex=0 event=0 ip=198.41.200.13
2026-08-24T11:33:32Z ERR failed to serve tunnel connection error="control stream encountered a failure while serving" connIndex=0 event=0 ip=198.41.200.13
2026-08-24T11:33:32Z ERR Serve tunnel error error="control stream encountered a failure while serving" connIndex=0 event=0 ip=198.41.200.13
2026-08-24T11:33:32Z INF Retrying connection in up to 1m4s connIndex=0 event=0 ip=198.41.200.13
2026-08-24T11:34:02Z INF Tunnel connection curve preferences: [X25519MLKEM768 CurveID(65074) CurveP256] connIndex=0 event=0 ip=198.41.200.13
2026-08-24T11:34:02Z ERR failed to run the datagram handler error="context canceled" connIndex=0 event=0 ip=198.41.200.13
2026-08-24T11:34:02Z ERR failed to serve tunnel connection error="control stream encountered a failure while serving" connIndex=0 event=0 ip=198.41.200.13
2026-08-24T11:34:02Z ERR Serve tunnel error error="control stream encountered a failure while serving" connIndex=0 event=0 ip=198.41.200.13
2026-08-24T11:34:02Z INF Retrying connection in up to 1m4s connIndex=0 event=0 ip=198.41.200.13
2026-08-24T11:34:26Z INF Tunnel connection curve preferences: [X25519MLKEM768 CurveID(65074) CurveP256] connIndex=0 event=0 ip=198.41.200.13
2026-08-24T11:34:26Z ERR failed to run the datagram handler error="context canceled" connIndex=0 event=0 ip=198.41.200.13
2026-08-24T11:34:26Z ERR failed to serve tunnel connection error="control stream encountered a failure while serving" connIndex=0 event=0 ip=198.41.200.13
2026-08-24T11:34:26Z ERR Serve tunnel error error="control stream encountered a failure while serving" connIndex=0 event=0 ip=198.41.200.13
2026-08-24T11:34:26Z INF Retrying connection in up to 1m4s connIndex=0 event=0 ip=198.41.200.13
2026-08-24T11:34:45Z INF Tunnel connection curve preferences: [X25519MLKEM768 CurveID(65074) CurveP256] connIndex=0 event=0 ip=198.41.200.13
2026-08-24T11:34:45Z ERR failed to run the datagram handler error="context canceled" connIndex=0 event=0 ip=198.41.200.13
2026-08-24T11:34:45Z ERR failed to serve tunnel connection error="control stream encountered a failure while serving" connIndex=0 event=0 ip=198.41.200.13
2026-08-24T11:34:45Z ERR Serve tunnel error error="control stream encountered a failure while serving" connIndex=0 event=0 ip=198.41.200.13
2026-08-24T11:34:45Z INF Retrying connection in up to 1m4s connIndex=0 event=0 ip=198.41.200.13
2026-08-24T11:34:46Z INF Tunnel connection curve preferences: [X25519MLKEM768 CurveID(65074) CurveP256] connIndex=0 event=0 ip=198.41.200.13
2026-08-24T11:34:46Z ERR failed to run the datagram handler error="context canceled" connIndex=0 event=0 ip=198.41.200.13
2026-08-24T11:34:46Z ERR failed to serve tunnel connection error="control stream encountered a failure while serving" connIndex=0 event=0 ip=198.41.200.13
2026-08-24T11:34:46Z ERR Serve tunnel error error="control stream encountered a failure while serving" connIndex=0 event=0 ip=198.41.200.13
2026-08-24T11:34:46Z INF Retrying connection in up to 1m4s connIndex=0 event=0 ip=198.41.200.13
2026-08-24T11:35:06Z INF Tunnel connection curve preferences: [X25519MLKEM768 CurveID(65074) CurveP256] connIndex=0 event=0 ip=198.41.200.13
2026-08-24T11:35:06Z ERR failed to run the datagram handler error="context canceled" connIndex=0 event=0 ip=198.41.200.13
2026-08-24T11:35:06Z ERR failed to serve tunnel connection error="control stream encountered a failure while serving" connIndex=0 event=0 ip=198.41.200.13
2026-08-24T11:35:06Z ERR Serve tunnel error error="control stream encountered a failure while serving" connIndex=0 event=0 ip=198.41.200.13
2026-08-24T11:35:06Z INF Retrying connection in up to 1m4s connIndex=0 event=0 ip=198.41.200.13
2026-08-24T11:35:24Z INF Tunnel connection curve preferences: [X25519MLKEM768 CurveID(65074) CurveP256] connIndex=0 event=0 ip=198.41.200.13
2026-08-24T11:35:25Z ERR failed to run the datagram handler error="context canceled" connIndex=0 event=0 ip=198.41.200.13
2026-08-24T11:35:25Z ERR failed to serve tunnel connection error="control stream encountered a failure while serving" connIndex=0 event=0 ip=198.41.200.13
2026-08-24T11:35:25Z ERR Serve tunnel error error="control stream encountered a failure while serving" connIndex=0 event=0 ip=198.41.200.13
2026-08-24T11:35:25Z INF Retrying connection in up to 1m4s connIndex=0 event=0 ip=198.41.200.13
2026-08-24T11:35:54Z INF Tunnel connection curve preferences: [X25519MLKEM768 CurveID(65074) CurveP256] connIndex=0 event=0 ip=198.41.200.13
2026-08-24T11:35:54Z ERR failed to run the datagram handler error="context canceled" connIndex=0 event=0 ip=198.41.200.13
2026-08-24T11:35:54Z ERR failed to serve tunnel connection error="control stream encountered a failure while serving" connIndex=0 event=0 ip=198.41.200.13
2026-08-24T11:35:54Z ERR Serve tunnel error error="control stream encountered a failure while serving" connIndex=0 event=0 ip=198.41.200.13
2026-08-24T11:35:54Z INF Retrying connection in up to 1m4s connIndex=0 event=0 ip=198.41.200.13
2026-08-24T11:36:22Z INF Tunnel connection curve preferences: [X25519MLKEM768 CurveID(65074) CurveP256] connIndex=0 event=0 ip=198.41.200.13
2026-08-24T11:36:22Z ERR failed to run the datagram handler error="context canceled" connIndex=0 event=0 ip=198.41.200.13
2026-08-24T11:36:22Z ERR failed to serve tunnel connection error="control stream encountered a failure while serving" connIndex=0 event=0 ip=198.41.200.13
2026-08-24T11:36:22Z ERR Serve tunnel error error="control stream encountered a failure while serving" connIndex=0 event=0 ip=198.41.200.13
2026-08-24T11:36:22Z INF Retrying connection in up to 1m4s connIndex=0 event=0 ip=198.41.200.13
2026-08-24T11:36:48Z INF Tunnel connection curve preferences: [X25519MLKEM768 CurveID(65074) CurveP256] connIndex=0 event=0 ip=198.41.200.13
2026-08-24T11:36:49Z ERR failed to run the datagram handler error="context canceled" connIndex=0 event=0 ip=198.41.200.13
2026-08-24T11:36:49Z ERR failed to serve tunnel connection error="control stream encountered a failure while serving" connIndex=0 event=0 ip=198.41.200.13
2026-08-24T11:36:49Z ERR Serve tunnel error error="control stream encountered a failure while serving" connIndex=0 event=0 ip=198.41.200.13
2026-08-24T11:36:49Z INF Retrying connection in up to 1m4s connIndex=0 event=0 ip=198.41.200.13
2026-08-24T11:37:18Z INF Tunnel connection curve preferences: [X25519MLKEM768 CurveID(65074) CurveP256] connIndex=0 event=0 ip=198.41.200.13
2026-08-24T11:37:18Z ERR failed to run the datagram handler error="context canceled" connIndex=0 event=0 ip=198.41.200.13
2026-08-24T11:37:18Z ERR failed to serve tunnel connection error="control stream encountered a failure while serving" connIndex=0 event=0 ip=198.41.200.13
2026-08-24T11:37:18Z ERR Serve tunnel error error="control stream encountered a failure while serving" connIndex=0 event=0 ip=198.41.200.13
2026-08-24T11:37:18Z INF Retrying connection in up to 1m4s connIndex=0 event=0 ip=198.41.200.13
2026-08-24T11:37:40Z INF Tunnel connection curve preferences: [X25519MLKEM768 CurveID(65074) CurveP256] connIndex=0 event=0 ip=198.41.200.13
2026-08-24T11:37:40Z ERR failed to run the datagram handler error="context canceled" connIndex=0 event=0 ip=198.41.200.13
2026-08-24T11:37:40Z ERR failed to serve tunnel connection error="control stream encountered a failure while serving" connIndex=0 event=0 ip=198.41.200.13
2026-08-24T11:37:40Z ERR Serve tunnel error error="control stream encountered a failure while serving" connIndex=0 event=0 ip=198.41.200.13
2026-08-24T11:37:40Z INF Retrying connection in up to 1m4s connIndex=0 event=0 ip=198.41.200.13
2026-08-24T11:38:02Z INF Tunnel connection curve preferences: [X25519MLKEM768 CurveID(65074) CurveP256] connIndex=0 event=0 ip=198.41.200.13
2026-08-24T11:38:03Z ERR failed to run the datagram handler error="context canceled" connIndex=0 event=0 ip=198.41.200.13
2026-08-24T11:38:03Z ERR failed to serve tunnel connection error="control stream encountered a failure while serving" connIndex=0 event=0 ip=198.41.200.13
2026-08-24T11:38:03Z ERR Serve tunnel error error="control stream encountered a failure while serving" connIndex=0 event=0 ip=198.41.200.13
2026-08-24T11:38:03Z INF Retrying connection in up to 1m4s connIndex=0 event=0 ip=198.41.200.13
2026-08-24T11:38:18Z INF Tunnel connection curve preferences: [X25519MLKEM768 CurveID(65074) CurveP256] connIndex=0 event=0 ip=198.41.200.13
2026-08-24T11:38:18Z ERR failed to run the datagram handler error="context canceled" connIndex=0 event=0 ip=198.41.200.13
2026-08-24T11:38:18Z ERR failed to serve tunnel connection error="control stream encountered a failure while serving" connIndex=0 event=0 ip=198.41.200.13
2026-08-24T11:38:18Z ERR Serve tunnel error error="control stream encountered a failure while serving" connIndex=0 event=0 ip=198.41.200.13
2026-08-24T11:38:18Z INF Retrying connection in up to 1m4s connIndex=0 event=0 ip=198.41.200.13
2026-08-24T11:38:45Z INF Tunnel connection curve preferences: [X25519MLKEM768 CurveID(65074) CurveP256] connIndex=0 event=0 ip=198.41.200.13
2026-08-24T11:38:45Z ERR failed to run the datagram handler error="context canceled" connIndex=0 event=0 ip=198.41.200.13
2026-08-24T11:38:45Z ERR failed to serve tunnel connection error="control stream encountered a failure while serving" connIndex=0 event=0 ip=198.41.200.13
2026-08-24T11:38:45Z ERR Serve tunnel error error="control stream encountered a failure while serving" connIndex=0 event=0 ip=198.41.200.13
2026-08-24T11:38:45Z INF Retrying connection in up to 1m4s connIndex=0 event=0 ip=198.41.200.13
2026-08-24T11:39:15Z INF Tunnel connection curve preferences: [X25519MLKEM768 CurveID(65074) CurveP256] connIndex=0 event=0 ip=198.41.200.13
2026-08-24T11:39:15Z ERR failed to run the datagram handler error="context canceled" connIndex=0 event=0 ip=198.41.200.13
2026-08-24T11:39:15Z ERR failed to serve tunnel connection error="control stream encountered a failure while serving" connIndex=0 event=0 ip=198.41.200.13
2026-08-24T11:39:15Z ERR Serve tunnel error error="control stream encountered a failure while serving" connIndex=0 event=0 ip=198.41.200.13
2026-08-24T11:39:15Z INF Retrying connection in up to 1m4s connIndex=0 event=0 ip=198.41.200.13
2026-08-24T11:39:20Z INF Tunnel connection curve preferences: [X25519MLKEM768 CurveID(65074) CurveP256] connIndex=0 event=0 ip=198.41.200.13
2026-08-24T11:39:20Z ERR failed to run the datagram handler error="context canceled" connIndex=0 event=0 ip=198.41.200.13
2026-08-24T11:39:20Z ERR failed to serve tunnel connection error="control stream encountered a failure while serving" connIndex=0 event=0 ip=198.41.200.13
2026-08-24T11:39:20Z ERR Serve tunnel error error="control stream encountered a failure while serving" connIndex=0 event=0 ip=198.41.200.13
2026-08-24T11:39:20Z INF Retrying connection in up to 1m4s connIndex=0 event=0 ip=198.41.200.13
2026-08-24T11:39:21Z INF Tunnel connection curve preferences: [X25519MLKEM768 CurveID(65074) CurveP256] connIndex=0 event=0 ip=198.41.200.13
2026-08-24T11:39:21Z ERR failed to run the datagram handler error="context canceled" connIndex=0 event=0 ip=198.41.200.13
2026-08-24T11:39:21Z ERR failed to serve tunnel connection error="control stream encountered a failure while serving" connIndex=0 event=0 ip=198.41.200.13
2026-08-24T11:39:21Z ERR Serve tunnel error error="control stream encountered a failure while serving" connIndex=0 event=0 ip=198.41.200.13
2026-08-24T11:39:21Z INF Retrying connection in up to 1m4s connIndex=0 event=0 ip=198.41.200.13
2026-08-24T11:39:47Z INF Tunnel connection curve preferences: [X25519MLKEM768 CurveID(65074) CurveP256] connIndex=0 event=0 ip=198.41.200.13
2026-08-24T11:39:47Z ERR failed to run the datagram handler error="context canceled" connIndex=0 event=0 ip=198.41.200.13
2026-08-24T11:39:47Z ERR failed to serve tunnel connection error="control stream encountered a failure while serving" connIndex=0 event=0 ip=198.41.200.13
2026-08-24T11:39:47Z ERR Serve tunnel error error="control stream encountered a failure while serving" connIndex=0 event=0 ip=198.41.200.13
2026-08-24T11:39:47Z INF Retrying connection in up to 1m4s connIndex=0 event=0 ip=198.41.200.13
2026-08-24T11:40:08Z INF Tunnel connection curve preferences: [X25519MLKEM768 CurveID(65074) CurveP256] connIndex=0 event=0 ip=198.41.200.13
2026-08-24T11:40:08Z ERR failed to run the datagram handler error="context canceled" connIndex=0 event=0 ip=198.41.200.13
2026-08-24T11:40:08Z ERR failed to serve tunnel connection error="control stream encountered a failure while serving" connIndex=0 event=0 ip=198.41.200.13
2026-08-24T11:40:08Z ERR Serve tunnel error error="control stream encountered a failure while serving" connIndex=0 event=0 ip=198.41.200.13
2026-08-24T11:40:08Z INF Retrying connection in up to 1m4s connIndex=0 event=0 ip=198.41.200.13
2026-08-24T11:40:35Z INF Tunnel connection curve preferences: [X25519MLKEM768 CurveID(65074) CurveP256] connIndex=0 event=0 ip=198.41.200.13
2026-08-24T11:40:35Z ERR failed to run the datagram handler error="context canceled" connIndex=0 event=0 ip=198.41.200.13
2026-08-24T11:40:35Z ERR failed to serve tunnel connection error="control stream encountered a failure while serving" connIndex=0 event=0 ip=198.41.200.13
2026-08-24T11:40:35Z ERR Serve tunnel error error="control stream encountered a failure while serving" connIndex=0 event=0 ip=198.41.200.13
2026-08-24T11:40:35Z INF Retrying connection in up to 1m4s connIndex=0 event=0 ip=198.41.200.13
2026-08-24T11:40:36Z INF Tunnel connection curve preferences: [X25519MLKEM768 CurveID(65074) CurveP256] connIndex=0 event=0 ip=198.41.200.13
2026-08-24T11:40:36Z ERR failed to run the datagram handler error="context canceled" connIndex=0 event=0 ip=198.41.200.13
2026-08-24T11:40:36Z ERR failed to serve tunnel connection error="control stream encountered a failure while serving" connIndex=0 event=0 ip=198.41.200.13
2026-08-24T11:40:36Z ERR Serve tunnel error error="control stream encountered a failure while serving" connIndex=0 event=0 ip=198.41.200.13
2026-08-24T11:40:36Z INF Retrying connection in up to 1m4s connIndex=0 event=0 ip=198.41.200.13
2026-08-24T11:41:03Z INF Tunnel connection curve preferences: [X25519MLKEM768 CurveID(65074) CurveP256] connIndex=0 event=0 ip=198.41.200.13
2026-08-24T11:41:03Z ERR failed to run the datagram handler error="context canceled" connIndex=0 event=0 ip=198.41.200.13
2026-08-24T11:41:03Z ERR failed to serve tunnel connection error="control stream encountered a failure while serving" connIndex=0 event=0 ip=198.41.200.13
2026-08-24T11:41:03Z ERR Serve tunnel error error="control stream encountered a failure while serving" connIndex=0 event=0 ip=198.41.200.13
2026-08-24T11:41:03Z INF Retrying connection in up to 1m4s connIndex=0 event=0 ip=198.41.200.13
2026-08-24T11:41:10Z INF Tunnel connection curve preferences: [X25519MLKEM768 CurveID(65074) CurveP256] connIndex=0 event=0 ip=198.41.200.13
2026-08-24T11:41:10Z ERR failed to run the datagram handler error="context canceled" connIndex=0 event=0 ip=198.41.200.13
2026-08-24T11:41:10Z ERR failed to serve tunnel connection error="control stream encountered a failure while serving" connIndex=0 event=0 ip=198.41.200.13
2026-08-24T11:41:10Z ERR Serve tunnel error error="control stream encountered a failure while serving" connIndex=0 event=0 ip=198.41.200.13
2026-08-24T11:41:10Z INF Retrying connection in up to 1m4s connIndex=0 event=0 ip=198.41.200.13
2026-08-24T11:41:15Z INF Tunnel connection curve preferences: [X25519MLKEM768 CurveID(65074) CurveP256] connIndex=0 event=0 ip=198.41.200.13
2026-08-24T11:41:15Z ERR failed to run the datagram handler error="context canceled" connIndex=0 event=0 ip=198.41.200.13
2026-08-24T11:41:15Z ERR failed to serve tunnel connection error="control stream encountered a failure while serving" connIndex=0 event=0 ip=198.41.200.13
2026-08-24T11:41:15Z ERR Serve tunnel error error="control stream encountered a failure while serving" connIndex=0 event=0 ip=198.41.200.13
2026-08-24T11:41:15Z INF Retrying connection in up to 1m4s connIndex=0 event=0 ip=198.41.200.13
2026-08-24T11:41:40Z INF Tunnel connection curve preferences: [X25519MLKEM768 CurveID(65074) CurveP256] connIndex=0 event=0 ip=198.41.200.13
2026-08-24T11:41:40Z ERR failed to run the datagram handler error="context canceled" connIndex=0 event=0 ip=198.41.200.13
2026-08-24T11:41:40Z ERR failed to serve tunnel connection error="control stream encountered a failure while serving" connIndex=0 event=0 ip=198.41.200.13
2026-08-24T11:41:40Z ERR Serve tunnel error error="control stream encountered a failure while serving" connIndex=0 event=0 ip=198.41.200.13
2026-08-24T11:41:40Z INF Retrying connection in up to 1m4s connIndex=0 event=0 ip=198.41.200.13
2026-08-24T11:42:04Z INF Tunnel connection curve preferences: [X25519MLKEM768 CurveID(65074) CurveP256] connIndex=0 event=0 ip=198.41.200.13
2026-08-24T11:42:04Z ERR failed to run the datagram handler error="context canceled" connIndex=0 event=0 ip=198.41.200.13
2026-08-24T11:42:04Z ERR failed to serve tunnel connection error="control stream encountered a failure while serving" connIndex=0 event=0 ip=198.41.200.13
2026-08-24T11:42:04Z ERR Serve tunnel error error="control stream encountered a failure while serving" connIndex=0 event=0 ip=198.41.200.13
2026-08-24T11:42:04Z INF Retrying connection in up to 1m4s connIndex=0 event=0 ip=198.41.200.13
2026-08-24T11:42:35Z INF Tunnel connection curve preferences: [X25519MLKEM768 CurveID(65074) CurveP256] connIndex=0 event=0 ip=198.41.200.13
2026-08-24T11:42:35Z ERR failed to run the datagram handler error="context canceled" connIndex=0 event=0 ip=198.41.200.13
2026-08-24T11:42:35Z ERR failed to serve tunnel connection error="control stream encountered a failure while serving" connIndex=0 event=0 ip=198.41.200.13
2026-08-24T11:42:35Z ERR Serve tunnel error error="control stream encountered a failure while serving" connIndex=0 event=0 ip=198.41.200.13
2026-08-24T11:42:35Z INF Retrying connection in up to 1m4s connIndex=0 event=0 ip=198.41.200.13
2026-08-24T11:43:01Z INF Tunnel connection curve preferences: [X25519MLKEM768 CurveID(65074) CurveP256] connIndex=0 event=0 ip=198.41.200.13
2026-08-24T11:43:01Z ERR failed to run the datagram handler error="context canceled" connIndex=0 event=0 ip=198.41.200.13
2026-08-24T11:43:01Z ERR failed to serve tunnel connection error="control stream encountered a failure while serving" connIndex=0 event=0 ip=198.41.200.13
2026-08-24T11:43:01Z ERR Serve tunnel error error="control stream encountered a failure while serving" connIndex=0 event=0 ip=198.41.200.13
2026-08-24T11:43:01Z INF Retrying connection in up to 1m4s connIndex=0 event=0 ip=198.41.200.13
2026-08-24T11:43:06Z INF Tunnel connection curve preferences: [X25519MLKEM768 CurveID(65074) CurveP256] connIndex=0 event=0 ip=198.41.200.13
2026-08-24T11:43:06Z ERR failed to run the datagram handler error="context canceled" connIndex=0 event=0 ip=198.41.200.13
2026-08-24T11:43:06Z ERR failed to serve tunnel connection error="control stream encountered a failure while serving" connIndex=0 event=0 ip=198.41.200.13
2026-08-24T11:43:06Z ERR Serve tunnel error error="control stream encountered a failure while serving" connIndex=0 event=0 ip=198.41.200.13
2026-08-24T11:43:06Z INF Retrying connection in up to 1m4s connIndex=0 event=0 ip=198.41.200.13
2026-08-24T11:45:56Z INF Tunnel connection curve preferences: [X25519MLKEM768 CurveID(65074) CurveP256] connIndex=0 event=0 ip=198.41.200.13
2026-08-24T11:45:57Z ERR failed to run the datagram handler error="context canceled" connIndex=0 event=0 ip=198.41.200.13
2026-08-24T11:45:57Z ERR failed to serve tunnel connection error="control stream encountered a failure while serving" connIndex=0 event=0 ip=198.41.200.13
2026-08-24T11:45:57Z ERR Serve tunnel error error="control stream encountered a failure while serving" connIndex=0 event=0 ip=198.41.200.13
2026-08-24T11:45:57Z INF Retrying connection in up to 1m4s connIndex=0 event=0 ip=198.41.200.13
2026-08-24T11:46:04Z INF Tunnel connection curve preferences: [X25519MLKEM768 CurveID(65074) CurveP256] connIndex=0 event=0 ip=198.41.200.13
2026-08-24T11:46:04Z ERR failed to run the datagram handler error="context canceled" connIndex=0 event=0 ip=198.41.200.13
2026-08-24T11:46:04Z ERR failed to serve tunnel connection error="control stream encountered a failure while serving" connIndex=0 event=0 ip=198.41.200.13
2026-08-24T11:46:04Z ERR Serve tunnel error error="control stream encountered a failure while serving" connIndex=0 event=0 ip=198.41.200.13
2026-08-24T11:46:04Z INF Retrying connection in up to 1m4s connIndex=0 event=0 ip=198.41.200.13
2026-08-24T11:46:06Z INF Tunnel connection curve preferences: [X25519MLKEM768 CurveID(65074) CurveP256] connIndex=0 event=0 ip=198.41.200.13
2026-08-24T11:46:07Z ERR failed to run the datagram handler error="context canceled" connIndex=0 event=0 ip=198.41.200.13
2026-08-24T11:46:07Z ERR failed to serve tunnel connection error="control stream encountered a failure while serving" connIndex=0 event=0 ip=198.41.200.13
2026-08-24T11:46:07Z ERR Serve tunnel error error="control stream encountered a failure while serving" connIndex=0 event=0 ip=198.41.200.13
2026-08-24T11:46:07Z INF Retrying connection in up to 1m4s connIndex=0 event=0 ip=198.41.200.13
2026-08-24T11:46:27Z INF Tunnel connection curve preferences: [X25519MLKEM768 CurveID(65074) CurveP256] connIndex=0 event=0 ip=198.41.200.13
2026-08-24T11:46:27Z ERR failed to run the datagram handler error="context canceled" connIndex=0 event=0 ip=198.41.200.13
2026-08-24T11:46:27Z ERR failed to serve tunnel connection error="control stream encountered a failure while serving" connIndex=0 event=0 ip=198.41.200.13
2026-08-24T11:46:27Z ERR Serve tunnel error error="control stream encountered a failure while serving" connIndex=0 event=0 ip=198.41.200.13
2026-08-24T11:46:27Z INF Retrying connection in up to 1m4s connIndex=0 event=0 ip=198.41.200.13
2026-08-24T11:46:52Z INF Tunnel connection curve preferences: [X25519MLKEM768 CurveID(65074) CurveP256] connIndex=0 event=0 ip=198.41.200.13
2026-08-24T11:46:52Z ERR failed to run the datagram handler error="context canceled" connIndex=0 event=0 ip=198.41.200.13
2026-08-24T11:46:52Z ERR failed to serve tunnel connection error="control stream encountered a failure while serving" connIndex=0 event=0 ip=198.41.200.13
2026-08-24T11:46:52Z ERR Serve tunnel error error="control stream encountered a failure while serving" connIndex=0 event=0 ip=198.41.200.13
2026-08-24T11:46:52Z INF Retrying connection in up to 1m4s connIndex=0 event=0 ip=198.41.200.13
2026-08-24T11:47:13Z INF Tunnel connection curve preferences: [X25519MLKEM768 CurveID(65074) CurveP256] connIndex=0 event=0 ip=198.41.200.13
2026-08-24T11:47:13Z ERR failed to run the datagram handler error="context canceled" connIndex=0 event=0 ip=198.41.200.13
2026-08-24T11:47:13Z ERR failed to serve tunnel connection error="control stream encountered a failure while serving" connIndex=0 event=0 ip=198.41.200.13
2026-08-24T11:47:13Z ERR Serve tunnel error error="control stream encountered a failure while serving" connIndex=0 event=0 ip=198.41.200.13
2026-08-24T11:47:13Z INF Retrying connection in up to 1m4s connIndex=0 event=0 ip=198.41.200.13
2026-08-24T11:47:26Z INF Tunnel connection curve preferences: [X25519MLKEM768 CurveID(65074) CurveP256] connIndex=0 event=0 ip=198.41.200.13
2026-08-24T11:47:26Z ERR failed to run the datagram handler error="context canceled" connIndex=0 event=0 ip=198.41.200.13
2026-08-24T11:47:26Z ERR failed to serve tunnel connection error="control stream encountered a failure while serving" connIndex=0 event=0 ip=198.41.200.13
2026-08-24T11:47:26Z ERR Serve tunnel error error="control stream encountered a failure while serving" connIndex=0 event=0 ip=198.41.200.13
2026-08-24T11:47:26Z INF Retrying connection in up to 1m4s connIndex=0 event=0 ip=198.41.200.13
2026-08-24T11:47:50Z INF Tunnel connection curve preferences: [X25519MLKEM768 CurveID(65074) CurveP256] connIndex=0 event=0 ip=198.41.200.13
2026-08-24T11:47:51Z ERR failed to run the datagram handler error="context canceled" connIndex=0 event=0 ip=198.41.200.13
2026-08-24T11:47:51Z ERR failed to serve tunnel connection error="control stream encountered a failure while serving" connIndex=0 event=0 ip=198.41.200.13
2026-08-24T11:47:51Z ERR Serve tunnel error error="control stream encountered a failure while serving" connIndex=0 event=0 ip=198.41.200.13
2026-08-24T11:47:51Z INF Retrying connection in up to 1m4s connIndex=0 event=0 ip=198.41.200.13
2026-08-24T11:47:58Z INF Tunnel connection curve preferences: [X25519MLKEM768 CurveID(65074) CurveP256] connIndex=0 event=0 ip=198.41.200.13
2026-08-24T11:47:59Z ERR failed to run the datagram handler error="context canceled" connIndex=0 event=0 ip=198.41.200.13
2026-08-24T11:47:59Z ERR failed to serve tunnel connection error="control stream encountered a failure while serving" connIndex=0 event=0 ip=198.41.200.13
2026-08-24T11:47:59Z ERR Serve tunnel error error="control stream encountered a failure while serving" connIndex=0 event=0 ip=198.41.200.13
2026-08-24T11:47:59Z INF Retrying connection in up to 1m4s connIndex=0 event=0 ip=198.41.200.13
2026-08-24T11:48:03Z INF Tunnel connection curve preferences: [X25519MLKEM768 CurveID(65074) CurveP256] connIndex=0 event=0 ip=198.41.200.13
2026-08-24T11:48:03Z ERR failed to run the datagram handler error="context canceled" connIndex=0 event=0 ip=198.41.200.13
2026-08-24T11:48:03Z ERR failed to serve tunnel connection error="control stream encountered a failure while serving" connIndex=0 event=0 ip=198.41.200.13
2026-08-24T11:48:03Z ERR Serve tunnel error error="control stream encountered a failure while serving" connIndex=0 event=0 ip=198.41.200.13
2026-08-24T11:48:03Z INF Retrying connection in up to 1m4s connIndex=0 event=0 ip=198.41.200.13
2026-08-24T11:48:14Z INF Tunnel connection curve preferences: [X25519MLKEM768 CurveID(65074) CurveP256] connIndex=0 event=0 ip=198.41.200.13
2026-08-24T11:48:14Z ERR failed to run the datagram handler error="context canceled" connIndex=0 event=0 ip=198.41.200.13
2026-08-24T11:48:14Z ERR failed to serve tunnel connection error="control stream encountered a failure while serving" connIndex=0 event=0 ip=198.41.200.13
2026-08-24T11:48:14Z ERR Serve tunnel error error="control stream encountered a failure while serving" connIndex=0 event=0 ip=198.41.200.13
2026-08-24T11:48:14Z INF Retrying connection in up to 1m4s connIndex=0 event=0 ip=198.41.200.13
2026-08-24T11:48:46Z INF Tunnel connection curve preferences: [X25519MLKEM768 CurveID(65074) CurveP256] connIndex=0 event=0 ip=198.41.200.13
2026-08-24T11:48:46Z ERR failed to run the datagram handler error="context canceled" connIndex=0 event=0 ip=198.41.200.13
2026-08-24T11:48:46Z ERR failed to serve tunnel connection error="control stream encountered a failure while serving" connIndex=0 event=0 ip=198.41.200.13
2026-08-24T11:48:46Z ERR Serve tunnel error error="control stream encountered a failure while serving" connIndex=0 event=0 ip=198.41.200.13
2026-08-24T11:48:46Z INF Retrying connection in up to 1m4s connIndex=0 event=0 ip=198.41.200.13
2026-08-24T11:49:10Z INF Tunnel connection curve preferences: [X25519MLKEM768 CurveID(65074) CurveP256] connIndex=0 event=0 ip=198.41.200.13
2026-08-24T11:49:10Z ERR failed to run the datagram handler error="context canceled" connIndex=0 event=0 ip=198.41.200.13
2026-08-24T11:49:10Z ERR failed to serve tunnel connection error="control stream encountered a failure while serving" connIndex=0 event=0 ip=198.41.200.13
2026-08-24T11:49:10Z ERR Serve tunnel error error="control stream encountered a failure while serving" connIndex=0 event=0 ip=198.41.200.13
2026-08-24T11:49:10Z INF Retrying connection in up to 1m4s connIndex=0 event=0 ip=198.41.200.13
2026-08-24T11:49:23Z INF Tunnel connection curve preferences: [X25519MLKEM768 CurveID(65074) CurveP256] connIndex=0 event=0 ip=198.41.200.13
2026-08-24T11:49:23Z ERR failed to run the datagram handler error="context canceled" connIndex=0 event=0 ip=198.41.200.13
2026-08-24T11:49:23Z ERR failed to serve tunnel connection error="control stream encountered a failure while serving" connIndex=0 event=0 ip=198.41.200.13
2026-08-24T11:49:23Z ERR Serve tunnel error error="control stream encountered a failure while serving" connIndex=0 event=0 ip=198.41.200.13
2026-08-24T11:49:23Z INF Retrying connection in up to 1m4s connIndex=0 event=0 ip=198.41.200.13
2026-08-24T11:49:32Z INF Tunnel connection curve preferences: [X25519MLKEM768 CurveID(65074) CurveP256] connIndex=0 event=0 ip=198.41.200.13
2026-08-24T11:49:32Z ERR failed to run the datagram handler error="context canceled" connIndex=0 event=0 ip=198.41.200.13
2026-08-24T11:49:32Z ERR failed to serve tunnel connection error="control stream encountered a failure while serving" connIndex=0 event=0 ip=198.41.200.13
2026-08-24T11:49:32Z ERR Serve tunnel error error="control stream encountered a failure while serving" connIndex=0 event=0 ip=198.41.200.13
2026-08-24T11:49:32Z INF Retrying connection in up to 1m4s connIndex=0 event=0 ip=198.41.200.13
2026-08-24T11:50:03Z INF Tunnel connection curve preferences: [X25519MLKEM768 CurveID(65074) CurveP256] connIndex=0 event=0 ip=198.41.200.13
2026-08-24T11:50:03Z ERR failed to run the datagram handler error="context canceled" connIndex=0 event=0 ip=198.41.200.13
2026-08-24T11:50:03Z ERR failed to serve tunnel connection error="control stream encountered a failure while serving" connIndex=0 event=0 ip=198.41.200.13
2026-08-24T11:50:03Z ERR Serve tunnel error error="control stream encountered a failure while serving" connIndex=0 event=0 ip=198.41.200.13
2026-08-24T11:50:03Z INF Retrying connection in up to 1m4s connIndex=0 event=0 ip=198.41.200.13
2026-08-24T11:50:22Z INF Tunnel connection curve preferences: [X25519MLKEM768 CurveID(65074) CurveP256] connIndex=0 event=0 ip=198.41.200.13
2026-08-24T11:50:22Z ERR failed to run the datagram handler error="context canceled" connIndex=0 event=0 ip=198.41.200.13
2026-08-24T11:50:22Z ERR failed to serve tunnel connection error="control stream encountered a failure while serving" connIndex=0 event=0 ip=198.41.200.13
2026-08-24T11:50:22Z ERR Serve tunnel error error="control stream encountered a failure while serving" connIndex=0 event=0 ip=198.41.200.13
2026-08-24T11:50:22Z INF Retrying connection in up to 1m4s connIndex=0 event=0 ip=198.41.200.13
2026-08-24T11:50:54Z INF Tunnel connection curve preferences: [X25519MLKEM768 CurveID(65074) CurveP256] connIndex=0 event=0 ip=198.41.200.13
2026-08-24T11:50:54Z ERR failed to run the datagram handler error="context canceled" connIndex=0 event=0 ip=198.41.200.13
2026-08-24T11:50:54Z ERR failed to serve tunnel connection error="control stream encountered a failure while serving" connIndex=0 event=0 ip=198.41.200.13
2026-08-24T11:50:54Z ERR Serve tunnel error error="control stream encountered a failure while serving" connIndex=0 event=0 ip=198.41.200.13
2026-08-24T11:50:54Z INF Retrying connection in up to 1m4s connIndex=0 event=0 ip=198.41.200.13
2026-08-24T11:51:17Z INF Tunnel connection curve preferences: [X25519MLKEM768 CurveID(65074) CurveP256] connIndex=0 event=0 ip=198.41.200.13
2026-08-24T11:51:17Z ERR failed to run the datagram handler error="context canceled" connIndex=0 event=0 ip=198.41.200.13
2026-08-24T11:51:17Z ERR failed to serve tunnel connection error="control stream encountered a failure while serving" connIndex=0 event=0 ip=198.41.200.13
2026-08-24T11:51:17Z ERR Serve tunnel error error="control stream encountered a failure while serving" connIndex=0 event=0 ip=198.41.200.13
2026-08-24T11:51:17Z INF Retrying connection in up to 1m4s connIndex=0 event=0 ip=198.41.200.13
2026-08-24T11:51:47Z INF Tunnel connection curve preferences: [X25519MLKEM768 CurveID(65074) CurveP256] connIndex=0 event=0 ip=198.41.200.13
2026-08-24T11:51:47Z ERR failed to run the datagram handler error="context canceled" connIndex=0 event=0 ip=198.41.200.13
2026-08-24T11:51:47Z ERR failed to serve tunnel connection error="control stream encountered a failure while serving" connIndex=0 event=0 ip=198.41.200.13
2026-08-24T11:51:47Z ERR Serve tunnel error error="control stream encountered a failure while serving" connIndex=0 event=0 ip=198.41.200.13
2026-08-24T11:51:47Z INF Retrying connection in up to 1m4s connIndex=0 event=0 ip=198.41.200.13
2026-08-24T11:51:54Z INF Tunnel connection curve preferences: [X25519MLKEM768 CurveID(65074) CurveP256] connIndex=0 event=0 ip=198.41.200.13
2026-08-24T11:51:54Z ERR failed to run the datagram handler error="context canceled" connIndex=0 event=0 ip=198.41.200.13
2026-08-24T11:51:54Z ERR failed to serve tunnel connection error="control stream encountered a failure while serving" connIndex=0 event=0 ip=198.41.200.13
2026-08-24T11:51:54Z ERR Serve tunnel error error="control stream encountered a failure while serving" connIndex=0 event=0 ip=198.41.200.13
2026-08-24T11:51:54Z INF Retrying connection in up to 1m4s connIndex=0 event=0 ip=198.41.200.13
2026-08-24T11:52:00Z INF Tunnel connection curve preferences: [X25519MLKEM768 CurveID(65074) CurveP256] connIndex=0 event=0 ip=198.41.200.13
2026-08-24T11:52:00Z ERR failed to run the datagram handler error="context canceled" connIndex=0 event=0 ip=198.41.200.13
2026-08-24T11:52:00Z ERR failed to serve tunnel connection error="control stream encountered a failure while serving" connIndex=0 event=0 ip=198.41.200.13
2026-08-24T11:52:00Z ERR Serve tunnel error error="control stream encountered a failure while serving" connIndex=0 event=0 ip=198.41.200.13
2026-08-24T11:52:00Z INF Retrying connection in up to 1m4s connIndex=0 event=0 ip=198.41.200.13
2026-08-24T11:52:27Z INF Tunnel connection curve preferences: [X25519MLKEM768 CurveID(65074) CurveP256] connIndex=0 event=0 ip=198.41.200.13
2026-08-24T11:52:27Z ERR failed to run the datagram handler error="context canceled" connIndex=0 event=0 ip=198.41.200.13
2026-08-24T11:52:27Z ERR failed to serve tunnel connection error="control stream encountered a failure while serving" connIndex=0 event=0 ip=198.41.200.13
2026-08-24T11:52:27Z ERR Serve tunnel error error="control stream encountered a failure while serving" connIndex=0 event=0 ip=198.41.200.13
2026-08-24T11:52:27Z INF Retrying connection in up to 1m4s connIndex=0 event=0 ip=198.41.200.13
2026-08-24T11:52:47Z INF Tunnel connection curve preferences: [X25519MLKEM768 CurveID(65074) CurveP256] connIndex=0 event=0 ip=198.41.200.13
2026-08-24T11:52:47Z ERR failed to run the datagram handler error="context canceled" connIndex=0 event=0 ip=198.41.200.13
2026-08-24T11:52:47Z ERR failed to serve tunnel connection error="control stream encountered a failure while serving" connIndex=0 event=0 ip=198.41.200.13
2026-08-24T11:52:47Z ERR Serve tunnel error error="control stream encountered a failure while serving" connIndex=0 event=0 ip=198.41.200.13
2026-08-24T11:52:47Z INF Retrying connection in up to 1m4s connIndex=0 event=0 ip=198.41.200.13
2026-08-24T11:53:12Z INF Tunnel connection curve preferences: [X25519MLKEM768 CurveID(65074) CurveP256] connIndex=0 event=0 ip=198.41.200.13
2026-08-24T11:53:12Z ERR failed to run the datagram handler error="context canceled" connIndex=0 event=0 ip=198.41.200.13
2026-08-24T11:53:12Z ERR failed to serve tunnel connection error="control stream encountered a failure while serving" connIndex=0 event=0 ip=198.41.200.13
2026-08-24T11:53:12Z ERR Serve tunnel error error="control stream encountered a failure while serving" connIndex=0 event=0 ip=198.41.200.13
2026-08-24T11:53:12Z INF Retrying connection in up to 1m4s connIndex=0 event=0 ip=198.41.200.13
2026-08-24T11:53:32Z INF Tunnel connection curve preferences: [X25519MLKEM768 CurveID(65074) CurveP256] connIndex=0 event=0 ip=198.41.200.13
2026-08-24T11:53:32Z ERR failed to run the datagram handler error="context canceled" connIndex=0 event=0 ip=198.41.200.13
2026-08-24T11:53:32Z ERR failed to serve tunnel connection error="control stream encountered a failure while serving" connIndex=0 event=0 ip=198.41.200.13
2026-08-24T11:53:32Z ERR Serve tunnel error error="control stream encountered a failure while serving" connIndex=0 event=0 ip=198.41.200.13
2026-08-24T11:53:32Z INF Retrying connection in up to 1m4s connIndex=0 event=0 ip=198.41.200.13
2026-08-24T11:54:04Z INF Tunnel connection curve preferences: [X25519MLKEM768 CurveID(65074) CurveP256] connIndex=0 event=0 ip=198.41.200.13
2026-08-24T11:54:04Z ERR failed to run the datagram handler error="context canceled" connIndex=0 event=0 ip=198.41.200.13
2026-08-24T11:54:04Z ERR failed to serve tunnel connection error="control stream encountered a failure while serving" connIndex=0 event=0 ip=198.41.200.13
2026-08-24T11:54:04Z ERR Serve tunnel error error="control stream encountered a failure while serving" connIndex=0 event=0 ip=198.41.200.13
2026-08-24T11:54:04Z INF Retrying connection in up to 1m4s connIndex=0 event=0 ip=198.41.200.13
2026-08-24T11:54:28Z INF Tunnel connection curve preferences: [X25519MLKEM768 CurveID(65074) CurveP256] connIndex=0 event=0 ip=198.41.200.13
2026-08-24T11:54:28Z ERR failed to run the datagram handler error="context canceled" connIndex=0 event=0 ip=198.41.200.13
2026-08-24T11:54:28Z ERR failed to serve tunnel connection error="control stream encountered a failure while serving" connIndex=0 event=0 ip=198.41.200.13
2026-08-24T11:54:28Z ERR Serve tunnel error error="control stream encountered a failure while serving" connIndex=0 event=0 ip=198.41.200.13
2026-08-24T11:54:28Z INF Retrying connection in up to 1m4s connIndex=0 event=0 ip=198.41.200.13
2026-08-24T11:54:50Z INF Tunnel connection curve preferences: [X25519MLKEM768 CurveID(65074) CurveP256] connIndex=0 event=0 ip=198.41.200.13
2026-08-24T11:54:50Z ERR failed to run the datagram handler error="context canceled" connIndex=0 event=0 ip=198.41.200.13
2026-08-24T11:54:50Z ERR failed to serve tunnel connection error="control stream encountered a failure while serving" connIndex=0 event=0 ip=198.41.200.13
2026-08-24T11:54:50Z ERR Serve tunnel error error="control stream encountered a failure while serving" connIndex=0 event=0 ip=198.41.200.13
2026-08-24T11:54:50Z INF Retrying connection in up to 1m4s connIndex=0 event=0 ip=198.41.200.13
2026-08-24T11:55:10Z INF Tunnel connection curve preferences: [X25519MLKEM768 CurveID(65074) CurveP256] connIndex=0 event=0 ip=198.41.200.13
2026-08-24T11:55:11Z ERR failed to run the datagram handler error="context canceled" connIndex=0 event=0 ip=198.41.200.13
2026-08-24T11:55:11Z ERR failed to serve tunnel connection error="control stream encountered a failure while serving" connIndex=0 event=0 ip=198.41.200.13
2026-08-24T11:55:11Z ERR Serve tunnel error error="control stream encountered a failure while serving" connIndex=0 event=0 ip=198.41.200.13
2026-08-24T11:55:11Z INF Retrying connection in up to 1m4s connIndex=0 event=0 ip=198.41.200.13
2026-08-24T11:55:37Z INF Tunnel connection curve preferences: [X25519MLKEM768 CurveID(65074) CurveP256] connIndex=0 event=0 ip=198.41.200.13
2026-08-24T11:55:37Z ERR failed to run the datagram handler error="context canceled" connIndex=0 event=0 ip=198.41.200.13
2026-08-24T11:55:37Z ERR failed to serve tunnel connection error="control stream encountered a failure while serving" connIndex=0 event=0 ip=198.41.200.13
2026-08-24T11:55:37Z ERR Serve tunnel error error="control stream encountered a failure while serving" connIndex=0 event=0 ip=198.41.200.13
2026-08-24T11:55:37Z INF Retrying connection in up to 1m4s connIndex=0 event=0 ip=198.41.200.13
2026-08-24T11:56:00Z INF Tunnel connection curve preferences: [X25519MLKEM768 CurveID(65074) CurveP256] connIndex=0 event=0 ip=198.41.200.13
2026-08-24T11:56:01Z ERR failed to run the datagram handler error="context canceled" connIndex=0 event=0 ip=198.41.200.13
2026-08-24T11:56:01Z ERR failed to serve tunnel connection error="control stream encountered a failure while serving" connIndex=0 event=0 ip=198.41.200.13
2026-08-24T11:56:01Z ERR Serve tunnel error error="control stream encountered a failure while serving" connIndex=0 event=0 ip=198.41.200.13
2026-08-24T11:56:01Z INF Retrying connection in up to 1m4s connIndex=0 event=0 ip=198.41.200.13
2026-08-24T11:56:13Z INF Tunnel connection curve preferences: [X25519MLKEM768 CurveID(65074) CurveP256] connIndex=0 event=0 ip=198.41.200.13
2026-08-24T11:56:13Z ERR failed to run the datagram handler error="context canceled" connIndex=0 event=0 ip=198.41.200.13
2026-08-24T11:56:13Z ERR failed to serve tunnel connection error="control stream encountered a failure while serving" connIndex=0 event=0 ip=198.41.200.13
2026-08-24T11:56:13Z ERR Serve tunnel error error="control stream encountered a failure while serving" connIndex=0 event=0 ip=198.41.200.13
2026-08-24T11:56:13Z INF Retrying connection in up to 1m4s connIndex=0 event=0 ip=198.41.200.13
2026-08-24T11:56:33Z INF Tunnel connection curve preferences: [X25519MLKEM768 CurveID(65074) CurveP256] connIndex=0 event=0 ip=198.41.200.13
2026-08-24T11:56:33Z ERR failed to run the datagram handler error="context canceled" connIndex=0 event=0 ip=198.41.200.13
2026-08-24T11:56:33Z ERR failed to serve tunnel connection error="control stream encountered a failure while serving" connIndex=0 event=0 ip=198.41.200.13
2026-08-24T11:56:33Z ERR Serve tunnel error error="control stream encountered a failure while serving" connIndex=0 event=0 ip=198.41.200.13
2026-08-24T11:56:33Z INF Retrying connection in up to 1m4s connIndex=0 event=0 ip=198.41.200.13
2026-08-24T11:56:53Z INF Tunnel connection curve preferences: [X25519MLKEM768 CurveID(65074) CurveP256] connIndex=0 event=0 ip=198.41.200.13
2026-08-24T11:56:53Z ERR failed to run the datagram handler error="context canceled" connIndex=0 event=0 ip=198.41.200.13
2026-08-24T11:56:53Z ERR failed to serve tunnel connection error="control stream encountered a failure while serving" connIndex=0 event=0 ip=198.41.200.13
2026-08-24T11:56:53Z ERR Serve tunnel error error="control stream encountered a failure while serving" connIndex=0 event=0 ip=198.41.200.13
2026-08-24T11:56:53Z INF Retrying connection in up to 1m4s connIndex=0 event=0 ip=198.41.200.13
2026-08-24T11:57:25Z INF Tunnel connection curve preferences: [X25519MLKEM768 CurveID(65074) CurveP256] connIndex=0 event=0 ip=198.41.200.13
2026-08-24T11:57:25Z ERR failed to run the datagram handler error="context canceled" connIndex=0 event=0 ip=198.41.200.13
2026-08-24T11:57:25Z ERR failed to serve tunnel connection error="control stream encountered a failure while serving" connIndex=0 event=0 ip=198.41.200.13
2026-08-24T11:57:25Z ERR Serve tunnel error error="control stream encountered a failure while serving" connIndex=0 event=0 ip=198.41.200.13
2026-08-24T11:57:25Z INF Retrying connection in up to 1m4s connIndex=0 event=0 ip=198.41.200.13
2026-08-24T11:57:44Z INF Tunnel connection curve preferences: [X25519MLKEM768 CurveID(65074) CurveP256] connIndex=0 event=0 ip=198.41.200.13
2026-08-24T11:57:44Z ERR failed to run the datagram handler error="context canceled" connIndex=0 event=0 ip=198.41.200.13
2026-08-24T11:57:44Z ERR failed to serve tunnel connection error="control stream encountered a failure while serving" connIndex=0 event=0 ip=198.41.200.13
2026-08-24T11:57:44Z ERR Serve tunnel error error="control stream encountered a failure while serving" connIndex=0 event=0 ip=198.41.200.13
2026-08-24T11:57:44Z INF Retrying connection in up to 1m4s connIndex=0 event=0 ip=198.41.200.13
2026-08-24T11:58:14Z INF Tunnel connection curve preferences: [X25519MLKEM768 CurveID(65074) CurveP256] connIndex=0 event=0 ip=198.41.200.13
2026-08-24T11:58:14Z ERR failed to run the datagram handler error="context canceled" connIndex=0 event=0 ip=198.41.200.13
2026-08-24T11:58:14Z ERR failed to serve tunnel connection error="control stream encountered a failure while serving" connIndex=0 event=0 ip=198.41.200.13
2026-08-24T11:58:14Z ERR Serve tunnel error error="control stream encountered a failure while serving" connIndex=0 event=0 ip=198.41.200.13
2026-08-24T11:58:14Z INF Retrying connection in up to 1m4s connIndex=0 event=0 ip=198.41.200.13
2026-08-24T11:58:38Z INF Tunnel connection curve preferences: [X25519MLKEM768 CurveID(65074) CurveP256] connIndex=0 event=0 ip=198.41.200.13
2026-08-24T11:58:38Z ERR failed to run the datagram handler error="context canceled" connIndex=0 event=0 ip=198.41.200.13
2026-08-24T11:58:38Z ERR failed to serve tunnel connection error="control stream encountered a failure while serving" connIndex=0 event=0 ip=198.41.200.13
2026-08-24T11:58:38Z ERR Serve tunnel error error="control stream encountered a failure while serving" connIndex=0 event=0 ip=198.41.200.13
2026-08-24T11:58:38Z INF Retrying connection in up to 1m4s connIndex=0 event=0 ip=198.41.200.13
2026-08-24T11:58:45Z INF Tunnel connection curve preferences: [X25519MLKEM768 CurveID(65074) CurveP256] connIndex=0 event=0 ip=198.41.200.13
2026-08-24T11:58:45Z ERR failed to run the datagram handler error="context canceled" connIndex=0 event=0 ip=198.41.200.13
2026-08-24T11:58:45Z ERR failed to serve tunnel connection error="control stream encountered a failure while serving" connIndex=0 event=0 ip=198.41.200.13
2026-08-24T11:58:45Z ERR Serve tunnel error error="control stream encountered a failure while serving" connIndex=0 event=0 ip=198.41.200.13
2026-08-24T11:58:45Z INF Retrying connection in up to 1m4s connIndex=0 event=0 ip=198.41.200.13
2026-08-24T11:59:09Z INF Tunnel connection curve preferences: [X25519MLKEM768 CurveID(65074) CurveP256] connIndex=0 event=0 ip=198.41.200.13
2026-08-24T11:59:09Z ERR failed to run the datagram handler error="context canceled" connIndex=0 event=0 ip=198.41.200.13
2026-08-24T11:59:09Z ERR failed to serve tunnel connection error="control stream encountered a failure while serving" connIndex=0 event=0 ip=198.41.200.13
2026-08-24T11:59:09Z ERR Serve tunnel error error="control stream encountered a failure while serving" connIndex=0 event=0 ip=198.41.200.13
2026-08-24T11:59:09Z INF Retrying connection in up to 1m4s connIndex=0 event=0 ip=198.41.200.13
2026-08-24T11:59:40Z INF Tunnel connection curve preferences: [X25519MLKEM768 CurveID(65074) CurveP256] connIndex=0 event=0 ip=198.41.200.13
2026-08-24T11:59:41Z ERR failed to run the datagram handler error="context canceled" connIndex=0 event=0 ip=198.41.200.13
2026-08-24T11:59:41Z ERR failed to serve tunnel connection error="control stream encountered a failure while serving" connIndex=0 event=0 ip=198.41.200.13
2026-08-24T11:59:41Z ERR Serve tunnel error error="control stream encountered a failure while serving" connIndex=0 event=0 ip=198.41.200.13
2026-08-24T11:59:41Z INF Retrying connection in up to 1m4s connIndex=0 event=0 ip=198.41.200.13
2026-08-24T12:00:06Z INF Tunnel connection curve preferences: [X25519MLKEM768 CurveID(65074) CurveP256] connIndex=0 event=0 ip=198.41.200.13
2026-08-24T12:00:06Z ERR failed to run the datagram handler error="context canceled" connIndex=0 event=0 ip=198.41.200.13
2026-08-24T12:00:06Z ERR failed to serve tunnel connection error="control stream encountered a failure while serving" connIndex=0 event=0 ip=198.41.200.13
2026-08-24T12:00:06Z ERR Serve tunnel error error="control stream encountered a failure while serving" connIndex=0 event=0 ip=198.41.200.13
2026-08-24T12:00:06Z INF Retrying connection in up to 1m4s connIndex=0 event=0 ip=198.41.200.13
2026-08-24T12:00:10Z INF Tunnel connection curve preferences: [X25519MLKEM768 CurveID(65074) CurveP256] connIndex=0 event=0 ip=198.41.200.13
2026-08-24T12:00:10Z ERR failed to run the datagram handler error="context canceled" connIndex=0 event=0 ip=198.41.200.13
2026-08-24T12:00:10Z ERR failed to serve tunnel connection error="control stream encountered a failure while serving" connIndex=0 event=0 ip=198.41.200.13
2026-08-24T12:00:10Z ERR Serve tunnel error error="control stream encountered a failure while serving" connIndex=0 event=0 ip=198.41.200.13
2026-08-24T12:00:10Z INF Retrying connection in up to 1m4s connIndex=0 event=0 ip=198.41.200.13
2026-08-24T12:00:28Z INF Tunnel connection curve preferences: [X25519MLKEM768 CurveID(65074) CurveP256] connIndex=0 event=0 ip=198.41.200.13
2026-08-24T12:00:28Z ERR failed to run the datagram handler error="context canceled" connIndex=0 event=0 ip=198.41.200.13
2026-08-24T12:00:28Z ERR failed to serve tunnel connection error="control stream encountered a failure while serving" connIndex=0 event=0 ip=198.41.200.13
2026-08-24T12:00:28Z ERR Serve tunnel error error="control stream encountered a failure while serving" connIndex=0 event=0 ip=198.41.200.13
2026-08-24T12:00:28Z INF Retrying connection in up to 1m4s connIndex=0 event=0 ip=198.41.200.13
2026-08-24T12:00:34Z INF Tunnel connection curve preferences: [X25519MLKEM768 CurveID(65074) CurveP256] connIndex=0 event=0 ip=198.41.200.13
2026-08-24T12:00:34Z ERR failed to run the datagram handler error="context canceled" connIndex=0 event=0 ip=198.41.200.13
2026-08-24T12:00:34Z ERR failed to serve tunnel connection error="control stream encountered a failure while serving" connIndex=0 event=0 ip=198.41.200.13
2026-08-24T12:00:34Z ERR Serve tunnel error error="control stream encountered a failure while serving" connIndex=0 event=0 ip=198.41.200.13
2026-08-24T12:00:34Z INF Retrying connection in up to 1m4s connIndex=0 event=0 ip=198.41.200.13
2026-08-24T12:00:56Z INF Tunnel connection curve preferences: [X25519MLKEM768 CurveID(65074) CurveP256] connIndex=0 event=0 ip=198.41.200.13
2026-08-24T12:00:56Z ERR failed to run the datagram handler error="context canceled" connIndex=0 event=0 ip=198.41.200.13
2026-08-24T12:00:56Z ERR failed to serve tunnel connection error="control stream encountered a failure while serving" connIndex=0 event=0 ip=198.41.200.13
2026-08-24T12:00:56Z ERR Serve tunnel error error="control stream encountered a failure while serving" connIndex=0 event=0 ip=198.41.200.13
2026-08-24T12:00:56Z INF Retrying connection in up to 1m4s connIndex=0 event=0 ip=198.41.200.13
2026-08-24T12:01:12Z INF Tunnel connection curve preferences: [X25519MLKEM768 CurveID(65074) CurveP256] connIndex=0 event=0 ip=198.41.200.13
2026-08-24T12:01:12Z ERR failed to run the datagram handler error="context canceled" connIndex=0 event=0 ip=198.41.200.13
2026-08-24T12:01:12Z ERR failed to serve tunnel connection error="control stream encountered a failure while serving" connIndex=0 event=0 ip=198.41.200.13
2026-08-24T12:01:12Z ERR Serve tunnel error error="control stream encountered a failure while serving" connIndex=0 event=0 ip=198.41.200.13
2026-08-24T12:01:12Z INF Retrying connection in up to 1m4s connIndex=0 event=0 ip=198.41.200.13
2026-08-24T12:01:19Z INF Tunnel connection curve preferences: [X25519MLKEM768 CurveID(65074) CurveP256] connIndex=0 event=0 ip=198.41.200.13
2026-08-24T12:01:19Z ERR failed to run the datagram handler error="context canceled" connIndex=0 event=0 ip=198.41.200.13
2026-08-24T12:01:19Z ERR failed to serve tunnel connection error="control stream encountered a failure while serving" connIndex=0 event=0 ip=198.41.200.13
2026-08-24T12:01:19Z ERR Serve tunnel error error="control stream encountered a failure while serving" connIndex=0 event=0 ip=198.41.200.13
2026-08-24T12:01:19Z INF Retrying connection in up to 1m4s connIndex=0 event=0 ip=198.41.200.13
2026-08-24T12:01:42Z INF Tunnel connection curve preferences: [X25519MLKEM768 CurveID(65074) CurveP256] connIndex=0 event=0 ip=198.41.200.13
2026-08-24T12:01:42Z ERR failed to run the datagram handler error="context canceled" connIndex=0 event=0 ip=198.41.200.13
2026-08-24T12:01:42Z ERR failed to serve tunnel connection error="control stream encountered a failure while serving" connIndex=0 event=0 ip=198.41.200.13
2026-08-24T12:01:42Z ERR Serve tunnel error error="control stream encountered a failure while serving" connIndex=0 event=0 ip=198.41.200.13
2026-08-24T12:01:42Z INF Retrying connection in up to 1m4s connIndex=0 event=0 ip=198.41.200.13
2026-08-24T12:02:02Z INF Tunnel connection curve preferences: [X25519MLKEM768 CurveID(65074) CurveP256] connIndex=0 event=0 ip=198.41.200.13
2026-08-24T12:02:02Z ERR failed to run the datagram handler error="context canceled" connIndex=0 event=0 ip=198.41.200.13
2026-08-24T12:02:02Z ERR failed to serve tunnel connection error="control stream encountered a failure while serving" connIndex=0 event=0 ip=198.41.200.13
2026-08-24T12:02:02Z ERR Serve tunnel error error="control stream encountered a failure while serving" connIndex=0 event=0 ip=198.41.200.13
2026-08-24T12:02:02Z INF Retrying connection in up to 1m4s connIndex=0 event=0 ip=198.41.200.13
2026-08-24T12:02:21Z INF Tunnel connection curve preferences: [X25519MLKEM768 CurveID(65074) CurveP256] connIndex=0 event=0 ip=198.41.200.13
2026-08-24T12:02:21Z ERR failed to run the datagram handler error="context canceled" connIndex=0 event=0 ip=198.41.200.13
2026-08-24T12:02:21Z ERR failed to serve tunnel connection error="control stream encountered a failure while serving" connIndex=0 event=0 ip=198.41.200.13
2026-08-24T12:02:21Z ERR Serve tunnel error error="control stream encountered a failure while serving" connIndex=0 event=0 ip=198.41.200.13
2026-08-24T12:02:21Z INF Retrying connection in up to 1m4s connIndex=0 event=0 ip=198.41.200.13
2026-08-24T12:02:38Z INF Tunnel connection curve preferences: [X25519MLKEM768 CurveID(65074) CurveP256] connIndex=0 event=0 ip=198.41.200.13
2026-08-24T12:02:38Z ERR failed to run the datagram handler error="context canceled" connIndex=0 event=0 ip=198.41.200.13
2026-08-24T12:02:38Z ERR failed to serve tunnel connection error="control stream encountered a failure while serving" connIndex=0 event=0 ip=198.41.200.13
2026-08-24T12:02:38Z ERR Serve tunnel error error="control stream encountered a failure while serving" connIndex=0 event=0 ip=198.41.200.13
2026-08-24T12:02:38Z INF Retrying connection in up to 1m4s connIndex=0 event=0 ip=198.41.200.13
2026-08-24T12:03:01Z INF Tunnel connection curve preferences: [X25519MLKEM768 CurveID(65074) CurveP256] connIndex=0 event=0 ip=198.41.200.13
2026-08-24T12:03:01Z ERR failed to run the datagram handler error="context canceled" connIndex=0 event=0 ip=198.41.200.13
2026-08-24T12:03:01Z ERR failed to serve tunnel connection error="control stream encountered a failure while serving" connIndex=0 event=0 ip=198.41.200.13
2026-08-24T12:03:01Z ERR Serve tunnel error error="control stream encountered a failure while serving" connIndex=0 event=0 ip=198.41.200.13
2026-08-24T12:03:01Z INF Retrying connection in up to 1m4s connIndex=0 event=0 ip=198.41.200.13
2026-08-24T12:03:23Z INF Tunnel connection curve preferences: [X25519MLKEM768 CurveID(65074) CurveP256] connIndex=0 event=0 ip=198.41.200.13
2026-08-24T12:03:23Z ERR failed to run the datagram handler error="context canceled" connIndex=0 event=0 ip=198.41.200.13
2026-08-24T12:03:23Z ERR failed to serve tunnel connection error="control stream encountered a failure while serving" connIndex=0 event=0 ip=198.41.200.13
2026-08-24T12:03:23Z ERR Serve tunnel error error="control stream encountered a failure while serving" connIndex=0 event=0 ip=198.41.200.13
2026-08-24T12:03:23Z INF Retrying connection in up to 1m4s connIndex=0 event=0 ip=198.41.200.13
2026-08-24T12:03:39Z INF Tunnel connection curve preferences: [X25519MLKEM768 CurveID(65074) CurveP256] connIndex=0 event=0 ip=198.41.200.13
2026-08-24T12:03:39Z ERR failed to run the datagram handler error="context canceled" connIndex=0 event=0 ip=198.41.200.13
2026-08-24T12:03:39Z ERR failed to serve tunnel connection error="control stream encountered a failure while serving" connIndex=0 event=0 ip=198.41.200.13
2026-08-24T12:03:39Z ERR Serve tunnel error error="control stream encountered a failure while serving" connIndex=0 event=0 ip=198.41.200.13
2026-08-24T12:03:39Z INF Retrying connection in up to 1m4s connIndex=0 event=0 ip=198.41.200.13
2026-08-24T12:03:55Z INF Tunnel connection curve preferences: [X25519MLKEM768 CurveID(65074) CurveP256] connIndex=0 event=0 ip=198.41.200.13
2026-08-24T12:03:55Z ERR failed to run the datagram handler error="context canceled" connIndex=0 event=0 ip=198.41.200.13
2026-08-24T12:03:55Z ERR failed to serve tunnel connection error="control stream encountered a failure while serving" connIndex=0 event=0 ip=198.41.200.13
2026-08-24T12:03:55Z ERR Serve tunnel error error="control stream encountered a failure while serving" connIndex=0 event=0 ip=198.41.200.13
2026-08-24T12:03:55Z INF Retrying connection in up to 1m4s connIndex=0 event=0 ip=198.41.200.13
2026-08-24T12:03:57Z INF Tunnel connection curve preferences: [X25519MLKEM768 CurveID(65074) CurveP256] connIndex=0 event=0 ip=198.41.200.13
2026-08-24T12:03:57Z ERR failed to run the datagram handler error="context canceled" connIndex=0 event=0 ip=198.41.200.13
2026-08-24T12:03:57Z ERR failed to serve tunnel connection error="control stream encountered a failure while serving" connIndex=0 event=0 ip=198.41.200.13
2026-08-24T12:03:57Z ERR Serve tunnel error error="control stream encountered a failure while serving" connIndex=0 event=0 ip=198.41.200.13
2026-08-24T12:03:57Z INF Retrying connection in up to 1m4s connIndex=0 event=0 ip=198.41.200.13
2026-08-24T12:04:28Z INF Tunnel connection curve preferences: [X25519MLKEM768 CurveID(65074) CurveP256] connIndex=0 event=0 ip=198.41.200.13
2026-08-24T12:04:29Z ERR failed to run the datagram handler error="context canceled" connIndex=0 event=0 ip=198.41.200.13
2026-08-24T12:04:29Z ERR failed to serve tunnel connection error="control stream encountered a failure while serving" connIndex=0 event=0 ip=198.41.200.13
2026-08-24T12:04:29Z ERR Serve tunnel error error="control stream encountered a failure while serving" connIndex=0 event=0 ip=198.41.200.13
2026-08-24T12:04:29Z INF Retrying connection in up to 1m4s connIndex=0 event=0 ip=198.41.200.13
2026-08-24T12:04:48Z INF Tunnel connection curve preferences: [X25519MLKEM768 CurveID(65074) CurveP256] connIndex=0 event=0 ip=198.41.200.13
2026-08-24T12:04:48Z ERR failed to run the datagram handler error="context canceled" connIndex=0 event=0 ip=198.41.200.13
2026-08-24T12:04:48Z ERR failed to serve tunnel connection error="control stream encountered a failure while serving" connIndex=0 event=0 ip=198.41.200.13
2026-08-24T12:04:48Z ERR Serve tunnel error error="control stream encountered a failure while serving" connIndex=0 event=0 ip=198.41.200.13
2026-08-24T12:04:48Z INF Retrying connection in up to 1m4s connIndex=0 event=0 ip=198.41.200.13
2026-08-24T12:04:51Z INF Tunnel connection curve preferences: [X25519MLKEM768 CurveID(65074) CurveP256] connIndex=0 event=0 ip=198.41.200.13
2026-08-24T12:04:51Z ERR failed to run the datagram handler error="context canceled" connIndex=0 event=0 ip=198.41.200.13
2026-08-24T12:04:51Z ERR failed to serve tunnel connection error="control stream encountered a failure while serving" connIndex=0 event=0 ip=198.41.200.13
2026-08-24T12:04:51Z ERR Serve tunnel error error="control stream encountered a failure while serving" connIndex=0 event=0 ip=198.41.200.13
2026-08-24T12:04:51Z INF Retrying connection in up to 1m4s connIndex=0 event=0 ip=198.41.200.13
2026-08-24T12:04:59Z INF Tunnel connection curve preferences: [X25519MLKEM768 CurveID(65074) CurveP256] connIndex=0 event=0 ip=198.41.200.13
2026-08-24T12:04:59Z ERR failed to run the datagram handler error="context canceled" connIndex=0 event=0 ip=198.41.200.13
2026-08-24T12:04:59Z ERR failed to serve tunnel connection error="control stream encountered a failure while serving" connIndex=0 event=0 ip=198.41.200.13
2026-08-24T12:04:59Z ERR Serve tunnel error error="control stream encountered a failure while serving" connIndex=0 event=0 ip=198.41.200.13
2026-08-24T12:04:59Z INF Retrying connection in up to 1m4s connIndex=0 event=0 ip=198.41.200.13
2026-08-24T12:05:07Z INF Tunnel connection curve preferences: [X25519MLKEM768 CurveID(65074) CurveP256] connIndex=0 event=0 ip=198.41.200.13
2026-08-24T12:05:07Z ERR failed to run the datagram handler error="context canceled" connIndex=0 event=0 ip=198.41.200.13
2026-08-24T12:05:07Z ERR failed to serve tunnel connection error="control stream encountered a failure while serving" connIndex=0 event=0 ip=198.41.200.13
2026-08-24T12:05:07Z ERR Serve tunnel error error="control stream encountered a failure while serving" connIndex=0 event=0 ip=198.41.200.13
2026-08-24T12:05:07Z INF Retrying connection in up to 1m4s connIndex=0 event=0 ip=198.41.200.13
2026-08-24T12:05:10Z INF Tunnel connection curve preferences: [X25519MLKEM768 CurveID(65074) CurveP256] connIndex=0 event=0 ip=198.41.200.13
2026-08-24T12:05:10Z ERR failed to run the datagram handler error="context canceled" connIndex=0 event=0 ip=198.41.200.13
2026-08-24T12:05:10Z ERR failed to serve tunnel connection error="control stream encountered a failure while serving" connIndex=0 event=0 ip=198.41.200.13
2026-08-24T12:05:10Z ERR Serve tunnel error error="control stream encountered a failure while serving" connIndex=0 event=0 ip=198.41.200.13
2026-08-24T12:05:10Z INF Retrying connection in up to 1m4s connIndex=0 event=0 ip=198.41.200.13
2026-08-24T12:05:13Z INF Tunnel connection curve preferences: [X25519MLKEM768 CurveID(65074) CurveP256] connIndex=0 event=0 ip=198.41.200.13
2026-08-24T12:05:13Z ERR failed to run the datagram handler error="context canceled" connIndex=0 event=0 ip=198.41.200.13
2026-08-24T12:05:13Z ERR failed to serve tunnel connection error="control stream encountered a failure while serving" connIndex=0 event=0 ip=198.41.200.13
2026-08-24T12:05:13Z ERR Serve tunnel error error="control stream encountered a failure while serving" connIndex=0 event=0 ip=198.41.200.13
2026-08-24T12:05:13Z INF Retrying connection in up to 1m4s connIndex=0 event=0 ip=198.41.200.13
2026-08-24T12:05:33Z INF Tunnel connection curve preferences: [X25519MLKEM768 CurveID(65074) CurveP256] connIndex=0 event=0 ip=198.41.200.13
2026-08-24T12:05:33Z ERR failed to run the datagram handler error="context canceled" connIndex=0 event=0 ip=198.41.200.13
2026-08-24T12:05:33Z ERR failed to serve tunnel connection error="control stream encountered a failure while serving" connIndex=0 event=0 ip=198.41.200.13
2026-08-24T12:05:33Z ERR Serve tunnel error error="control stream encountered a failure while serving" connIndex=0 event=0 ip=198.41.200.13
2026-08-24T12:05:33Z INF Retrying connection in up to 1m4s connIndex=0 event=0 ip=198.41.200.13
2026-08-24T12:05:42Z INF Tunnel connection curve preferences: [X25519MLKEM768 CurveID(65074) CurveP256] connIndex=0 event=0 ip=198.41.200.13
2026-08-24T12:05:42Z ERR failed to run the datagram handler error="context canceled" connIndex=0 event=0 ip=198.41.200.13
2026-08-24T12:05:42Z ERR failed to serve tunnel connection error="control stream encountered a failure while serving" connIndex=0 event=0 ip=198.41.200.13
2026-08-24T12:05:42Z ERR Serve tunnel error error="control stream encountered a failure while serving" connIndex=0 event=0 ip=198.41.200.13
2026-08-24T12:05:42Z INF Retrying connection in up to 1m4s connIndex=0 event=0 ip=198.41.200.13
2026-08-24T12:05:53Z INF Tunnel connection curve preferences: [X25519MLKEM768 CurveID(65074) CurveP256] connIndex=0 event=0 ip=198.41.200.13
2026-08-24T12:05:53Z ERR failed to run the datagram handler error="context canceled" connIndex=0 event=0 ip=198.41.200.13
2026-08-24T12:05:53Z ERR failed to serve tunnel connection error="control stream encountered a failure while serving" connIndex=0 event=0 ip=198.41.200.13
2026-08-24T12:05:53Z ERR Serve tunnel error error="control stream encountered a failure while serving" connIndex=0 event=0 ip=198.41.200.13
2026-08-24T12:05:53Z INF Retrying connection in up to 1m4s connIndex=0 event=0 ip=198.41.200.13
2026-08-24T12:06:09Z INF Tunnel connection curve preferences: [X25519MLKEM768 CurveID(65074) CurveP256] connIndex=0 event=0 ip=198.41.200.13
2026-08-24T12:06:09Z ERR failed to run the datagram handler error="context canceled" connIndex=0 event=0 ip=198.41.200.13
2026-08-24T12:06:09Z ERR failed to serve tunnel connection error="control stream encountered a failure while serving" connIndex=0 event=0 ip=198.41.200.13
2026-08-24T12:06:09Z ERR Serve tunnel error error="control stream encountered a failure while serving" connIndex=0 event=0 ip=198.41.200.13
2026-08-24T12:06:09Z INF Retrying connection in up to 1m4s connIndex=0 event=0 ip=198.41.200.13
2026-08-24T12:06:18Z INF Tunnel connection curve preferences: [X25519MLKEM768 CurveID(65074) CurveP256] connIndex=0 event=0 ip=198.41.200.13
2026-08-24T12:06:18Z ERR failed to run the datagram handler error="context canceled" connIndex=0 event=0 ip=198.41.200.13
2026-08-24T12:06:18Z ERR failed to serve tunnel connection error="control stream encountered a failure while serving" connIndex=0 event=0 ip=198.41.200.13
2026-08-24T12:06:18Z ERR Serve tunnel error error="control stream encountered a failure while serving" connIndex=0 event=0 ip=198.41.200.13
2026-08-24T12:06:18Z INF Retrying connection in up to 1m4s connIndex=0 event=0 ip=198.41.200.13
2026-08-24T12:06:40Z INF Tunnel connection curve preferences: [X25519MLKEM768 CurveID(65074) CurveP256] connIndex=0 event=0 ip=198.41.200.13
2026-08-24T12:06:40Z ERR failed to run the datagram handler error="context canceled" connIndex=0 event=0 ip=198.41.200.13
2026-08-24T12:06:40Z ERR failed to serve tunnel connection error="control stream encountered a failure while serving" connIndex=0 event=0 ip=198.41.200.13
2026-08-24T12:06:40Z ERR Serve tunnel error error="control stream encountered a failure while serving" connIndex=0 event=0 ip=198.41.200.13
2026-08-24T12:06:40Z INF Retrying connection in up to 1m4s connIndex=0 event=0 ip=198.41.200.13
2026-08-24T12:07:00Z INF Tunnel connection curve preferences: [X25519MLKEM768 CurveID(65074) CurveP256] connIndex=0 event=0 ip=198.41.200.13
2026-08-24T12:07:00Z ERR failed to run the datagram handler error="context canceled" connIndex=0 event=0 ip=198.41.200.13
2026-08-24T12:07:00Z ERR failed to serve tunnel connection error="control stream encountered a failure while serving" connIndex=0 event=0 ip=198.41.200.13
2026-08-24T12:07:00Z ERR Serve tunnel error error="control stream encountered a failure while serving" connIndex=0 event=0 ip=198.41.200.13
2026-08-24T12:07:00Z INF Retrying connection in up to 1m4s connIndex=0 event=0 ip=198.41.200.13
2026-08-24T12:07:31Z INF Tunnel connection curve preferences: [X25519MLKEM768 CurveID(65074) CurveP256] connIndex=0 event=0 ip=198.41.200.13
2026-08-24T12:07:31Z ERR failed to run the datagram handler error="context canceled" connIndex=0 event=0 ip=198.41.200.13
2026-08-24T12:07:31Z ERR failed to serve tunnel connection error="control stream encountered a failure while serving" connIndex=0 event=0 ip=198.41.200.13
2026-08-24T12:07:31Z ERR Serve tunnel error error="control stream encountered a failure while serving" connIndex=0 event=0 ip=198.41.200.13
2026-08-24T12:07:31Z INF Retrying connection in up to 1m4s connIndex=0 event=0 ip=198.41.200.13
2026-08-24T12:07:42Z INF Tunnel connection curve preferences: [X25519MLKEM768 CurveID(65074) CurveP256] connIndex=0 event=0 ip=198.41.200.13
2026-08-24T12:07:42Z ERR failed to run the datagram handler error="context canceled" connIndex=0 event=0 ip=198.41.200.13
2026-08-24T12:07:42Z ERR failed to serve tunnel connection error="control stream encountered a failure while serving" connIndex=0 event=0 ip=198.41.200.13
2026-08-24T12:07:42Z ERR Serve tunnel error error="control stream encountered a failure while serving" connIndex=0 event=0 ip=198.41.200.13
2026-08-24T12:07:42Z INF Retrying connection in up to 1m4s connIndex=0 event=0 ip=198.41.200.13
2026-08-24T12:08:05Z INF Tunnel connection curve preferences: [X25519MLKEM768 CurveID(65074) CurveP256] connIndex=0 event=0 ip=198.41.200.13
2026-08-24T12:08:05Z ERR failed to run the datagram handler error="context canceled" connIndex=0 event=0 ip=198.41.200.13
2026-08-24T12:08:05Z ERR failed to serve tunnel connection error="control stream encountered a failure while serving" connIndex=0 event=0 ip=198.41.200.13
2026-08-24T12:08:05Z ERR Serve tunnel error error="control stream encountered a failure while serving" connIndex=0 event=0 ip=198.41.200.13
2026-08-24T12:08:05Z INF Retrying connection in up to 1m4s connIndex=0 event=0 ip=198.41.200.13
2026-08-24T12:08:23Z INF Tunnel connection curve preferences: [X25519MLKEM768 CurveID(65074) CurveP256] connIndex=0 event=0 ip=198.41.200.13
2026-08-24T12:08:23Z ERR failed to run the datagram handler error="context canceled" connIndex=0 event=0 ip=198.41.200.13
2026-08-24T12:08:23Z ERR failed to serve tunnel connection error="control stream encountered a failure while serving" connIndex=0 event=0 ip=198.41.200.13
2026-08-24T12:08:23Z ERR Serve tunnel error error="control stream encountered a failure while serving" connIndex=0 event=0 ip=198.41.200.13
2026-08-24T12:08:23Z INF Retrying connection in up to 1m4s connIndex=0 event=0 ip=198.41.200.13
2026-08-24T12:08:40Z INF Tunnel connection curve preferences: [X25519MLKEM768 CurveID(65074) CurveP256] connIndex=0 event=0 ip=198.41.200.13
2026-08-24T12:08:40Z ERR failed to run the datagram handler error="context canceled" connIndex=0 event=0 ip=198.41.200.13
2026-08-24T12:08:40Z ERR failed to serve tunnel connection error="control stream encountered a failure while serving" connIndex=0 event=0 ip=198.41.200.13
2026-08-24T12:08:40Z ERR Serve tunnel error error="control stream encountered a failure while serving" connIndex=0 event=0 ip=198.41.200.13
2026-08-24T12:08:40Z INF Retrying connection in up to 1m4s connIndex=0 event=0 ip=198.41.200.13
2026-08-24T12:08:48Z INF Tunnel connection curve preferences: [X25519MLKEM768 CurveID(65074) CurveP256] connIndex=0 event=0 ip=198.41.200.13
2026-08-24T12:08:48Z ERR failed to run the datagram handler error="context canceled" connIndex=0 event=0 ip=198.41.200.13
2026-08-24T12:08:48Z ERR failed to serve tunnel connection error="control stream encountered a failure while serving" connIndex=0 event=0 ip=198.41.200.13
2026-08-24T12:08:48Z ERR Serve tunnel error error="control stream encountered a failure while serving" connIndex=0 event=0 ip=198.41.200.13
2026-08-24T12:08:48Z INF Retrying connection in up to 1m4s connIndex=0 event=0 ip=198.41.200.13
2026-08-24T12:09:00Z INF Tunnel connection curve preferences: [X25519MLKEM768 CurveID(65074) CurveP256] connIndex=0 event=0 ip=198.41.200.13
2026-08-24T12:09:01Z ERR failed to run the datagram handler error="context canceled" connIndex=0 event=0 ip=198.41.200.13
2026-08-24T12:09:01Z ERR failed to serve tunnel connection error="control stream encountered a failure while serving" connIndex=0 event=0 ip=198.41.200.13
2026-08-24T12:09:01Z ERR Serve tunnel error error="control stream encountered a failure while serving" connIndex=0 event=0 ip=198.41.200.13
2026-08-24T12:09:01Z INF Retrying connection in up to 1m4s connIndex=0 event=0 ip=198.41.200.13
2026-08-24T12:09:04Z INF Tunnel connection curve preferences: [X25519MLKEM768 CurveID(65074) CurveP256] connIndex=0 event=0 ip=198.41.200.13
2026-08-24T12:09:04Z ERR failed to run the datagram handler error="context canceled" connIndex=0 event=0 ip=198.41.200.13
2026-08-24T12:09:05Z ERR failed to serve tunnel connection error="control stream encountered a failure while serving" connIndex=0 event=0 ip=198.41.200.13
2026-08-24T12:09:05Z ERR Serve tunnel error error="control stream encountered a failure while serving" connIndex=0 event=0 ip=198.41.200.13
2026-08-24T12:09:05Z INF Retrying connection in up to 1m4s connIndex=0 event=0 ip=198.41.200.13
2026-08-24T12:11:01Z INF Tunnel connection curve preferences: [X25519MLKEM768 CurveID(65074) CurveP256] connIndex=0 event=0 ip=198.41.200.13
2026-08-24T12:11:01Z ERR failed to run the datagram handler error="context canceled" connIndex=0 event=0 ip=198.41.200.13
2026-08-24T12:11:01Z ERR failed to serve tunnel connection error="control stream encountered a failure while serving" connIndex=0 event=0 ip=198.41.200.13
2026-08-24T12:11:01Z ERR Serve tunnel error error="control stream encountered a failure while serving" connIndex=0 event=0 ip=198.41.200.13
2026-08-24T12:11:01Z INF Retrying connection in up to 1m4s connIndex=0 event=0 ip=198.41.200.13
2026-08-24T12:12:25Z INF Tunnel connection curve preferences: [X25519MLKEM768 CurveID(65074) CurveP256] connIndex=0 event=0 ip=198.41.200.13
2026-08-24T12:12:25Z ERR failed to run the datagram handler error="context canceled" connIndex=0 event=0 ip=198.41.200.13
2026-08-24T12:12:25Z ERR failed to serve tunnel connection error="control stream encountered a failure while serving" connIndex=0 event=0 ip=198.41.200.13
2026-08-24T12:12:25Z ERR Serve tunnel error error="control stream encountered a failure while serving" connIndex=0 event=0 ip=198.41.200.13
2026-08-24T12:12:25Z INF Retrying connection in up to 1m4s connIndex=0 event=0 ip=198.41.200.13
2026-08-24T12:12:51Z INF Tunnel connection curve preferences: [X25519MLKEM768 CurveID(65074) CurveP256] connIndex=0 event=0 ip=198.41.200.13
2026-08-24T12:12:52Z ERR failed to run the datagram handler error="context canceled" connIndex=0 event=0 ip=198.41.200.13
2026-08-24T12:12:52Z ERR failed to serve tunnel connection error="control stream encountered a failure while serving" connIndex=0 event=0 ip=198.41.200.13
2026-08-24T12:12:52Z ERR Serve tunnel error error="control stream encountered a failure while serving" connIndex=0 event=0 ip=198.41.200.13
2026-08-24T12:12:52Z INF Retrying connection in up to 1m4s connIndex=0 event=0 ip=198.41.200.13
2026-08-24T12:12:59Z INF Tunnel connection curve preferences: [X25519MLKEM768 CurveID(65074) CurveP256] connIndex=0 event=0 ip=198.41.200.13
2026-08-24T12:12:59Z ERR failed to run the datagram handler error="context canceled" connIndex=0 event=0 ip=198.41.200.13
2026-08-24T12:12:59Z ERR failed to serve tunnel connection error="control stream encountered a failure while serving" connIndex=0 event=0 ip=198.41.200.13
2026-08-24T12:12:59Z ERR Serve tunnel error error="control stream encountered a failure while serving" connIndex=0 event=0 ip=198.41.200.13
2026-08-24T12:12:59Z INF Retrying connection in up to 1m4s connIndex=0 event=0 ip=198.41.200.13
2026-08-24T12:13:20Z INF Tunnel connection curve preferences: [X25519MLKEM768 CurveID(65074) CurveP256] connIndex=0 event=0 ip=198.41.200.13
2026-08-24T12:13:20Z ERR failed to run the datagram handler error="context canceled" connIndex=0 event=0 ip=198.41.200.13
2026-08-24T12:13:20Z ERR failed to serve tunnel connection error="control stream encountered a failure while serving" connIndex=0 event=0 ip=198.41.200.13
2026-08-24T12:13:20Z ERR Serve tunnel error error="control stream encountered a failure while serving" connIndex=0 event=0 ip=198.41.200.13
2026-08-24T12:13:20Z INF Retrying connection in up to 1m4s connIndex=0 event=0 ip=198.41.200.13
2026-08-24T12:13:29Z INF Tunnel connection curve preferences: [X25519MLKEM768 CurveID(65074) CurveP256] connIndex=0 event=0 ip=198.41.200.13
2026-08-24T12:13:29Z ERR failed to run the datagram handler error="context canceled" connIndex=0 event=0 ip=198.41.200.13
2026-08-24T12:13:29Z ERR failed to serve tunnel connection error="control stream encountered a failure while serving" connIndex=0 event=0 ip=198.41.200.13
2026-08-24T12:13:29Z ERR Serve tunnel error error="control stream encountered a failure while serving" connIndex=0 event=0 ip=198.41.200.13
2026-08-24T12:13:29Z INF Retrying connection in up to 1m4s connIndex=0 event=0 ip=198.41.200.13
2026-08-24T12:13:31Z INF Tunnel connection curve preferences: [X25519MLKEM768 CurveID(65074) CurveP256] connIndex=0 event=0 ip=198.41.200.13
2026-08-24T12:13:31Z ERR failed to run the datagram handler error="context canceled" connIndex=0 event=0 ip=198.41.200.13
2026-08-24T12:13:31Z ERR failed to serve tunnel connection error="control stream encountered a failure while serving" connIndex=0 event=0 ip=198.41.200.13
2026-08-24T12:13:31Z ERR Serve tunnel error error="control stream encountered a failure while serving" connIndex=0 event=0 ip=198.41.200.13
2026-08-24T12:13:31Z INF Retrying connection in up to 1m4s connIndex=0 event=0 ip=198.41.200.13
2026-08-24T12:13:58Z INF Tunnel connection curve preferences: [X25519MLKEM768 CurveID(65074) CurveP256] connIndex=0 event=0 ip=198.41.200.13
2026-08-24T12:13:58Z ERR failed to run the datagram handler error="context canceled" connIndex=0 event=0 ip=198.41.200.13
2026-08-24T12:13:58Z ERR failed to serve tunnel connection error="control stream encountered a failure while serving" connIndex=0 event=0 ip=198.41.200.13
2026-08-24T12:13:58Z ERR Serve tunnel error error="control stream encountered a failure while serving" connIndex=0 event=0 ip=198.41.200.13
2026-08-24T12:13:58Z INF Retrying connection in up to 1m4s connIndex=0 event=0 ip=198.41.200.13
2026-08-24T12:14:07Z INF Tunnel connection curve preferences: [X25519MLKEM768 CurveID(65074) CurveP256] connIndex=0 event=0 ip=198.41.200.13
2026-08-24T12:14:07Z ERR failed to run the datagram handler error="context canceled" connIndex=0 event=0 ip=198.41.200.13
2026-08-24T12:14:07Z ERR failed to serve tunnel connection error="control stream encountered a failure while serving" connIndex=0 event=0 ip=198.41.200.13
2026-08-24T12:14:07Z ERR Serve tunnel error error="control stream encountered a failure while serving" connIndex=0 event=0 ip=198.41.200.13
2026-08-24T12:14:07Z INF Retrying connection in up to 1m4s connIndex=0 event=0 ip=198.41.200.13
2026-08-24T12:14:33Z INF Tunnel connection curve preferences: [X25519MLKEM768 CurveID(65074) CurveP256] connIndex=0 event=0 ip=198.41.200.13
2026-08-24T12:14:33Z ERR failed to run the datagram handler error="context canceled" connIndex=0 event=0 ip=198.41.200.13
2026-08-24T12:14:33Z ERR failed to serve tunnel connection error="control stream encountered a failure while serving" connIndex=0 event=0 ip=198.41.200.13
2026-08-24T12:14:33Z ERR Serve tunnel error error="control stream encountered a failure while serving" connIndex=0 event=0 ip=198.41.200.13
2026-08-24T12:14:33Z INF Retrying connection in up to 1m4s connIndex=0 event=0 ip=198.41.200.13
2026-08-24T12:14:53Z INF Tunnel connection curve preferences: [X25519MLKEM768 CurveID(65074) CurveP256] connIndex=0 event=0 ip=198.41.200.13
2026-08-24T12:14:53Z ERR failed to run the datagram handler error="context canceled" connIndex=0 event=0 ip=198.41.200.13
2026-08-24T12:14:53Z ERR failed to serve tunnel connection error="control stream encountered a failure while serving" connIndex=0 event=0 ip=198.41.200.13
2026-08-24T12:14:53Z ERR Serve tunnel error error="control stream encountered a failure while serving" connIndex=0 event=0 ip=198.41.200.13
2026-08-24T12:14:53Z INF Retrying connection in up to 1m4s connIndex=0 event=0 ip=198.41.200.13
2026-08-24T12:14:54Z INF Tunnel connection curve preferences: [X25519MLKEM768 CurveID(65074) CurveP256] connIndex=0 event=0 ip=198.41.200.13
2026-08-24T12:14:54Z ERR failed to run the datagram handler error="context canceled" connIndex=0 event=0 ip=198.41.200.13
2026-08-24T12:14:54Z ERR failed to serve tunnel connection error="control stream encountered a failure while serving" connIndex=0 event=0 ip=198.41.200.13
2026-08-24T12:14:54Z ERR Serve tunnel error error="control stream encountered a failure while serving" connIndex=0 event=0 ip=198.41.200.13
2026-08-24T12:14:54Z INF Retrying connection in up to 1m4s connIndex=0 event=0 ip=198.41.200.13
2026-08-24T12:15:18Z INF Tunnel connection curve preferences: [X25519MLKEM768 CurveID(65074) CurveP256] connIndex=0 event=0 ip=198.41.200.13
2026-08-24T12:15:18Z ERR failed to run the datagram handler error="context canceled" connIndex=0 event=0 ip=198.41.200.13
2026-08-24T12:15:18Z ERR failed to serve tunnel connection error="control stream encountered a failure while serving" connIndex=0 event=0 ip=198.41.200.13
2026-08-24T12:15:18Z ERR Serve tunnel error error="control stream encountered a failure while serving" connIndex=0 event=0 ip=198.41.200.13
2026-08-24T12:15:18Z INF Retrying connection in up to 1m4s connIndex=0 event=0 ip=198.41.200.13
2026-08-24T12:15:29Z INF Tunnel connection curve preferences: [X25519MLKEM768 CurveID(65074) CurveP256] connIndex=0 event=0 ip=198.41.200.13
2026-08-24T12:15:29Z ERR failed to run the datagram handler error="context canceled" connIndex=0 event=0 ip=198.41.200.13
2026-08-24T12:15:29Z ERR failed to serve tunnel connection error="control stream encountered a failure while serving" connIndex=0 event=0 ip=198.41.200.13
2026-08-24T12:15:29Z ERR Serve tunnel error error="control stream encountered a failure while serving" connIndex=0 event=0 ip=198.41.200.13
2026-08-24T12:15:29Z INF Retrying connection in up to 1m4s connIndex=0 event=0 ip=198.41.200.13
2026-08-24T12:15:54Z INF Tunnel connection curve preferences: [X25519MLKEM768 CurveID(65074) CurveP256] connIndex=0 event=0 ip=198.41.200.13
2026-08-24T12:15:54Z ERR failed to run the datagram handler error="context canceled" connIndex=0 event=0 ip=198.41.200.13
2026-08-24T12:15:54Z ERR failed to serve tunnel connection error="control stream encountered a failure while serving" connIndex=0 event=0 ip=198.41.200.13
2026-08-24T12:15:54Z ERR Serve tunnel error error="control stream encountered a failure while serving" connIndex=0 event=0 ip=198.41.200.13
2026-08-24T12:15:54Z INF Retrying connection in up to 1m4s connIndex=0 event=0 ip=198.41.200.13
2026-08-24T12:16:03Z INF Tunnel connection curve preferences: [X25519MLKEM768 CurveID(65074) CurveP256] connIndex=0 event=0 ip=198.41.200.13
2026-08-24T12:16:03Z ERR failed to run the datagram handler error="context canceled" connIndex=0 event=0 ip=198.41.200.13
2026-08-24T12:16:03Z ERR failed to serve tunnel connection error="control stream encountered a failure while serving" connIndex=0 event=0 ip=198.41.200.13
2026-08-24T12:16:03Z ERR Serve tunnel error error="control stream encountered a failure while serving" connIndex=0 event=0 ip=198.41.200.13
2026-08-24T12:16:03Z INF Retrying connection in up to 1m4s connIndex=0 event=0 ip=198.41.200.13
2026-08-24T12:16:23Z INF Tunnel connection curve preferences: [X25519MLKEM768 CurveID(65074) CurveP256] connIndex=0 event=0 ip=198.41.200.13
2026-08-24T12:16:23Z ERR failed to run the datagram handler error="context canceled" connIndex=0 event=0 ip=198.41.200.13
2026-08-24T12:16:23Z ERR failed to serve tunnel connection error="control stream encountered a failure while serving" connIndex=0 event=0 ip=198.41.200.13
2026-08-24T12:16:23Z ERR Serve tunnel error error="control stream encountered a failure while serving" connIndex=0 event=0 ip=198.41.200.13
2026-08-24T12:16:23Z INF Retrying connection in up to 1m4s connIndex=0 event=0 ip=198.41.200.13
2026-08-24T12:16:51Z INF Tunnel connection curve preferences: [X25519MLKEM768 CurveID(65074) CurveP256] connIndex=0 event=0 ip=198.41.200.13
2026-08-24T12:16:51Z ERR failed to run the datagram handler error="context canceled" connIndex=0 event=0 ip=198.41.200.13
2026-08-24T12:16:51Z ERR failed to serve tunnel connection error="control stream encountered a failure while serving" connIndex=0 event=0 ip=198.41.200.13
2026-08-24T12:16:51Z ERR Serve tunnel error error="control stream encountered a failure while serving" connIndex=0 event=0 ip=198.41.200.13
2026-08-24T12:16:51Z INF Retrying connection in up to 1m4s connIndex=0 event=0 ip=198.41.200.13
2026-08-24T12:17:01Z INF Tunnel connection curve preferences: [X25519MLKEM768 CurveID(65074) CurveP256] connIndex=0 event=0 ip=198.41.200.13
2026-08-24T12:17:01Z ERR failed to run the datagram handler error="context canceled" connIndex=0 event=0 ip=198.41.200.13
2026-08-24T12:17:01Z ERR failed to serve tunnel connection error="control stream encountered a failure while serving" connIndex=0 event=0 ip=198.41.200.13
2026-08-24T12:17:01Z ERR Serve tunnel error error="control stream encountered a failure while serving" connIndex=0 event=0 ip=198.41.200.13
2026-08-24T12:17:01Z INF Retrying connection in up to 1m4s connIndex=0 event=0 ip=198.41.200.13
2026-08-24T12:17:20Z INF Tunnel connection curve preferences: [X25519MLKEM768 CurveID(65074) CurveP256] connIndex=0 event=0 ip=198.41.200.13
2026-08-24T12:17:20Z ERR failed to run the datagram handler error="context canceled" connIndex=0 event=0 ip=198.41.200.13
2026-08-24T12:17:20Z ERR failed to serve tunnel connection error="control stream encountered a failure while serving" connIndex=0 event=0 ip=198.41.200.13
2026-08-24T12:17:20Z ERR Serve tunnel error error="control stream encountered a failure while serving" connIndex=0 event=0 ip=198.41.200.13
2026-08-24T12:17:20Z INF Retrying connection in up to 1m4s connIndex=0 event=0 ip=198.41.200.13
2026-08-24T12:17:24Z INF Tunnel connection curve preferences: [X25519MLKEM768 CurveID(65074) CurveP256] connIndex=0 event=0 ip=198.41.200.13
2026-08-24T12:17:25Z ERR failed to run the datagram handler error="context canceled" connIndex=0 event=0 ip=198.41.200.13
2026-08-24T12:17:25Z ERR failed to serve tunnel connection error="control stream encountered a failure while serving" connIndex=0 event=0 ip=198.41.200.13
2026-08-24T12:17:25Z ERR Serve tunnel error error="control stream encountered a failure while serving" connIndex=0 event=0 ip=198.41.200.13
2026-08-24T12:17:25Z INF Retrying connection in up to 1m4s connIndex=0 event=0 ip=198.41.200.13
2026-08-24T12:17:52Z INF Tunnel connection curve preferences: [X25519MLKEM768 CurveID(65074) CurveP256] connIndex=0 event=0 ip=198.41.200.13
2026-08-24T12:17:52Z ERR failed to run the datagram handler error="context canceled" connIndex=0 event=0 ip=198.41.200.13
2026-08-24T12:17:52Z ERR failed to serve tunnel connection error="control stream encountered a failure while serving" connIndex=0 event=0 ip=198.41.200.13
2026-08-24T12:17:52Z ERR Serve tunnel error error="control stream encountered a failure while serving" connIndex=0 event=0 ip=198.41.200.13
2026-08-24T12:17:52Z INF Retrying connection in up to 1m4s connIndex=0 event=0 ip=198.41.200.13
2026-08-24T12:18:01Z INF Tunnel connection curve preferences: [X25519MLKEM768 CurveID(65074) CurveP256] connIndex=0 event=0 ip=198.41.200.13
2026-08-24T12:18:01Z ERR failed to run the datagram handler error="context canceled" connIndex=0 event=0 ip=198.41.200.13
2026-08-24T12:18:01Z ERR failed to serve tunnel connection error="control stream encountered a failure while serving" connIndex=0 event=0 ip=198.41.200.13
2026-08-24T12:18:01Z ERR Serve tunnel error error="control stream encountered a failure while serving" connIndex=0 event=0 ip=198.41.200.13
2026-08-24T12:18:01Z INF Retrying connection in up to 1m4s connIndex=0 event=0 ip=198.41.200.13
2026-08-24T12:18:05Z INF Tunnel connection curve preferences: [X25519MLKEM768 CurveID(65074) CurveP256] connIndex=0 event=0 ip=198.41.200.13
2026-08-24T12:18:05Z ERR failed to run the datagram handler error="context canceled" connIndex=0 event=0 ip=198.41.200.13
2026-08-24T12:18:05Z ERR failed to serve tunnel connection error="control stream encountered a failure while serving" connIndex=0 event=0 ip=198.41.200.13
2026-08-24T12:18:05Z ERR Serve tunnel error error="control stream encountered a failure while serving" connIndex=0 event=0 ip=198.41.200.13
2026-08-24T12:18:05Z INF Retrying connection in up to 1m4s connIndex=0 event=0 ip=198.41.200.13
2026-08-24T12:18:20Z INF Tunnel connection curve preferences: [X25519MLKEM768 CurveID(65074) CurveP256] connIndex=0 event=0 ip=198.41.200.13
2026-08-24T12:18:20Z ERR failed to run the datagram handler error="context canceled" connIndex=0 event=0 ip=198.41.200.13
2026-08-24T12:18:20Z ERR failed to serve tunnel connection error="control stream encountered a failure while serving" connIndex=0 event=0 ip=198.41.200.13
2026-08-24T12:18:20Z ERR Serve tunnel error error="control stream encountered a failure while serving" connIndex=0 event=0 ip=198.41.200.13
2026-08-24T12:18:20Z INF Retrying connection in up to 1m4s connIndex=0 event=0 ip=198.41.200.13
2026-08-24T12:18:35Z INF Tunnel connection curve preferences: [X25519MLKEM768 CurveID(65074) CurveP256] connIndex=0 event=0 ip=198.41.200.13
2026-08-24T12:18:35Z ERR failed to run the datagram handler error="context canceled" connIndex=0 event=0 ip=198.41.200.13
2026-08-24T12:18:35Z ERR failed to serve tunnel connection error="control stream encountered a failure while serving" connIndex=0 event=0 ip=198.41.200.13
2026-08-24T12:18:35Z ERR Serve tunnel error error="control stream encountered a failure while serving" connIndex=0 event=0 ip=198.41.200.13
2026-08-24T12:18:35Z INF Retrying connection in up to 1m4s connIndex=0 event=0 ip=198.41.200.13
2026-08-24T12:18:48Z INF Tunnel connection curve preferences: [X25519MLKEM768 CurveID(65074) CurveP256] connIndex=0 event=0 ip=198.41.200.13
2026-08-24T12:18:48Z ERR failed to run the datagram handler error="context canceled" connIndex=0 event=0 ip=198.41.200.13
2026-08-24T12:18:48Z ERR failed to serve tunnel connection error="control stream encountered a failure while serving" connIndex=0 event=0 ip=198.41.200.13
2026-08-24T12:18:48Z ERR Serve tunnel error error="control stream encountered a failure while serving" connIndex=0 event=0 ip=198.41.200.13
2026-08-24T12:18:48Z INF Retrying connection in up to 1m4s connIndex=0 event=0 ip=198.41.200.13
2026-08-24T12:18:48Z INF Tunnel connection curve preferences: [X25519MLKEM768 CurveID(65074) CurveP256] connIndex=0 event=0 ip=198.41.200.13
2026-08-24T12:18:48Z ERR failed to run the datagram handler error="context canceled" connIndex=0 event=0 ip=198.41.200.13
2026-08-24T12:18:48Z ERR failed to serve tunnel connection error="control stream encountered a failure while serving" connIndex=0 event=0 ip=198.41.200.13
2026-08-24T12:18:48Z ERR Serve tunnel error error="control stream encountered a failure while serving" connIndex=0 event=0 ip=198.41.200.13
2026-08-24T12:18:48Z INF Retrying connection in up to 1m4s connIndex=0 event=0 ip=198.41.200.13
2026-08-24T12:19:13Z INF Tunnel connection curve preferences: [X25519MLKEM768 CurveID(65074) CurveP256] connIndex=0 event=0 ip=198.41.200.13
2026-08-24T12:19:13Z ERR failed to run the datagram handler error="context canceled" connIndex=0 event=0 ip=198.41.200.13
2026-08-24T12:19:13Z ERR failed to serve tunnel connection error="control stream encountered a failure while serving" connIndex=0 event=0 ip=198.41.200.13
2026-08-24T12:19:13Z ERR Serve tunnel error error="control stream encountered a failure while serving" connIndex=0 event=0 ip=198.41.200.13
2026-08-24T12:19:13Z INF Retrying connection in up to 1m4s connIndex=0 event=0 ip=198.41.200.13
2026-08-24T12:19:35Z INF Tunnel connection curve preferences: [X25519MLKEM768 CurveID(65074) CurveP256] connIndex=0 event=0 ip=198.41.200.13
2026-08-24T12:19:36Z ERR failed to run the datagram handler error="context canceled" connIndex=0 event=0 ip=198.41.200.13
2026-08-24T12:19:36Z ERR failed to serve tunnel connection error="control stream encountered a failure while serving" connIndex=0 event=0 ip=198.41.200.13
2026-08-24T12:19:36Z ERR Serve tunnel error error="control stream encountered a failure while serving" connIndex=0 event=0 ip=198.41.200.13
2026-08-24T12:19:36Z INF Retrying connection in up to 1m4s connIndex=0 event=0 ip=198.41.200.13
2026-08-24T12:20:00Z INF Tunnel connection curve preferences: [X25519MLKEM768 CurveID(65074) CurveP256] connIndex=0 event=0 ip=198.41.200.13
2026-08-24T12:20:00Z ERR failed to run the datagram handler error="context canceled" connIndex=0 event=0 ip=198.41.200.13
2026-08-24T12:20:00Z ERR failed to serve tunnel connection error="control stream encountered a failure while serving" connIndex=0 event=0 ip=198.41.200.13
2026-08-24T12:20:00Z ERR Serve tunnel error error="control stream encountered a failure while serving" connIndex=0 event=0 ip=198.41.200.13
2026-08-24T12:20:00Z INF Retrying connection in up to 1m4s connIndex=0 event=0 ip=198.41.200.13
2026-08-24T12:20:22Z INF Tunnel connection curve preferences: [X25519MLKEM768 CurveID(65074) CurveP256] connIndex=0 event=0 ip=198.41.200.13
2026-08-24T12:20:22Z ERR failed to run the datagram handler error="context canceled" connIndex=0 event=0 ip=198.41.200.13
2026-08-24T12:20:22Z ERR failed to serve tunnel connection error="control stream encountered a failure while serving" connIndex=0 event=0 ip=198.41.200.13
2026-08-24T12:20:22Z ERR Serve tunnel error error="control stream encountered a failure while serving" connIndex=0 event=0 ip=198.41.200.13
2026-08-24T12:20:22Z INF Retrying connection in up to 1m4s connIndex=0 event=0 ip=198.41.200.13
2026-08-24T12:20:28Z INF Tunnel connection curve preferences: [X25519MLKEM768 CurveID(65074) CurveP256] connIndex=0 event=0 ip=198.41.200.13
2026-08-24T12:20:28Z ERR failed to run the datagram handler error="context canceled" connIndex=0 event=0 ip=198.41.200.13
2026-08-24T12:20:28Z ERR failed to serve tunnel connection error="control stream encountered a failure while serving" connIndex=0 event=0 ip=198.41.200.13
2026-08-24T12:20:28Z ERR Serve tunnel error error="control stream encountered a failure while serving" connIndex=0 event=0 ip=198.41.200.13
2026-08-24T12:20:28Z INF Retrying connection in up to 1m4s connIndex=0 event=0 ip=198.41.200.13
2026-08-24T12:20:57Z INF Tunnel connection curve preferences: [X25519MLKEM768 CurveID(65074) CurveP256] connIndex=0 event=0 ip=198.41.200.13
2026-08-24T12:20:57Z ERR failed to run the datagram handler error="context canceled" connIndex=0 event=0 ip=198.41.200.13
2026-08-24T12:20:57Z ERR failed to serve tunnel connection error="control stream encountered a failure while serving" connIndex=0 event=0 ip=198.41.200.13
2026-08-24T12:20:57Z ERR Serve tunnel error error="control stream encountered a failure while serving" connIndex=0 event=0 ip=198.41.200.13
2026-08-24T12:20:57Z INF Retrying connection in up to 1m4s connIndex=0 event=0 ip=198.41.200.13
2026-08-24T12:21:29Z INF Tunnel connection curve preferences: [X25519MLKEM768 CurveID(65074) CurveP256] connIndex=0 event=0 ip=198.41.200.13
2026-08-24T12:21:29Z ERR failed to run the datagram handler error="context canceled" connIndex=0 event=0 ip=198.41.200.13
2026-08-24T12:21:29Z ERR failed to serve tunnel connection error="control stream encountered a failure while serving" connIndex=0 event=0 ip=198.41.200.13
2026-08-24T12:21:29Z ERR Serve tunnel error error="control stream encountered a failure while serving" connIndex=0 event=0 ip=198.41.200.13
2026-08-24T12:21:29Z INF Retrying connection in up to 1m4s connIndex=0 event=0 ip=198.41.200.13
2026-08-24T12:21:51Z INF Tunnel connection curve preferences: [X25519MLKEM768 CurveID(65074) CurveP256] connIndex=0 event=0 ip=198.41.200.13
2026-08-24T12:21:51Z ERR failed to run the datagram handler error="context canceled" connIndex=0 event=0 ip=198.41.200.13
2026-08-24T12:21:51Z ERR failed to serve tunnel connection error="control stream encountered a failure while serving" connIndex=0 event=0 ip=198.41.200.13
2026-08-24T12:21:51Z ERR Serve tunnel error error="control stream encountered a failure while serving" connIndex=0 event=0 ip=198.41.200.13
2026-08-24T12:21:51Z INF Retrying connection in up to 1m4s connIndex=0 event=0 ip=198.41.200.13
2026-08-24T12:22:14Z INF Tunnel connection curve preferences: [X25519MLKEM768 CurveID(65074) CurveP256] connIndex=0 event=0 ip=198.41.200.13
2026-08-24T12:22:14Z ERR failed to run the datagram handler error="context canceled" connIndex=0 event=0 ip=198.41.200.13
2026-08-24T12:22:14Z ERR failed to serve tunnel connection error="control stream encountered a failure while serving" connIndex=0 event=0 ip=198.41.200.13
2026-08-24T12:22:14Z ERR Serve tunnel error error="control stream encountered a failure while serving" connIndex=0 event=0 ip=198.41.200.13
2026-08-24T12:22:14Z INF Retrying connection in up to 1m4s connIndex=0 event=0 ip=198.41.200.13
2026-08-24T12:22:33Z INF Tunnel connection curve preferences: [X25519MLKEM768 CurveID(65074) CurveP256] connIndex=0 event=0 ip=198.41.200.13
2026-08-24T12:22:33Z ERR failed to run the datagram handler error="context canceled" connIndex=0 event=0 ip=198.41.200.13
2026-08-24T12:22:33Z ERR failed to serve tunnel connection error="control stream encountered a failure while serving" connIndex=0 event=0 ip=198.41.200.13
2026-08-24T12:22:33Z ERR Serve tunnel error error="control stream encountered a failure while serving" connIndex=0 event=0 ip=198.41.200.13
2026-08-24T12:22:33Z INF Retrying connection in up to 1m4s connIndex=0 event=0 ip=198.41.200.13
2026-08-24T12:23:04Z INF Tunnel connection curve preferences: [X25519MLKEM768 CurveID(65074) CurveP256] connIndex=0 event=0 ip=198.41.200.13
2026-08-24T12:23:05Z ERR failed to run the datagram handler error="context canceled" connIndex=0 event=0 ip=198.41.200.13
2026-08-24T12:23:05Z ERR failed to serve tunnel connection error="control stream encountered a failure while serving" connIndex=0 event=0 ip=198.41.200.13
2026-08-24T12:23:05Z ERR Serve tunnel error error="control stream encountered a failure while serving" connIndex=0 event=0 ip=198.41.200.13
2026-08-24T12:23:05Z INF Retrying connection in up to 1m4s connIndex=0 event=0 ip=198.41.200.13
2026-08-24T12:23:09Z INF Tunnel connection curve preferences: [X25519MLKEM768 CurveID(65074) CurveP256] connIndex=0 event=0 ip=198.41.200.13
2026-08-24T12:23:09Z ERR failed to run the datagram handler error="context canceled" connIndex=0 event=0 ip=198.41.200.13
2026-08-24T12:23:09Z ERR failed to serve tunnel connection error="control stream encountered a failure while serving" connIndex=0 event=0 ip=198.41.200.13
2026-08-24T12:23:09Z ERR Serve tunnel error error="control stream encountered a failure while serving" connIndex=0 event=0 ip=198.41.200.13
2026-08-24T12:23:09Z INF Retrying connection in up to 1m4s connIndex=0 event=0 ip=198.41.200.13
2026-08-24T12:23:34Z INF Tunnel connection curve preferences: [X25519MLKEM768 CurveID(65074) CurveP256] connIndex=0 event=0 ip=198.41.200.13
2026-08-24T12:23:34Z ERR failed to run the datagram handler error="context canceled" connIndex=0 event=0 ip=198.41.200.13
2026-08-24T12:23:34Z ERR failed to serve tunnel connection error="control stream encountered a failure while serving" connIndex=0 event=0 ip=198.41.200.13
2026-08-24T12:23:34Z ERR Serve tunnel error error="control stream encountered a failure while serving" connIndex=0 event=0 ip=198.41.200.13
2026-08-24T12:23:34Z INF Retrying connection in up to 1m4s connIndex=0 event=0 ip=198.41.200.13
2026-08-24T12:23:46Z INF Tunnel connection curve preferences: [X25519MLKEM768 CurveID(65074) CurveP256] connIndex=0 event=0 ip=198.41.200.13
2026-08-24T12:23:46Z ERR failed to run the datagram handler error="context canceled" connIndex=0 event=0 ip=198.41.200.13
2026-08-24T12:23:46Z ERR failed to serve tunnel connection error="control stream encountered a failure while serving" connIndex=0 event=0 ip=198.41.200.13
2026-08-24T12:23:46Z ERR Serve tunnel error error="control stream encountered a failure while serving" connIndex=0 event=0 ip=198.41.200.13
2026-08-24T12:23:46Z INF Retrying connection in up to 1m4s connIndex=0 event=0 ip=198.41.200.13
2026-08-24T12:24:05Z INF Tunnel connection curve preferences: [X25519MLKEM768 CurveID(65074) CurveP256] connIndex=0 event=0 ip=198.41.200.13
2026-08-24T12:24:05Z ERR failed to run the datagram handler error="context canceled" connIndex=0 event=0 ip=198.41.200.13
2026-08-24T12:24:05Z ERR failed to serve tunnel connection error="control stream encountered a failure while serving" connIndex=0 event=0 ip=198.41.200.13
2026-08-24T12:24:05Z ERR Serve tunnel error error="control stream encountered a failure while serving" connIndex=0 event=0 ip=198.41.200.13
2026-08-24T12:24:05Z INF Retrying connection in up to 1m4s connIndex=0 event=0 ip=198.41.200.13
2026-08-24T12:24:36Z INF Tunnel connection curve preferences: [X25519MLKEM768 CurveID(65074) CurveP256] connIndex=0 event=0 ip=198.41.200.13
2026-08-24T12:24:36Z ERR failed to run the datagram handler error="context canceled" connIndex=0 event=0 ip=198.41.200.13
2026-08-24T12:24:36Z ERR failed to serve tunnel connection error="control stream encountered a failure while serving" connIndex=0 event=0 ip=198.41.200.13
2026-08-24T12:24:36Z ERR Serve tunnel error error="control stream encountered a failure while serving" connIndex=0 event=0 ip=198.41.200.13
2026-08-24T12:24:36Z INF Retrying connection in up to 1m4s connIndex=0 event=0 ip=198.41.200.13
2026-08-24T12:24:43Z INF Tunnel connection curve preferences: [X25519MLKEM768 CurveID(65074) CurveP256] connIndex=0 event=0 ip=198.41.200.13
2026-08-24T12:24:43Z ERR failed to run the datagram handler error="context canceled" connIndex=0 event=0 ip=198.41.200.13
2026-08-24T12:24:43Z ERR failed to serve tunnel connection error="control stream encountered a failure while serving" connIndex=0 event=0 ip=198.41.200.13
2026-08-24T12:24:43Z ERR Serve tunnel error error="control stream encountered a failure while serving" connIndex=0 event=0 ip=198.41.200.13
2026-08-24T12:24:43Z INF Retrying connection in up to 1m4s connIndex=0 event=0 ip=198.41.200.13
2026-08-24T12:24:46Z INF Tunnel connection curve preferences: [X25519MLKEM768 CurveID(65074) CurveP256] connIndex=0 event=0 ip=198.41.200.13
2026-08-24T12:24:46Z ERR failed to run the datagram handler error="context canceled" connIndex=0 event=0 ip=198.41.200.13
2026-08-24T12:24:46Z ERR failed to serve tunnel connection error="control stream encountered a failure while serving" connIndex=0 event=0 ip=198.41.200.13
2026-08-24T12:24:46Z ERR Serve tunnel error error="control stream encountered a failure while serving" connIndex=0 event=0 ip=198.41.200.13
2026-08-24T12:24:46Z INF Retrying connection in up to 1m4s connIndex=0 event=0 ip=198.41.200.13
2026-08-24T12:24:55Z INF Tunnel connection curve preferences: [X25519MLKEM768 CurveID(65074) CurveP256] connIndex=0 event=0 ip=198.41.200.13
2026-08-24T12:24:55Z ERR failed to run the datagram handler error="context canceled" connIndex=0 event=0 ip=198.41.200.13
2026-08-24T12:24:55Z ERR failed to serve tunnel connection error="control stream encountered a failure while serving" connIndex=0 event=0 ip=198.41.200.13
2026-08-24T12:24:55Z ERR Serve tunnel error error="control stream encountered a failure while serving" connIndex=0 event=0 ip=198.41.200.13
2026-08-24T12:24:55Z INF Retrying connection in up to 1m4s connIndex=0 event=0 ip=198.41.200.13
2026-08-24T12:25:01Z INF Tunnel connection curve preferences: [X25519MLKEM768 CurveID(65074) CurveP256] connIndex=0 event=0 ip=198.41.200.13
2026-08-24T12:25:01Z ERR failed to run the datagram handler error="context canceled" connIndex=0 event=0 ip=198.41.200.13
2026-08-24T12:25:01Z ERR failed to serve tunnel connection error="control stream encountered a failure while serving" connIndex=0 event=0 ip=198.41.200.13
2026-08-24T12:25:01Z ERR Serve tunnel error error="control stream encountered a failure while serving" connIndex=0 event=0 ip=198.41.200.13
2026-08-24T12:25:01Z INF Retrying connection in up to 1m4s connIndex=0 event=0 ip=198.41.200.13
2026-08-24T12:25:28Z INF Tunnel connection curve preferences: [X25519MLKEM768 CurveID(65074) CurveP256] connIndex=0 event=0 ip=198.41.200.13
2026-08-24T12:25:28Z ERR failed to run the datagram handler error="context canceled" connIndex=0 event=0 ip=198.41.200.13
2026-08-24T12:25:28Z ERR failed to serve tunnel connection error="control stream encountered a failure while serving" connIndex=0 event=0 ip=198.41.200.13
2026-08-24T12:25:28Z ERR Serve tunnel error error="control stream encountered a failure while serving" connIndex=0 event=0 ip=198.41.200.13
2026-08-24T12:25:28Z INF Retrying connection in up to 1m4s connIndex=0 event=0 ip=198.41.200.13
2026-08-24T12:25:44Z INF Tunnel connection curve preferences: [X25519MLKEM768 CurveID(65074) CurveP256] connIndex=0 event=0 ip=198.41.200.13
2026-08-24T12:25:44Z ERR failed to run the datagram handler error="context canceled" connIndex=0 event=0 ip=198.41.200.13
2026-08-24T12:25:44Z ERR failed to serve tunnel connection error="control stream encountered a failure while serving" connIndex=0 event=0 ip=198.41.200.13
2026-08-24T12:25:44Z ERR Serve tunnel error error="control stream encountered a failure while serving" connIndex=0 event=0 ip=198.41.200.13
2026-08-24T12:25:44Z INF Retrying connection in up to 1m4s connIndex=0 event=0 ip=198.41.200.13
2026-08-24T12:25:59Z INF Tunnel connection curve preferences: [X25519MLKEM768 CurveID(65074) CurveP256] connIndex=0 event=0 ip=198.41.200.13
2026-08-24T12:26:00Z ERR failed to run the datagram handler error="context canceled" connIndex=0 event=0 ip=198.41.200.13
2026-08-24T12:26:00Z ERR failed to serve tunnel connection error="control stream encountered a failure while serving" connIndex=0 event=0 ip=198.41.200.13
2026-08-24T12:26:00Z ERR Serve tunnel error error="control stream encountered a failure while serving" connIndex=0 event=0 ip=198.41.200.13
2026-08-24T12:26:00Z INF Retrying connection in up to 1m4s connIndex=0 event=0 ip=198.41.200.13
2026-08-24T12:26:09Z INF Tunnel connection curve preferences: [X25519MLKEM768 CurveID(65074) CurveP256] connIndex=0 event=0 ip=198.41.200.13
2026-08-24T12:26:09Z ERR failed to run the datagram handler error="context canceled" connIndex=0 event=0 ip=198.41.200.13
2026-08-24T12:26:09Z ERR failed to serve tunnel connection error="control stream encountered a failure while serving" connIndex=0 event=0 ip=198.41.200.13
2026-08-24T12:26:09Z ERR Serve tunnel error error="control stream encountered a failure while serving" connIndex=0 event=0 ip=198.41.200.13
2026-08-24T12:26:09Z INF Retrying connection in up to 1m4s connIndex=0 event=0 ip=198.41.200.13
2026-08-24T12:26:23Z INF Tunnel connection curve preferences: [X25519MLKEM768 CurveID(65074) CurveP256] connIndex=0 event=0 ip=198.41.200.13
2026-08-24T12:26:23Z ERR failed to run the datagram handler error="context canceled" connIndex=0 event=0 ip=198.41.200.13
2026-08-24T12:26:23Z ERR failed to serve tunnel connection error="control stream encountered a failure while serving" connIndex=0 event=0 ip=198.41.200.13
2026-08-24T12:26:23Z ERR Serve tunnel error error="control stream encountered a failure while serving" connIndex=0 event=0 ip=198.41.200.13
2026-08-24T12:26:23Z INF Retrying connection in up to 1m4s connIndex=0 event=0 ip=198.41.200.13
2026-08-24T12:26:45Z INF Tunnel connection curve preferences: [X25519MLKEM768 CurveID(65074) CurveP256] connIndex=0 event=0 ip=198.41.200.13
2026-08-24T12:26:45Z ERR failed to run the datagram handler error="context canceled" connIndex=0 event=0 ip=198.41.200.13
2026-08-24T12:26:45Z ERR failed to serve tunnel connection error="control stream encountered a failure while serving" connIndex=0 event=0 ip=198.41.200.13
2026-08-24T12:26:45Z ERR Serve tunnel error error="control stream encountered a failure while serving" connIndex=0 event=0 ip=198.41.200.13
2026-08-24T12:26:45Z INF Retrying connection in up to 1m4s connIndex=0 event=0 ip=198.41.200.13
2026-08-24T12:38:59Z INF Tunnel connection curve preferences: [X25519MLKEM768 CurveID(65074) CurveP256] connIndex=0 event=0 ip=198.41.200.13
2026-08-24T12:39:00Z ERR failed to run the datagram handler error="context canceled" connIndex=0 event=0 ip=198.41.200.13
2026-08-24T12:39:00Z ERR failed to serve tunnel connection error="control stream encountered a failure while serving" connIndex=0 event=0 ip=198.41.200.13
2026-08-24T12:39:00Z ERR Serve tunnel error error="control stream encountered a failure while serving" connIndex=0 event=0 ip=198.41.200.13
2026-08-24T12:39:00Z INF Retrying connection in up to 1m4s connIndex=0 event=0 ip=198.41.200.13
2026-08-24T12:39:00Z INF Tunnel connection curve preferences: [X25519MLKEM768 CurveID(65074) CurveP256] connIndex=0 event=0 ip=198.41.200.13
2026-08-24T12:39:00Z ERR failed to run the datagram handler error="context canceled" connIndex=0 event=0 ip=198.41.200.13
2026-08-24T12:39:00Z ERR failed to serve tunnel connection error="control stream encountered a failure while serving" connIndex=0 event=0 ip=198.41.200.13
2026-08-24T12:39:00Z ERR Serve tunnel error error="control stream encountered a failure while serving" connIndex=0 event=0 ip=198.41.200.13
2026-08-24T12:39:00Z INF Retrying connection in up to 1m4s connIndex=0 event=0 ip=198.41.200.13
2026-08-24T12:39:03Z INF Tunnel connection curve preferences: [X25519MLKEM768 CurveID(65074) CurveP256] connIndex=0 event=0 ip=198.41.200.13
2026-08-24T12:39:03Z ERR failed to run the datagram handler error="context canceled" connIndex=0 event=0 ip=198.41.200.13
2026-08-24T12:39:03Z ERR failed to serve tunnel connection error="control stream encountered a failure while serving" connIndex=0 event=0 ip=198.41.200.13
2026-08-24T12:39:03Z ERR Serve tunnel error error="control stream encountered a failure while serving" connIndex=0 event=0 ip=198.41.200.13
2026-08-24T12:39:03Z INF Retrying connection in up to 1m4s connIndex=0 event=0 ip=198.41.200.13
2026-08-24T12:52:44Z INF Tunnel connection curve preferences: [X25519MLKEM768 CurveID(65074) CurveP256] connIndex=0 event=0 ip=198.41.200.13
2026-08-24T12:52:44Z ERR failed to run the datagram handler error="context canceled" connIndex=0 event=0 ip=198.41.200.13
2026-08-24T12:52:45Z ERR failed to serve tunnel connection error="control stream encountered a failure while serving" connIndex=0 event=0 ip=198.41.200.13
2026-08-24T12:52:45Z ERR Serve tunnel error error="control stream encountered a failure while serving" connIndex=0 event=0 ip=198.41.200.13
2026-08-24T12:52:45Z INF Retrying connection in up to 1m4s connIndex=0 event=0 ip=198.41.200.13
2026-08-24T12:54:19Z INF Tunnel connection curve preferences: [X25519MLKEM768 CurveID(65074) CurveP256] connIndex=0 event=0 ip=198.41.200.13
2026-08-24T12:54:20Z ERR failed to run the datagram handler error="context canceled" connIndex=0 event=0 ip=198.41.200.13
2026-08-24T12:54:20Z ERR failed to serve tunnel connection error="control stream encountered a failure while serving" connIndex=0 event=0 ip=198.41.200.13
2026-08-24T12:54:20Z ERR Serve tunnel error error="control stream encountered a failure while serving" connIndex=0 event=0 ip=198.41.200.13
2026-08-24T12:54:20Z INF Retrying connection in up to 1m4s connIndex=0 event=0 ip=198.41.200.13
2026-08-24T12:54:45Z INF Tunnel connection curve preferences: [X25519MLKEM768 CurveID(65074) CurveP256] connIndex=0 event=0 ip=198.41.200.13
2026-08-24T12:54:46Z ERR failed to run the datagram handler error="context canceled" connIndex=0 event=0 ip=198.41.200.13
2026-08-24T12:54:46Z ERR failed to serve tunnel connection error="control stream encountered a failure while serving" connIndex=0 event=0 ip=198.41.200.13
2026-08-24T12:54:46Z ERR Serve tunnel error error="control stream encountered a failure while serving" connIndex=0 event=0 ip=198.41.200.13
2026-08-24T12:54:46Z INF Retrying connection in up to 1m4s connIndex=0 event=0 ip=198.41.200.13
2026-08-24T12:55:05Z INF Tunnel connection curve preferences: [X25519MLKEM768 CurveID(65074) CurveP256] connIndex=0 event=0 ip=198.41.200.13
2026-08-24T12:55:05Z ERR failed to run the datagram handler error="context canceled" connIndex=0 event=0 ip=198.41.200.13
2026-08-24T12:55:05Z ERR failed to serve tunnel connection error="control stream encountered a failure while serving" connIndex=0 event=0 ip=198.41.200.13
2026-08-24T12:55:05Z ERR Serve tunnel error error="control stream encountered a failure while serving" connIndex=0 event=0 ip=198.41.200.13
2026-08-24T12:55:05Z INF Retrying connection in up to 1m4s connIndex=0 event=0 ip=198.41.200.13
2026-08-24T12:55:26Z INF Tunnel connection curve preferences: [X25519MLKEM768 CurveID(65074) CurveP256] connIndex=0 event=0 ip=198.41.200.13
2026-08-24T12:55:27Z ERR failed to run the datagram handler error="context canceled" connIndex=0 event=0 ip=198.41.200.13
2026-08-24T12:55:27Z ERR failed to serve tunnel connection error="control stream encountered a failure while serving" connIndex=0 event=0 ip=198.41.200.13
2026-08-24T12:55:27Z ERR Serve tunnel error error="control stream encountered a failure while serving" connIndex=0 event=0 ip=198.41.200.13
2026-08-24T12:55:27Z INF Retrying connection in up to 1m4s connIndex=0 event=0 ip=198.41.200.13
2026-08-24T12:55:28Z INF Tunnel connection curve preferences: [X25519MLKEM768 CurveID(65074) CurveP256] connIndex=0 event=0 ip=198.41.200.13
2026-08-24T12:55:30Z ERR failed to run the datagram handler error="context canceled" connIndex=0 event=0 ip=198.41.200.13
2026-08-24T12:55:30Z ERR failed to serve tunnel connection error="control stream encountered a failure while serving" connIndex=0 event=0 ip=198.41.200.13
2026-08-24T12:55:30Z ERR Serve tunnel error error="control stream encountered a failure while serving" connIndex=0 event=0 ip=198.41.200.13
2026-08-24T12:55:30Z INF Retrying connection in up to 1m4s connIndex=0 event=0 ip=198.41.200.13
2026-08-24T12:55:30Z INF Tunnel connection curve preferences: [X25519MLKEM768 CurveID(65074) CurveP256] connIndex=0 event=0 ip=198.41.200.13
2026-08-24T12:55:31Z ERR failed to run the datagram handler error="context canceled" connIndex=0 event=0 ip=198.41.200.13
2026-08-24T12:55:31Z ERR failed to serve tunnel connection error="control stream encountered a failure while serving" connIndex=0 event=0 ip=198.41.200.13
2026-08-24T12:55:31Z ERR Serve tunnel error error="control stream encountered a failure while serving" connIndex=0 event=0 ip=198.41.200.13
2026-08-24T12:55:31Z INF Retrying connection in up to 1m4s connIndex=0 event=0 ip=198.41.200.13
2026-08-24T12:55:54Z INF Tunnel connection curve preferences: [X25519MLKEM768 CurveID(65074) CurveP256] connIndex=0 event=0 ip=198.41.200.13
2026-08-24T12:55:55Z ERR failed to run the datagram handler error="context canceled" connIndex=0 event=0 ip=198.41.200.13
2026-08-24T12:55:55Z ERR failed to serve tunnel connection error="control stream encountered a failure while serving" connIndex=0 event=0 ip=198.41.200.13
2026-08-24T12:55:55Z ERR Serve tunnel error error="control stream encountered a failure while serving" connIndex=0 event=0 ip=198.41.200.13
2026-08-24T12:55:55Z INF Retrying connection in up to 1m4s connIndex=0 event=0 ip=198.41.200.13
2026-08-24T12:56:00Z INF Tunnel connection curve preferences: [X25519MLKEM768 CurveID(65074) CurveP256] connIndex=0 event=0 ip=198.41.200.13
2026-08-24T12:56:00Z ERR failed to run the datagram handler error="context canceled" connIndex=0 event=0 ip=198.41.200.13
2026-08-24T12:56:00Z ERR failed to serve tunnel connection error="control stream encountered a failure while serving" connIndex=0 event=0 ip=198.41.200.13
2026-08-24T12:56:00Z ERR Serve tunnel error error="control stream encountered a failure while serving" connIndex=0 event=0 ip=198.41.200.13
2026-08-24T12:56:00Z INF Retrying connection in up to 1m4s connIndex=0 event=0 ip=198.41.200.13
2026-08-24T12:56:30Z INF Tunnel connection curve preferences: [X25519MLKEM768 CurveID(65074) CurveP256] connIndex=0 event=0 ip=198.41.200.13
2026-08-24T12:56:31Z ERR failed to run the datagram handler error="context canceled" connIndex=0 event=0 ip=198.41.200.13
2026-08-24T12:56:31Z ERR failed to serve tunnel connection error="control stream encountered a failure while serving" connIndex=0 event=0 ip=198.41.200.13
2026-08-24T12:56:31Z ERR Serve tunnel error error="control stream encountered a failure while serving" connIndex=0 event=0 ip=198.41.200.13
2026-08-24T12:56:31Z INF Retrying connection in up to 1m4s connIndex=0 event=0 ip=198.41.200.13
2026-08-24T13:03:45Z INF Tunnel connection curve preferences: [X25519MLKEM768 CurveID(65074) CurveP256] connIndex=0 event=0 ip=198.41.200.13
2026-08-24T13:03:46Z ERR failed to run the datagram handler error="context canceled" connIndex=0 event=0 ip=198.41.200.13
2026-08-24T13:03:46Z ERR failed to serve tunnel connection error="control stream encountered a failure while serving" connIndex=0 event=0 ip=198.41.200.13
2026-08-24T13:03:46Z ERR Serve tunnel error error="control stream encountered a failure while serving" connIndex=0 event=0 ip=198.41.200.13
2026-08-24T13:03:46Z INF Retrying connection in up to 1m4s connIndex=0 event=0 ip=198.41.200.13
2026-08-24T13:03:52Z INF Tunnel connection curve preferences: [X25519MLKEM768 CurveID(65074) CurveP256] connIndex=0 event=0 ip=198.41.200.13
2026-08-24T13:03:52Z ERR failed to run the datagram handler error="context canceled" connIndex=0 event=0 ip=198.41.200.13
2026-08-24T13:03:52Z ERR failed to serve tunnel connection error="control stream encountered a failure while serving" connIndex=0 event=0 ip=198.41.200.13
2026-08-24T13:03:52Z ERR Serve tunnel error error="control stream encountered a failure while serving" connIndex=0 event=0 ip=198.41.200.13
2026-08-24T13:03:52Z INF Retrying connection in up to 1m4s connIndex=0 event=0 ip=198.41.200.13
2026-08-24T13:03:57Z INF Tunnel connection curve preferences: [X25519MLKEM768 CurveID(65074) CurveP256] connIndex=0 event=0 ip=198.41.200.13
2026-08-24T13:03:57Z ERR failed to run the datagram handler error="context canceled" connIndex=0 event=0 ip=198.41.200.13
2026-08-24T13:03:57Z ERR failed to serve tunnel connection error="control stream encountered a failure while serving" connIndex=0 event=0 ip=198.41.200.13
2026-08-24T13:03:57Z ERR Serve tunnel error error="control stream encountered a failure while serving" connIndex=0 event=0 ip=198.41.200.13
2026-08-24T13:03:57Z INF Retrying connection in up to 1m4s connIndex=0 event=0 ip=198.41.200.13
2026-08-24T13:19:35Z INF Tunnel connection curve preferences: [X25519MLKEM768 CurveID(65074) CurveP256] connIndex=0 event=0 ip=198.41.200.13
2026-08-24T13:19:35Z ERR failed to run the datagram handler error="context canceled" connIndex=0 event=0 ip=198.41.200.13
2026-08-24T13:19:35Z ERR failed to serve tunnel connection error="control stream encountered a failure while serving" connIndex=0 event=0 ip=198.41.200.13
2026-08-24T13:19:35Z ERR Serve tunnel error error="control stream encountered a failure while serving" connIndex=0 event=0 ip=198.41.200.13
2026-08-24T13:19:35Z INF Retrying connection in up to 1m4s connIndex=0 event=0 ip=198.41.200.13
2026-08-24T13:19:49Z INF Tunnel connection curve preferences: [X25519MLKEM768 CurveID(65074) CurveP256] connIndex=0 event=0 ip=198.41.200.13
2026-08-24T13:19:49Z ERR failed to run the datagram handler error="context canceled" connIndex=0 event=0 ip=198.41.200.13
2026-08-24T13:19:49Z ERR failed to serve tunnel connection error="control stream encountered a failure while serving" connIndex=0 event=0 ip=198.41.200.13
2026-08-24T13:19:49Z ERR Serve tunnel error error="control stream encountered a failure while serving" connIndex=0 event=0 ip=198.41.200.13
2026-08-24T13:19:49Z INF Retrying connection in up to 1m4s connIndex=0 event=0 ip=198.41.200.13
2026-08-24T13:46:50Z INF Tunnel connection curve preferences: [X25519MLKEM768 CurveID(65074) CurveP256] connIndex=0 event=0 ip=198.41.200.13
2026-08-24T13:46:50Z ERR failed to run the datagram handler error="context canceled" connIndex=0 event=0 ip=198.41.200.13
2026-08-24T13:46:50Z ERR failed to serve tunnel connection error="control stream encountered a failure while serving" connIndex=0 event=0 ip=198.41.200.13
2026-08-24T13:46:50Z ERR Serve tunnel error error="control stream encountered a failure while serving" connIndex=0 event=0 ip=198.41.200.13
2026-08-24T13:46:50Z INF Retrying connection in up to 1m4s connIndex=0 event=0 ip=198.41.200.13
2026-08-24T13:47:07Z INF Tunnel connection curve preferences: [X25519MLKEM768 CurveID(65074) CurveP256] connIndex=0 event=0 ip=198.41.200.13
2026-08-24T13:47:07Z ERR failed to run the datagram handler error="context canceled" connIndex=0 event=0 ip=198.41.200.13
2026-08-24T13:47:07Z ERR failed to serve tunnel connection error="control stream encountered a failure while serving" connIndex=0 event=0 ip=198.41.200.13
2026-08-24T13:47:07Z ERR Serve tunnel error error="control stream encountered a failure while serving" connIndex=0 event=0 ip=198.41.200.13
2026-08-24T13:47:07Z INF Retrying connection in up to 1m4s connIndex=0 event=0 ip=198.41.200.13
2026-08-24T13:50:52Z INF Tunnel connection curve preferences: [X25519MLKEM768 CurveID(65074) CurveP256] connIndex=0 event=0 ip=198.41.200.13
2026-08-24T13:50:52Z ERR failed to run the datagram handler error="context canceled" connIndex=0 event=0 ip=198.41.200.13
2026-08-24T13:50:52Z ERR failed to serve tunnel connection error="control stream encountered a failure while serving" connIndex=0 event=0 ip=198.41.200.13
2026-08-24T13:50:52Z ERR Serve tunnel error error="control stream encountered a failure while serving" connIndex=0 event=0 ip=198.41.200.13
2026-08-24T13:50:52Z INF Retrying connection in up to 1m4s connIndex=0 event=0 ip=198.41.200.13
2026-08-24T13:51:15Z INF Tunnel connection curve preferences: [X25519MLKEM768 CurveID(65074) CurveP256] connIndex=0 event=0 ip=198.41.200.13
2026-08-24T13:51:15Z ERR failed to run the datagram handler error="context canceled" connIndex=0 event=0 ip=198.41.200.13
2026-08-24T13:51:15Z ERR failed to serve tunnel connection error="control stream encountered a failure while serving" connIndex=0 event=0 ip=198.41.200.13
2026-08-24T13:51:15Z ERR Serve tunnel error error="control stream encountered a failure while serving" connIndex=0 event=0 ip=198.41.200.13
2026-08-24T13:51:15Z INF Retrying connection in up to 1m4s connIndex=0 event=0 ip=198.41.200.13
2026-08-24T13:51:32Z INF Tunnel connection curve preferences: [X25519MLKEM768 CurveID(65074) CurveP256] connIndex=0 event=0 ip=198.41.200.13
2026-08-24T13:51:34Z ERR failed to run the datagram handler error="context canceled" connIndex=0 event=0 ip=198.41.200.13
2026-08-24T13:51:34Z ERR failed to serve tunnel connection error="control stream encountered a failure while serving" connIndex=0 event=0 ip=198.41.200.13
2026-08-24T13:51:34Z ERR Serve tunnel error error="control stream encountered a failure while serving" connIndex=0 event=0 ip=198.41.200.13
2026-08-24T13:51:34Z INF Retrying connection in up to 1m4s connIndex=0 event=0 ip=198.41.200.13
2026-08-24T13:51:48Z INF Tunnel connection curve preferences: [X25519MLKEM768 CurveID(65074) CurveP256] connIndex=0 event=0 ip=198.41.200.13
2026-08-24T13:51:48Z ERR failed to run the datagram handler error="context canceled" connIndex=0 event=0 ip=198.41.200.13
2026-08-24T13:51:48Z ERR failed to serve tunnel connection error="control stream encountered a failure while serving" connIndex=0 event=0 ip=198.41.200.13
2026-08-24T13:51:48Z ERR Serve tunnel error error="control stream encountered a failure while serving" connIndex=0 event=0 ip=198.41.200.13
2026-08-24T13:51:48Z INF Retrying connection in up to 1m4s connIndex=0 event=0 ip=198.41.200.13
2026-08-24T13:52:00Z INF Tunnel connection curve preferences: [X25519MLKEM768 CurveID(65074) CurveP256] connIndex=0 event=0 ip=198.41.200.13
2026-08-24T13:52:00Z ERR failed to run the datagram handler error="context canceled" connIndex=0 event=0 ip=198.41.200.13
2026-08-24T13:52:00Z ERR failed to serve tunnel connection error="control stream encountered a failure while serving" connIndex=0 event=0 ip=198.41.200.13
2026-08-24T13:52:00Z ERR Serve tunnel error error="control stream encountered a failure while serving" connIndex=0 event=0 ip=198.41.200.13
2026-08-24T13:52:00Z INF Retrying connection in up to 1m4s connIndex=0 event=0 ip=198.41.200.13
2026-08-24T13:52:08Z INF Tunnel connection curve preferences: [X25519MLKEM768 CurveID(65074) CurveP256] connIndex=0 event=0 ip=198.41.200.13
2026-08-24T13:52:08Z ERR failed to run the datagram handler error="context canceled" connIndex=0 event=0 ip=198.41.200.13
2026-08-24T13:52:08Z ERR failed to serve tunnel connection error="control stream encountered a failure while serving" connIndex=0 event=0 ip=198.41.200.13
2026-08-24T13:52:08Z ERR Serve tunnel error error="control stream encountered a failure while serving" connIndex=0 event=0 ip=198.41.200.13
2026-08-24T13:52:08Z INF Retrying connection in up to 1m4s connIndex=0 event=0 ip=198.41.200.13
2026-08-24T13:52:24Z INF Tunnel connection curve preferences: [X25519MLKEM768 CurveID(65074) CurveP256] connIndex=0 event=0 ip=198.41.200.13
2026-08-24T13:52:24Z ERR failed to run the datagram handler error="context canceled" connIndex=0 event=0 ip=198.41.200.13
2026-08-24T13:52:24Z ERR failed to serve tunnel connection error="control stream encountered a failure while serving" connIndex=0 event=0 ip=198.41.200.13
2026-08-24T13:52:24Z ERR Serve tunnel error error="control stream encountered a failure while serving" connIndex=0 event=0 ip=198.41.200.13
2026-08-24T13:52:24Z INF Retrying connection in up to 1m4s connIndex=0 event=0 ip=198.41.200.13
2026-08-24T13:52:51Z INF Tunnel connection curve preferences: [X25519MLKEM768 CurveID(65074) CurveP256] connIndex=0 event=0 ip=198.41.200.13
2026-08-24T13:52:51Z ERR failed to run the datagram handler error="context canceled" connIndex=0 event=0 ip=198.41.200.13
2026-08-24T13:52:51Z ERR failed to serve tunnel connection error="control stream encountered a failure while serving" connIndex=0 event=0 ip=198.41.200.13
2026-08-24T13:52:51Z ERR Serve tunnel error error="control stream encountered a failure while serving" connIndex=0 event=0 ip=198.41.200.13
2026-08-24T13:52:51Z INF Retrying connection in up to 1m4s connIndex=0 event=0 ip=198.41.200.13
2026-08-24T13:53:08Z INF Tunnel connection curve preferences: [X25519MLKEM768 CurveID(65074) CurveP256] connIndex=0 event=0 ip=198.41.200.13
2026-08-24T13:53:08Z ERR failed to run the datagram handler error="context canceled" connIndex=0 event=0 ip=198.41.200.13
2026-08-24T13:53:08Z ERR failed to serve tunnel connection error="control stream encountered a failure while serving" connIndex=0 event=0 ip=198.41.200.13
2026-08-24T13:53:08Z ERR Serve tunnel error error="control stream encountered a failure while serving" connIndex=0 event=0 ip=198.41.200.13
2026-08-24T13:53:08Z INF Retrying connection in up to 1m4s connIndex=0 event=0 ip=198.41.200.13
2026-08-24T13:57:48Z INF Tunnel connection curve preferences: [X25519MLKEM768 CurveID(65074) CurveP256] connIndex=0 event=0 ip=198.41.200.13
2026-08-24T13:57:48Z ERR failed to run the datagram handler error="context canceled" connIndex=0 event=0 ip=198.41.200.13
2026-08-24T13:57:48Z ERR failed to serve tunnel connection error="control stream encountered a failure while serving" connIndex=0 event=0 ip=198.41.200.13
2026-08-24T13:57:48Z ERR Serve tunnel error error="control stream encountered a failure while serving" connIndex=0 event=0 ip=198.41.200.13
2026-08-24T13:57:48Z INF Retrying connection in up to 1m4s connIndex=0 event=0 ip=198.41.200.13
2026-08-24T13:58:13Z INF Tunnel connection curve preferences: [X25519MLKEM768 CurveID(65074) CurveP256] connIndex=0 event=0 ip=198.41.200.13
2026-08-24T13:58:13Z ERR failed to run the datagram handler error="context canceled" connIndex=0 event=0 ip=198.41.200.13
2026-08-24T13:58:13Z ERR failed to serve tunnel connection error="control stream encountered a failure while serving" connIndex=0 event=0 ip=198.41.200.13
2026-08-24T13:58:13Z ERR Serve tunnel error error="control stream encountered a failure while serving" connIndex=0 event=0 ip=198.41.200.13
2026-08-24T13:58:13Z INF Retrying connection in up to 1m4s connIndex=0 event=0 ip=198.41.200.13
2026-08-24T13:58:59Z INF Tunnel connection curve preferences: [X25519MLKEM768 CurveID(65074) CurveP256] connIndex=0 event=0 ip=198.41.200.13
2026-08-24T13:58:59Z ERR failed to run the datagram handler error="context canceled" connIndex=0 event=0 ip=198.41.200.13
2026-08-24T13:58:59Z ERR failed to serve tunnel connection error="control stream encountered a failure while serving" connIndex=0 event=0 ip=198.41.200.13
2026-08-24T13:58:59Z ERR Serve tunnel error error="control stream encountered a failure while serving" connIndex=0 event=0 ip=198.41.200.13
2026-08-24T13:58:59Z INF Retrying connection in up to 1m4s connIndex=0 event=0 ip=198.41.200.13
2026-08-24T13:59:10Z INF Tunnel connection curve preferences: [X25519MLKEM768 CurveID(65074) CurveP256] connIndex=0 event=0 ip=198.41.200.13
2026-08-24T13:59:10Z ERR failed to run the datagram handler error="context canceled" connIndex=0 event=0 ip=198.41.200.13
2026-08-24T13:59:10Z ERR failed to serve tunnel connection error="control stream encountered a failure while serving" connIndex=0 event=0 ip=198.41.200.13
2026-08-24T13:59:10Z ERR Serve tunnel error error="control stream encountered a failure while serving" connIndex=0 event=0 ip=198.41.200.13
2026-08-24T13:59:10Z INF Retrying connection in up to 1m4s connIndex=0 event=0 ip=198.41.200.13
2026-08-24T13:59:12Z INF Tunnel connection curve preferences: [X25519MLKEM768 CurveID(65074) CurveP256] connIndex=0 event=0 ip=198.41.200.13
2026-08-24T13:59:13Z ERR failed to run the datagram handler error="context canceled" connIndex=0 event=0 ip=198.41.200.13
2026-08-24T13:59:13Z ERR failed to serve tunnel connection error="control stream encountered a failure while serving" connIndex=0 event=0 ip=198.41.200.13
2026-08-24T13:59:13Z ERR Serve tunnel error error="control stream encountered a failure while serving" connIndex=0 event=0 ip=198.41.200.13
2026-08-24T13:59:13Z INF Retrying connection in up to 1m4s connIndex=0 event=0 ip=198.41.200.13
2026-08-24T13:59:14Z INF Tunnel connection curve preferences: [X25519MLKEM768 CurveID(65074) CurveP256] connIndex=0 event=0 ip=198.41.200.13
2026-08-24T13:59:14Z ERR failed to run the datagram handler error="context canceled" connIndex=0 event=0 ip=198.41.200.13
2026-08-24T13:59:14Z ERR failed to serve tunnel connection error="control stream encountered a failure while serving" connIndex=0 event=0 ip=198.41.200.13
2026-08-24T13:59:14Z ERR Serve tunnel error error="control stream encountered a failure while serving" connIndex=0 event=0 ip=198.41.200.13
2026-08-24T13:59:14Z INF Retrying connection in up to 1m4s connIndex=0 event=0 ip=198.41.200.13
2026-08-24T13:59:22Z INF Tunnel connection curve preferences: [X25519MLKEM768 CurveID(65074) CurveP256] connIndex=0 event=0 ip=198.41.200.13
2026-08-24T13:59:23Z ERR failed to run the datagram handler error="context canceled" connIndex=0 event=0 ip=198.41.200.13
2026-08-24T13:59:23Z ERR failed to serve tunnel connection error="control stream encountered a failure while serving" connIndex=0 event=0 ip=198.41.200.13
2026-08-24T13:59:23Z ERR Serve tunnel error error="control stream encountered a failure while serving" connIndex=0 event=0 ip=198.41.200.13
2026-08-24T13:59:23Z INF Retrying connection in up to 1m4s connIndex=0 event=0 ip=198.41.200.13
2026-08-24T13:59:37Z INF Tunnel connection curve preferences: [X25519MLKEM768 CurveID(65074) CurveP256] connIndex=0 event=0 ip=198.41.200.13
2026-08-24T13:59:37Z ERR failed to run the datagram handler error="context canceled" connIndex=0 event=0 ip=198.41.200.13
2026-08-24T13:59:37Z ERR failed to serve tunnel connection error="control stream encountered a failure while serving" connIndex=0 event=0 ip=198.41.200.13
2026-08-24T13:59:37Z ERR Serve tunnel error error="control stream encountered a failure while serving" connIndex=0 event=0 ip=198.41.200.13
2026-08-24T13:59:37Z INF Retrying connection in up to 1m4s connIndex=0 event=0 ip=198.41.200.13
2026-08-24T14:00:05Z INF Tunnel connection curve preferences: [X25519MLKEM768 CurveID(65074) CurveP256] connIndex=0 event=0 ip=198.41.200.13
2026-08-24T14:00:05Z ERR failed to run the datagram handler error="context canceled" connIndex=0 event=0 ip=198.41.200.13
2026-08-24T14:00:05Z ERR failed to serve tunnel connection error="control stream encountered a failure while serving" connIndex=0 event=0 ip=198.41.200.13
2026-08-24T14:00:05Z ERR Serve tunnel error error="control stream encountered a failure while serving" connIndex=0 event=0 ip=198.41.200.13
2026-08-24T14:00:05Z INF Retrying connection in up to 1m4s connIndex=0 event=0 ip=198.41.200.13
2026-08-24T14:00:34Z INF Tunnel connection curve preferences: [X25519MLKEM768 CurveID(65074) CurveP256] connIndex=0 event=0 ip=198.41.200.13
2026-08-24T14:00:34Z ERR failed to run the datagram handler error="context canceled" connIndex=0 event=0 ip=198.41.200.13
2026-08-24T14:00:34Z ERR failed to serve tunnel connection error="control stream encountered a failure while serving" connIndex=0 event=0 ip=198.41.200.13
2026-08-24T14:00:34Z ERR Serve tunnel error error="control stream encountered a failure while serving" connIndex=0 event=0 ip=198.41.200.13
2026-08-24T14:00:34Z INF Retrying connection in up to 1m4s connIndex=0 event=0 ip=198.41.200.13
2026-08-24T14:00:51Z INF Tunnel connection curve preferences: [X25519MLKEM768 CurveID(65074) CurveP256] connIndex=0 event=0 ip=198.41.200.13
2026-08-24T14:00:51Z ERR failed to run the datagram handler error="context canceled" connIndex=0 event=0 ip=198.41.200.13
2026-08-24T14:00:51Z ERR failed to serve tunnel connection error="control stream encountered a failure while serving" connIndex=0 event=0 ip=198.41.200.13
2026-08-24T14:00:51Z ERR Serve tunnel error error="control stream encountered a failure while serving" connIndex=0 event=0 ip=198.41.200.13
2026-08-24T14:00:51Z INF Retrying connection in up to 1m4s connIndex=0 event=0 ip=198.41.200.13
2026-08-24T14:01:16Z INF Tunnel connection curve preferences: [X25519MLKEM768 CurveID(65074) CurveP256] connIndex=0 event=0 ip=198.41.200.13
2026-08-24T14:01:17Z ERR Failed to dial a quic connection error="failed to dial to edge with quic: write udp [::]:54462->198.41.200.13:7844: sendmsg: network is unreachable" connIndex=0 event=0 ip=198.41.200.13
2026-08-24T14:01:17Z INF Retrying connection in up to 1m4s connIndex=0 event=0 ip=198.41.200.13
2026-08-24T14:01:27Z INF Tunnel connection curve preferences: [X25519MLKEM768 CurveID(65074) CurveP256] connIndex=0 event=0 ip=2606:4700:a8::9
2026-08-24T14:01:27Z ERR failed to run the datagram handler error="context canceled" connIndex=0 event=0 ip=2606:4700:a8::9
2026-08-24T14:01:27Z ERR failed to serve tunnel connection error="control stream encountered a failure while serving" connIndex=0 event=0 ip=2606:4700:a8::9
2026-08-24T14:01:27Z ERR Serve tunnel error error="control stream encountered a failure while serving" connIndex=0 event=0 ip=2606:4700:a8::9
2026-08-24T14:01:27Z INF Retrying connection in up to 1m4s connIndex=0 event=0 ip=2606:4700:a8::9
2026-08-24T14:01:52Z INF Tunnel connection curve preferences: [X25519MLKEM768 CurveID(65074) CurveP256] connIndex=0 event=0 ip=2606:4700:a8::9
2026-08-24T14:01:52Z ERR Failed to dial a quic connection error="failed to dial to edge with quic: write udp [::]:54462->[2606:4700:a8::9]:7844: sendmsg: network is unreachable" connIndex=0 event=0 ip=2606:4700:a8::9
2026-08-24T14:01:52Z INF Retrying connection in up to 1m4s connIndex=0 event=0 ip=2606:4700:a8::9
